{"level":"info","message":"Server running on port 3001","timestamp":"2025-09-26T17:47:57.505Z"}
{"level":"info","message":"Scanning for Arduino/CH340 devices...","timestamp":"2025-09-26T17:47:57.508Z"}
{"level":"warn","message":"Serial port COM7 not available, starting simulator","timestamp":"2025-09-26T17:47:57.509Z"}
{"level":"info","message":"Simulator mode activated","timestamp":"2025-09-26T17:47:57.510Z"}
{"accelerometer":{"x":0,"y":0,"z":1.3},"floodProbability":59,"landslideProbability":12,"level":"info","message":"Sensor data updated:","rain":0,"soilMoisture":29,"timestamp":"2025-09-26T17:47:59.513Z","vibration":0,"waterFlow":1,"waterLevel":78}
{"level":"info","message":"Server running on port 3001","timestamp":"2025-09-26T17:48:00.809Z"}
{"level":"info","message":"Scanning for Arduino/CH340 devices...","timestamp":"2025-09-26T17:48:00.813Z"}
{"level":"warn","message":"Serial port COM7 not available, starting simulator","timestamp":"2025-09-26T17:48:00.814Z"}
{"level":"info","message":"Simulator mode activated","timestamp":"2025-09-26T17:48:00.814Z"}
{"level":"info","message":"Server running on port 3001","timestamp":"2025-09-26T17:48:03.660Z"}
{"level":"info","message":"Scanning for Arduino/CH340 devices...","timestamp":"2025-09-26T17:48:03.664Z"}
{"level":"warn","message":"Serial port COM7 not available, starting simulator","timestamp":"2025-09-26T17:48:03.665Z"}
{"level":"info","message":"Simulator mode activated","timestamp":"2025-09-26T17:48:03.665Z"}
{"level":"info","message":"Server running on port 3001","timestamp":"2025-09-26T17:48:06.400Z"}
{"level":"info","message":"Scanning for Arduino/CH340 devices...","timestamp":"2025-09-26T17:48:06.405Z"}
{"level":"warn","message":"Serial port COM7 not available, starting simulator","timestamp":"2025-09-26T17:48:06.406Z"}
{"level":"info","message":"Simulator mode activated","timestamp":"2025-09-26T17:48:06.406Z"}
{"accelerometer":{"x":0,"y":0,"z":1.6},"floodProbability":64,"landslideProbability":37,"level":"info","message":"Sensor data updated:","rain":1,"soilMoisture":18,"timestamp":"2025-09-26T17:48:08.408Z","vibration":0,"waterFlow":0,"waterLevel":68}
{"accelerometer":{"x":0,"y":0,"z":0.2},"floodProbability":62,"landslideProbability":68,"level":"info","message":"Sensor data updated:","rain":1,"soilMoisture":94,"timestamp":"2025-09-26T17:48:10.424Z","vibration":0,"waterFlow":0,"waterLevel":63}
{"accelerometer":{"x":0,"y":0,"z":0.1},"floodProbability":26,"landslideProbability":16,"level":"info","message":"Sensor data updated:","rain":0,"soilMoisture":39,"timestamp":"2025-09-26T17:48:12.436Z","vibration":0,"waterFlow":0,"waterLevel":52}
{"accelerometer":{"x":0,"y":0,"z":0.7},"floodProbability":48,"landslideProbability":20,"level":"info","message":"Sensor data updated:","rain":0,"soilMoisture":49,"timestamp":"2025-09-26T17:48:14.443Z","vibration":0,"waterFlow":0,"waterLevel":95}
{"accelerometer":{"x":0,"y":0,"z":1.8},"floodProbability":46,"landslideProbability":27,"level":"info","message":"Sensor data updated:","rain":0,"soilMoisture":68,"timestamp":"2025-09-26T17:48:16.452Z","vibration":0,"waterFlow":1,"waterLevel":51}
{"accelerometer":{"x":0,"y":0,"z":0.3},"floodProbability":66,"landslideProbability":51,"level":"info","message":"Sensor data updated:","rain":1,"soilMoisture":52,"timestamp":"2025-09-26T17:48:18.463Z","vibration":0,"waterFlow":1,"waterLevel":32}
{"accelerometer":{"x":0,"y":0,"z":1.7},"floodProbability":5,"landslideProbability":18,"level":"info","message":"Sensor data updated:","rain":0,"soilMoisture":44,"timestamp":"2025-09-26T17:48:20.478Z","vibration":0,"waterFlow":0,"waterLevel":10}
{"accelerometer":{"x":0,"y":0,"z":-0.6},"floodProbability":42,"landslideProbability":22,"level":"info","message":"Sensor data updated:","rain":0,"soilMoisture":55,"timestamp":"2025-09-26T17:48:22.489Z","vibration":0,"waterFlow":1,"waterLevel":43}
{"accelerometer":{"x":0,"y":0,"z":1.3},"floodProbability":48,"landslideProbability":36,"level":"info","message":"Sensor data updated:","rain":0,"soilMoisture":90,"timestamp":"2025-09-26T17:48:24.490Z","vibration":0,"waterFlow":0,"waterLevel":95}
{"accelerometer":{"x":0,"y":0,"z":0.1},"floodProbability":38,"landslideProbability":12,"level":"info","message":"Sensor data updated:","rain":0,"soilMoisture":30,"timestamp":"2025-09-26T17:48:26.496Z","vibration":0,"waterFlow":0,"waterLevel":76}
{"accelerometer":{"x":0,"y":0,"z":-1},"floodProbability":1,"landslideProbability":3,"level":"info","message":"Sensor data updated:","rain":0,"soilMoisture":7,"timestamp":"2025-09-26T17:48:28.501Z","vibration":0,"waterFlow":0,"waterLevel":1}
{"accelerometer":{"x":0,"y":0,"z":0.4},"floodProbability":22,"landslideProbability":2,"level":"info","message":"Sensor data updated:","rain":0,"soilMoisture":6,"timestamp":"2025-09-26T17:48:30.510Z","vibration":0,"waterFlow":1,"waterLevel":3}
{"accelerometer":{"x":0,"y":0,"z":-0.4},"floodProbability":54,"landslideProbability":6,"level":"info","message":"Sensor data updated:","rain":0,"soilMoisture":14,"timestamp":"2025-09-26T17:48:32.517Z","vibration":0,"waterFlow":1,"waterLevel":67}
{"accelerometer":{"x":0,"y":0,"z":0.3},"floodProbability":3,"landslideProbability":8,"level":"info","message":"Sensor data updated:","rain":0,"soilMoisture":19,"timestamp":"2025-09-26T17:48:34.531Z","vibration":0,"waterFlow":0,"waterLevel":6}
{"accelerometer":{"x":0,"y":0,"z":-0.9},"floodProbability":85,"landslideProbability":49,"level":"info","message":"Sensor data updated:","rain":1,"soilMoisture":48,"timestamp":"2025-09-26T17:48:36.537Z","vibration":0,"waterFlow":1,"waterLevel":70}
{"accelerometer":{"x":0,"y":0,"z":-1.2},"floodProbability":15,"landslideProbability":8,"level":"info","message":"Sensor data updated:","rain":0,"soilMoisture":19,"timestamp":"2025-09-26T17:48:38.540Z","vibration":0,"waterFlow":0,"waterLevel":30}
{"accelerometer":{"x":0,"y":0,"z":-0.7},"floodProbability":60,"landslideProbability":31,"level":"info","message":"Sensor data updated:","rain":1,"soilMoisture":3,"timestamp":"2025-09-26T17:48:40.540Z","vibration":0,"waterFlow":1,"waterLevel":19}
{"accelerometer":{"x":0,"y":0,"z":0},"floodProbability":2,"landslideProbability":2,"level":"info","message":"Sensor data updated:","rain":0,"soilMoisture":6,"timestamp":"2025-09-26T17:48:42.548Z","vibration":0,"waterFlow":0,"waterLevel":3}
{"accelerometer":{"x":0,"y":0,"z":1.9},"floodProbability":9,"landslideProbability":2,"level":"info","message":"Sensor data updated:","rain":0,"soilMoisture":4,"timestamp":"2025-09-26T17:48:44.559Z","vibration":0,"waterFlow":0,"waterLevel":18}
{"accelerometer":{"x":0,"y":0,"z":1.9},"floodProbability":99,"landslideProbability":55,"level":"info","message":"Sensor data updated:","rain":1,"soilMoisture":63,"timestamp":"2025-09-26T17:48:46.572Z","vibration":0,"waterFlow":1,"waterLevel":98}
{"accelerometer":{"x":0,"y":0,"z":1.1},"floodProbability":7,"landslideProbability":37,"level":"info","message":"Sensor data updated:","rain":0,"soilMoisture":92,"timestamp":"2025-09-26T17:48:48.579Z","vibration":0,"waterFlow":0,"waterLevel":13}
{"accelerometer":{"x":0,"y":0,"z":1.1},"floodProbability":23,"landslideProbability":23,"level":"info","message":"Sensor data updated:","rain":0,"soilMoisture":58,"timestamp":"2025-09-26T17:48:50.589Z","vibration":0,"waterFlow":1,"waterLevel":5}
{"accelerometer":{"x":0,"y":0,"z":0.8},"floodProbability":58,"landslideProbability":28,"level":"info","message":"Sensor data updated:","rain":0,"soilMoisture":69,"timestamp":"2025-09-26T17:48:52.598Z","vibration":0,"waterFlow":1,"waterLevel":76}
{"accelerometer":{"x":0,"y":0,"z":-0.3},"floodProbability":44,"landslideProbability":46,"level":"info","message":"Sensor data updated:","rain":1,"soilMoisture":39,"timestamp":"2025-09-26T17:48:54.601Z","vibration":0,"waterFlow":0,"waterLevel":29}
{"accelerometer":{"x":0,"y":0,"z":-1.2},"floodProbability":11,"landslideProbability":12,"level":"info","message":"Sensor data updated:","rain":0,"soilMoisture":31,"timestamp":"2025-09-26T17:48:56.616Z","vibration":0,"waterFlow":0,"waterLevel":21}
{"accelerometer":{"x":0,"y":0,"z":0.5},"floodProbability":32,"landslideProbability":30,"level":"info","message":"Sensor data updated:","rain":0,"soilMoisture":76,"timestamp":"2025-09-26T17:48:58.625Z","vibration":0,"waterFlow":0,"waterLevel":63}
{"accelerometer":{"x":0,"y":0,"z":-1.3},"floodProbability":74,"landslideProbability":66,"level":"info","message":"Sensor data updated:","rain":1,"soilMoisture":91,"timestamp":"2025-09-26T17:49:00.630Z","vibration":0,"waterFlow":1,"waterLevel":49}
{"accelerometer":{"x":0,"y":0,"z":1.5},"floodProbability":45,"landslideProbability":64,"level":"info","message":"Sensor data updated:","rain":1,"soilMoisture":85,"timestamp":"2025-09-26T17:49:02.638Z","vibration":0,"waterFlow":0,"waterLevel":30}
{"accelerometer":{"x":0,"y":0,"z":1.1},"floodProbability":52,"landslideProbability":36,"level":"info","message":"Sensor data updated:","rain":0,"soilMoisture":89,"timestamp":"2025-09-26T17:49:04.648Z","vibration":0,"waterFlow":1,"waterLevel":64}
{"accelerometer":{"x":0,"y":0,"z":0.8},"floodProbability":79,"landslideProbability":45,"level":"info","message":"Sensor data updated:","rain":1,"soilMoisture":37,"timestamp":"2025-09-26T17:49:06.656Z","vibration":0,"waterFlow":1,"waterLevel":58}
{"accelerometer":{"x":0,"y":0,"z":-0.6},"floodProbability":49,"landslideProbability":63,"level":"info","message":"Sensor data updated:","rain":1,"soilMoisture":83,"timestamp":"2025-09-26T17:49:08.656Z","vibration":0,"waterFlow":0,"waterLevel":37}
{"accelerometer":{"x":0,"y":0,"z":-0.6},"floodProbability":69,"landslideProbability":48,"level":"info","message":"Sensor data updated:","rain":1,"soilMoisture":46,"timestamp":"2025-09-26T17:49:10.658Z","vibration":0,"waterFlow":0,"waterLevel":78}
{"accelerometer":{"x":0,"y":0,"z":-0.4},"floodProbability":32,"landslideProbability":56,"level":"info","message":"Sensor data updated:","rain":0,"soilMoisture":65,"timestamp":"2025-09-26T17:49:12.664Z","vibration":1,"waterFlow":1,"waterLevel":24}
{"accelerometer":{"x":0,"y":0,"z":1.9},"floodProbability":14,"landslideProbability":22,"level":"info","message":"Sensor data updated:","rain":0,"soilMoisture":54,"timestamp":"2025-09-26T17:49:14.676Z","vibration":0,"waterFlow":0,"waterLevel":29}
{"accelerometer":{"x":0,"y":0,"z":0.2},"floodProbability":55,"landslideProbability":56,"level":"info","message":"Sensor data updated:","rain":1,"soilMoisture":64,"timestamp":"2025-09-26T17:49:16.682Z","vibration":0,"waterFlow":0,"waterLevel":51}
{"accelerometer":{"x":0,"y":0,"z":-1.1},"floodProbability":59,"landslideProbability":44,"level":"info","message":"Sensor data updated:","rain":0,"soilMoisture":36,"timestamp":"2025-09-26T17:49:18.684Z","vibration":1,"waterFlow":1,"waterLevel":78}
{"accelerometer":{"x":0,"y":0,"z":-1.6},"floodProbability":66,"landslideProbability":62,"level":"info","message":"Sensor data updated:","rain":1,"soilMoisture":79,"timestamp":"2025-09-26T17:49:20.696Z","vibration":0,"waterFlow":0,"waterLevel":71}
{"accelerometer":{"x":0,"y":0,"z":0.5},"floodProbability":47,"landslideProbability":37,"level":"info","message":"Sensor data updated:","rain":0,"soilMoisture":92,"timestamp":"2025-09-26T17:49:22.708Z","vibration":0,"waterFlow":0,"waterLevel":94}
{"accelerometer":{"x":0,"y":0,"z":1.2},"floodProbability":7,"landslideProbability":30,"level":"info","message":"Sensor data updated:","rain":0,"soilMoisture":1,"timestamp":"2025-09-26T17:49:24.712Z","vibration":1,"waterFlow":0,"waterLevel":13}
{"accelerometer":{"x":0,"y":0,"z":-1.6},"floodProbability":50,"landslideProbability":31,"level":"info","message":"Sensor data updated:","rain":1,"soilMoisture":3,"timestamp":"2025-09-26T17:49:26.726Z","vibration":0,"waterFlow":0,"waterLevel":40}
{"accelerometer":{"x":0,"y":0,"z":0.9},"floodProbability":22,"landslideProbability":20,"level":"info","message":"Sensor data updated:","rain":0,"soilMoisture":49,"timestamp":"2025-09-26T17:49:28.740Z","vibration":0,"waterFlow":1,"waterLevel":3}
{"accelerometer":{"x":0,"y":0,"z":0.5},"floodProbability":28,"landslideProbability":2,"level":"info","message":"Sensor data updated:","rain":0,"soilMoisture":4,"timestamp":"2025-09-26T17:49:30.749Z","vibration":0,"waterFlow":1,"waterLevel":15}
{"accelerometer":{"x":0,"y":0,"z":-1},"floodProbability":40,"landslideProbability":27,"level":"info","message":"Sensor data updated:","rain":0,"soilMoisture":68,"timestamp":"2025-09-26T17:49:32.757Z","vibration":0,"waterFlow":1,"waterLevel":39}
{"accelerometer":{"x":0,"y":0,"z":0.2},"floodProbability":34,"landslideProbability":24,"level":"info","message":"Sensor data updated:","rain":0,"soilMoisture":59,"timestamp":"2025-09-26T17:49:34.767Z","vibration":0,"waterFlow":1,"waterLevel":27}
{"accelerometer":{"x":0,"y":0,"z":2},"floodProbability":35,"landslideProbability":26,"level":"info","message":"Sensor data updated:","rain":0,"soilMoisture":66,"timestamp":"2025-09-26T17:49:36.768Z","vibration":0,"waterFlow":0,"waterLevel":69}
{"accelerometer":{"x":0,"y":0,"z":0.8},"floodProbability":39,"landslideProbability":13,"level":"info","message":"Sensor data updated:","rain":0,"soilMoisture":33,"timestamp":"2025-09-26T17:49:38.780Z","vibration":0,"waterFlow":0,"waterLevel":78}
{"accelerometer":{"x":0,"y":0,"z":-0.2},"floodProbability":5,"landslideProbability":13,"level":"info","message":"Sensor data updated:","rain":0,"soilMoisture":0,"timestamp":"2025-09-26T17:49:40.788Z","vibration":0,"waterFlow":0,"waterLevel":10}
{"accelerometer":{"x":0,"y":0,"z":0.6},"floodProbability":62,"landslideProbability":55,"level":"info","message":"Sensor data updated:","rain":0,"soilMoisture":62,"timestamp":"2025-09-26T17:49:42.788Z","vibration":1,"waterFlow":1,"waterLevel":84}
{"accelerometer":{"x":0,"y":0,"z":1.5},"floodProbability":26,"landslideProbability":36,"level":"info","message":"Sensor data updated:","rain":0,"soilMoisture":89,"timestamp":"2025-09-26T17:49:44.797Z","vibration":0,"waterFlow":1,"waterLevel":11}
{"accelerometer":{"x":0,"y":0,"z":0.3},"floodProbability":7,"landslideProbability":25,"level":"info","message":"Sensor data updated:","rain":0,"soilMoisture":62,"timestamp":"2025-09-26T17:49:46.805Z","vibration":0,"waterFlow":0,"waterLevel":14}
{"accelerometer":{"x":0,"y":0,"z":-1.7},"floodProbability":57,"landslideProbability":61,"level":"info","message":"Sensor data updated:","rain":1,"soilMoisture":77,"timestamp":"2025-09-26T17:49:48.818Z","vibration":0,"waterFlow":1,"waterLevel":15}
{"accelerometer":{"x":0,"y":0,"z":0.1},"floodProbability":15,"landslideProbability":49,"level":"info","message":"Sensor data updated:","rain":0,"soilMoisture":47,"timestamp":"2025-09-26T17:49:50.821Z","vibration":1,"waterFlow":0,"waterLevel":30}
{"accelerometer":{"x":0,"y":0,"z":1.1},"floodProbability":52,"landslideProbability":0,"level":"info","message":"Sensor data updated:","rain":0,"soilMoisture":1,"timestamp":"2025-09-26T17:49:52.832Z","vibration":0,"waterFlow":1,"waterLevel":64}
{"level":"info","message":"Client connected:","timestamp":"2025-09-26T17:49:53.137Z"}
{"level":"info","message":"Client connected:","timestamp":"2025-09-26T17:49:53.140Z"}
{"accelerometer":{"x":0,"y":0,"z":0.9},"floodProbability":52,"landslideProbability":37,"level":"info","message":"Sensor data updated:","rain":0,"soilMoisture":93,"timestamp":"2025-09-26T17:49:54.834Z","vibration":0,"waterFlow":1,"waterLevel":0}
{"accelerometer":{"x":0,"y":0,"z":-0.1},"floodProbability":63,"landslideProbability":34,"level":"info","message":"Sensor data updated:","rain":1,"soilMoisture":10,"timestamp":"2025-09-26T17:49:56.849Z","vibration":0,"waterFlow":0,"waterLevel":66}
{"accelerometer":{"x":0,"y":0,"z":0},"floodProbability":7,"landslideProbability":65,"level":"info","message":"Sensor data updated:","rain":0,"soilMoisture":88,"timestamp":"2025-09-26T17:49:58.855Z","vibration":1,"waterFlow":0,"waterLevel":14}
{"accelerometer":{"x":0,"y":0,"z":-1.4},"floodProbability":19,"landslideProbability":10,"level":"info","message":"Sensor data updated:","rain":0,"soilMoisture":24,"timestamp":"2025-09-26T17:50:00.867Z","vibration":0,"waterFlow":0,"waterLevel":38}
{"accelerometer":{"x":0,"y":0,"z":-1},"floodProbability":24,"landslideProbability":27,"level":"info","message":"Sensor data updated:","rain":0,"soilMoisture":68,"timestamp":"2025-09-26T17:50:02.878Z","vibration":0,"waterFlow":0,"waterLevel":47}
{"accelerometer":{"x":0,"y":0,"z":2},"floodProbability":17,"landslideProbability":13,"level":"info","message":"Sensor data updated:","rain":0,"soilMoisture":33,"timestamp":"2025-09-26T17:50:04.880Z","vibration":0,"waterFlow":0,"waterLevel":33}
{"accelerometer":{"x":0,"y":0,"z":0.9},"floodProbability":78,"landslideProbability":68,"level":"info","message":"Sensor data updated:","rain":1,"soilMoisture":96,"timestamp":"2025-09-26T17:50:06.890Z","vibration":0,"waterFlow":0,"waterLevel":96}
{"accelerometer":{"x":0,"y":0,"z":1.2},"floodProbability":35,"landslideProbability":22,"level":"info","message":"Sensor data updated:","rain":0,"soilMoisture":54,"timestamp":"2025-09-26T17:50:08.895Z","vibration":0,"waterFlow":0,"waterLevel":70}
{"accelerometer":{"x":0,"y":0,"z":-1.3},"floodProbability":39,"landslideProbability":59,"level":"info","message":"Sensor data updated:","rain":0,"soilMoisture":72,"timestamp":"2025-09-26T17:50:10.904Z","vibration":1,"waterFlow":1,"waterLevel":37}
{"accelerometer":{"x":0,"y":0,"z":-0.8},"floodProbability":66,"landslideProbability":60,"level":"info","message":"Sensor data updated:","rain":1,"soilMoisture":76,"timestamp":"2025-09-26T17:50:12.915Z","vibration":0,"waterFlow":0,"waterLevel":72}
{"accelerometer":{"x":0,"y":0,"z":0},"floodProbability":87,"landslideProbability":65,"level":"info","message":"Sensor data updated:","rain":1,"soilMoisture":12,"timestamp":"2025-09-26T17:50:14.916Z","vibration":1,"waterFlow":1,"waterLevel":74}
{"accelerometer":{"x":0,"y":0,"z":-1.2},"floodProbability":52,"landslideProbability":34,"level":"info","message":"Sensor data updated:","rain":1,"soilMoisture":10,"timestamp":"2025-09-26T17:50:16.930Z","vibration":0,"waterFlow":0,"waterLevel":43}
{"accelerometer":{"x":0,"y":0,"z":-1.7},"floodProbability":35,"landslideProbability":64,"level":"info","message":"Sensor data updated:","rain":1,"soilMoisture":0,"timestamp":"2025-09-26T17:50:18.946Z","vibration":1,"waterFlow":0,"waterLevel":9}
{"accelerometer":{"x":0,"y":0,"z":-0.4},"floodProbability":34,"landslideProbability":34,"level":"info","message":"Sensor data updated:","rain":0,"soilMoisture":86,"timestamp":"2025-09-26T17:50:20.959Z","vibration":0,"waterFlow":0,"waterLevel":67}
{"accelerometer":{"x":0,"y":0,"z":-0.1},"floodProbability":12,"landslideProbability":23,"level":"info","message":"Sensor data updated:","rain":0,"soilMoisture":57,"timestamp":"2025-09-26T17:50:22.968Z","vibration":0,"waterFlow":0,"waterLevel":23}
{"accelerometer":{"x":0,"y":0,"z":0.9},"floodProbability":14,"landslideProbability":36,"level":"info","message":"Sensor data updated:","rain":0,"soilMoisture":15,"timestamp":"2025-09-26T17:50:24.979Z","vibration":1,"waterFlow":0,"waterLevel":28}
{"accelerometer":{"x":0,"y":0,"z":1.5},"floodProbability":43,"landslideProbability":77,"level":"info","message":"Sensor data updated:","rain":1,"soilMoisture":42,"timestamp":"2025-09-26T17:50:26.985Z","vibration":1,"waterFlow":0,"waterLevel":26}
{"accelerometer":{"x":0,"y":0,"z":1.1},"floodProbability":30,"landslideProbability":1,"level":"info","message":"Sensor data updated:","rain":0,"soilMoisture":2,"timestamp":"2025-09-26T17:50:28.988Z","vibration":0,"waterFlow":1,"waterLevel":20}
{"accelerometer":{"x":0,"y":0,"z":-2},"floodProbability":72,"landslideProbability":36,"level":"info","message":"Sensor data updated:","rain":1,"soilMoisture":16,"timestamp":"2025-09-26T17:50:31.002Z","vibration":0,"waterFlow":1,"waterLevel":43}
{"accelerometer":{"x":0,"y":0,"z":-0.8},"floodProbability":29,"landslideProbability":40,"level":"info","message":"Sensor data updated:","rain":0,"soilMoisture":25,"timestamp":"2025-09-26T17:50:33.014Z","vibration":1,"waterFlow":1,"waterLevel":17}
{"accelerometer":{"x":0,"y":0,"z":0.2},"floodProbability":25,"landslideProbability":51,"level":"info","message":"Sensor data updated:","rain":0,"soilMoisture":53,"timestamp":"2025-09-26T17:50:35.021Z","vibration":1,"waterFlow":0,"waterLevel":49}
{"accelerometer":{"x":0,"y":0,"z":1.7},"floodProbability":28,"landslideProbability":14,"level":"info","message":"Sensor data updated:","rain":0,"soilMoisture":34,"timestamp":"2025-09-26T17:50:37.025Z","vibration":0,"waterFlow":0,"waterLevel":57}
{"accelerometer":{"x":0,"y":0,"z":-1.6},"floodProbability":30,"landslideProbability":40,"level":"info","message":"Sensor data updated:","rain":0,"soilMoisture":26,"timestamp":"2025-09-26T17:50:39.036Z","vibration":1,"waterFlow":0,"waterLevel":59}
{"level":"info","message":"Client disconnected:","timestamp":"2025-09-26T17:50:39.738Z"}
{"level":"info","message":"Client disconnected:","timestamp":"2025-09-26T17:50:39.740Z"}
{"level":"info","message":"Client connected:","timestamp":"2025-09-26T17:50:40.056Z"}
{"level":"info","message":"Client connected:","timestamp":"2025-09-26T17:50:40.061Z"}
{"accelerometer":{"x":0,"y":0,"z":-0.2},"floodProbability":45,"landslideProbability":73,"level":"info","message":"Sensor data updated:","rain":1,"soilMoisture":32,"timestamp":"2025-09-26T17:50:41.049Z","vibration":1,"waterFlow":0,"waterLevel":31}
{"accelerometer":{"x":0,"y":0,"z":-0.8},"floodProbability":23,"landslideProbability":26,"level":"info","message":"Sensor data updated:","rain":0,"soilMoisture":65,"timestamp":"2025-09-26T17:50:43.062Z","vibration":0,"waterFlow":1,"waterLevel":6}
{"accelerometer":{"x":0,"y":0,"z":1},"floodProbability":3,"landslideProbability":48,"level":"info","message":"Sensor data updated:","rain":0,"soilMoisture":45,"timestamp":"2025-09-26T17:50:45.064Z","vibration":1,"waterFlow":0,"waterLevel":5}
{"accelerometer":{"x":0,"y":0,"z":-1.5},"floodProbability":55,"landslideProbability":49,"level":"info","message":"Sensor data updated:","rain":1,"soilMoisture":48,"timestamp":"2025-09-26T17:50:47.065Z","vibration":0,"waterFlow":0,"waterLevel":50}
{"accelerometer":{"x":0,"y":0,"z":-0.6},"floodProbability":31,"landslideProbability":58,"level":"info","message":"Sensor data updated:","rain":1,"soilMoisture":71,"timestamp":"2025-09-26T17:50:49.078Z","vibration":0,"waterFlow":0,"waterLevel":2}
{"accelerometer":{"x":0,"y":0,"z":1.1},"floodProbability":57,"landslideProbability":25,"level":"info","message":"Sensor data updated:","rain":0,"soilMoisture":62,"timestamp":"2025-09-26T17:50:51.090Z","vibration":0,"waterFlow":1,"waterLevel":75}
{"accelerometer":{"x":0,"y":0,"z":-0.6},"floodProbability":26,"landslideProbability":67,"level":"info","message":"Sensor data updated:","rain":0,"soilMoisture":93,"timestamp":"2025-09-26T17:50:53.097Z","vibration":1,"waterFlow":0,"waterLevel":51}
{"accelerometer":{"x":0,"y":0,"z":-1.1},"floodProbability":83,"landslideProbability":52,"level":"info","message":"Sensor data updated:","rain":1,"soilMoisture":55,"timestamp":"2025-09-26T17:50:55.108Z","vibration":0,"waterFlow":1,"waterLevel":65}
{"accelerometer":{"x":0,"y":0,"z":1.7},"floodProbability":64,"landslideProbability":30,"level":"info","message":"Sensor data updated:","rain":0,"soilMoisture":74,"timestamp":"2025-09-26T17:50:57.119Z","vibration":0,"waterFlow":1,"waterLevel":88}
{"accelerometer":{"x":0,"y":0,"z":1.3},"floodProbability":21,"landslideProbability":11,"level":"info","message":"Sensor data updated:","rain":0,"soilMoisture":27,"timestamp":"2025-09-26T17:50:59.134Z","vibration":0,"waterFlow":0,"waterLevel":41}
{"accelerometer":{"x":0,"y":0,"z":1.7},"floodProbability":68,"landslideProbability":63,"level":"info","message":"Sensor data updated:","rain":0,"soilMoisture":83,"timestamp":"2025-09-26T17:51:01.140Z","vibration":1,"waterFlow":1,"waterLevel":95}
{"accelerometer":{"x":0,"y":0,"z":-1.1},"floodProbability":53,"landslideProbability":21,"level":"info","message":"Sensor data updated:","rain":0,"soilMoisture":52,"timestamp":"2025-09-26T17:51:03.150Z","vibration":0,"waterFlow":1,"waterLevel":65}
{"accelerometer":{"x":0,"y":0,"z":0.8},"floodProbability":74,"landslideProbability":53,"level":"info","message":"Sensor data updated:","rain":1,"soilMoisture":58,"timestamp":"2025-09-26T17:51:05.165Z","vibration":0,"waterFlow":0,"waterLevel":87}
{"accelerometer":{"x":0,"y":0,"z":1.5},"floodProbability":79,"landslideProbability":74,"level":"info","message":"Sensor data updated:","rain":1,"soilMoisture":34,"timestamp":"2025-09-26T17:51:07.176Z","vibration":1,"waterFlow":1,"waterLevel":58}
{"accelerometer":{"x":0,"y":0,"z":-0.3},"floodProbability":29,"landslideProbability":47,"level":"info","message":"Sensor data updated:","rain":0,"soilMoisture":43,"timestamp":"2025-09-26T17:51:09.188Z","vibration":1,"waterFlow":0,"waterLevel":58}
{"accelerometer":{"x":0,"y":0,"z":0.7},"floodProbability":69,"landslideProbability":24,"level":"info","message":"Sensor data updated:","rain":0,"soilMoisture":60,"timestamp":"2025-09-26T17:51:11.194Z","vibration":0,"waterFlow":1,"waterLevel":98}
{"accelerometer":{"x":0,"y":0,"z":1.4},"floodProbability":37,"landslideProbability":22,"level":"info","message":"Sensor data updated:","rain":0,"soilMoisture":54,"timestamp":"2025-09-26T17:51:13.205Z","vibration":0,"waterFlow":1,"waterLevel":34}
{"accelerometer":{"x":0,"y":0,"z":-1.2},"floodProbability":87,"landslideProbability":69,"level":"info","message":"Sensor data updated:","rain":1,"soilMoisture":98,"timestamp":"2025-09-26T17:51:15.206Z","vibration":0,"waterFlow":1,"waterLevel":74}
{"accelerometer":{"x":0,"y":0,"z":-0.2},"floodProbability":33,"landslideProbability":20,"level":"info","message":"Sensor data updated:","rain":0,"soilMoisture":49,"timestamp":"2025-09-26T17:51:17.218Z","vibration":0,"waterFlow":0,"waterLevel":65}
{"accelerometer":{"x":0,"y":0,"z":-0.6},"floodProbability":30,"landslideProbability":22,"level":"info","message":"Sensor data updated:","rain":0,"soilMoisture":55,"timestamp":"2025-09-26T17:51:19.227Z","vibration":0,"waterFlow":1,"waterLevel":20}
{"accelerometer":{"x":0,"y":0,"z":1.7},"floodProbability":48,"landslideProbability":22,"level":"info","message":"Sensor data updated:","rain":0,"soilMoisture":55,"timestamp":"2025-09-26T17:51:21.238Z","vibration":0,"waterFlow":0,"waterLevel":95}
{"accelerometer":{"x":0,"y":0,"z":0},"floodProbability":38,"landslideProbability":46,"level":"info","message":"Sensor data updated:","rain":0,"soilMoisture":39,"timestamp":"2025-09-26T17:51:23.251Z","vibration":1,"waterFlow":0,"waterLevel":75}
{"accelerometer":{"x":0,"y":0,"z":-1.5},"floodProbability":36,"landslideProbability":31,"level":"info","message":"Sensor data updated:","rain":0,"soilMoisture":78,"timestamp":"2025-09-26T17:51:25.258Z","vibration":0,"waterFlow":1,"waterLevel":32}
{"accelerometer":{"x":0,"y":0,"z":-0.6},"floodProbability":53,"landslideProbability":47,"level":"info","message":"Sensor data updated:","rain":0,"soilMoisture":43,"timestamp":"2025-09-26T17:51:27.268Z","vibration":1,"waterFlow":1,"waterLevel":66}
{"accelerometer":{"x":0,"y":0,"z":1.2},"floodProbability":51,"landslideProbability":64,"level":"info","message":"Sensor data updated:","rain":1,"soilMoisture":11,"timestamp":"2025-09-26T17:51:29.279Z","vibration":1,"waterFlow":1,"waterLevel":1}
{"accelerometer":{"x":0,"y":0,"z":-1.4},"floodProbability":60,"landslideProbability":7,"level":"info","message":"Sensor data updated:","rain":0,"soilMoisture":18,"timestamp":"2025-09-26T17:51:31.293Z","vibration":0,"waterFlow":1,"waterLevel":80}
{"accelerometer":{"x":0,"y":0,"z":1},"floodProbability":23,"landslideProbability":21,"level":"info","message":"Sensor data updated:","rain":0,"soilMoisture":53,"timestamp":"2025-09-26T17:51:33.304Z","vibration":0,"waterFlow":0,"waterLevel":45}
{"accelerometer":{"x":0,"y":0,"z":0.2},"floodProbability":41,"landslideProbability":18,"level":"info","message":"Sensor data updated:","rain":0,"soilMoisture":45,"timestamp":"2025-09-26T17:51:35.319Z","vibration":0,"waterFlow":1,"waterLevel":41}
{"accelerometer":{"x":0,"y":0,"z":-1},"floodProbability":39,"landslideProbability":30,"level":"info","message":"Sensor data updated:","rain":0,"soilMoisture":74,"timestamp":"2025-09-26T17:51:37.321Z","vibration":0,"waterFlow":0,"waterLevel":77}
{"accelerometer":{"x":0,"y":0,"z":-0.8},"floodProbability":65,"landslideProbability":63,"level":"info","message":"Sensor data updated:","rain":1,"soilMoisture":7,"timestamp":"2025-09-26T17:51:39.333Z","vibration":1,"waterFlow":0,"waterLevel":69}
{"accelerometer":{"x":0,"y":0,"z":0.3},"floodProbability":17,"landslideProbability":7,"level":"info","message":"Sensor data updated:","rain":0,"soilMoisture":18,"timestamp":"2025-09-26T17:51:41.341Z","vibration":0,"waterFlow":0,"waterLevel":34}
{"accelerometer":{"x":0,"y":0,"z":0.6},"floodProbability":28,"landslideProbability":35,"level":"info","message":"Sensor data updated:","rain":0,"soilMoisture":13,"timestamp":"2025-09-26T17:51:43.348Z","vibration":1,"waterFlow":1,"waterLevel":16}
{"accelerometer":{"x":0,"y":0,"z":1.1},"floodProbability":31,"landslideProbability":25,"level":"info","message":"Sensor data updated:","rain":0,"soilMoisture":62,"timestamp":"2025-09-26T17:51:45.357Z","vibration":0,"waterFlow":1,"waterLevel":21}
{"accelerometer":{"x":0,"y":0,"z":0.2},"floodProbability":64,"landslideProbability":32,"level":"info","message":"Sensor data updated:","rain":0,"soilMoisture":80,"timestamp":"2025-09-26T17:51:47.363Z","vibration":0,"waterFlow":1,"waterLevel":87}
{"accelerometer":{"x":0,"y":0,"z":-0.5},"floodProbability":34,"landslideProbability":37,"level":"info","message":"Sensor data updated:","rain":0,"soilMoisture":92,"timestamp":"2025-09-26T17:51:49.375Z","vibration":0,"waterFlow":0,"waterLevel":68}
{"accelerometer":{"x":0,"y":0,"z":-1.2},"floodProbability":60,"landslideProbability":31,"level":"info","message":"Sensor data updated:","rain":1,"soilMoisture":3,"timestamp":"2025-09-26T17:51:51.387Z","vibration":0,"waterFlow":0,"waterLevel":60}
{"accelerometer":{"x":0,"y":0,"z":1},"floodProbability":56,"landslideProbability":38,"level":"info","message":"Sensor data updated:","rain":1,"soilMoisture":21,"timestamp":"2025-09-26T17:51:53.397Z","vibration":0,"waterFlow":0,"waterLevel":52}
{"accelerometer":{"x":0,"y":0,"z":1.4},"floodProbability":13,"landslideProbability":34,"level":"info","message":"Sensor data updated:","rain":0,"soilMoisture":86,"timestamp":"2025-09-26T17:51:55.406Z","vibration":0,"waterFlow":0,"waterLevel":26}
{"accelerometer":{"x":0,"y":0,"z":-1.9},"floodProbability":59,"landslideProbability":20,"level":"info","message":"Sensor data updated:","rain":0,"soilMoisture":50,"timestamp":"2025-09-26T17:51:57.413Z","vibration":0,"waterFlow":1,"waterLevel":78}
{"accelerometer":{"x":0,"y":0,"z":1.2},"floodProbability":68,"landslideProbability":22,"level":"info","message":"Sensor data updated:","rain":0,"soilMoisture":55,"timestamp":"2025-09-26T17:51:59.426Z","vibration":0,"waterFlow":1,"waterLevel":95}
{"accelerometer":{"x":0,"y":0,"z":-1.5},"floodProbability":9,"landslideProbability":30,"level":"info","message":"Sensor data updated:","rain":0,"soilMoisture":75,"timestamp":"2025-09-26T17:52:01.427Z","vibration":0,"waterFlow":0,"waterLevel":18}
{"accelerometer":{"x":0,"y":0,"z":-1.2},"floodProbability":37,"landslideProbability":61,"level":"info","message":"Sensor data updated:","rain":1,"soilMoisture":77,"timestamp":"2025-09-26T17:52:03.440Z","vibration":0,"waterFlow":0,"waterLevel":14}
{"accelerometer":{"x":0,"y":0,"z":0},"floodProbability":2,"landslideProbability":25,"level":"info","message":"Sensor data updated:","rain":0,"soilMoisture":63,"timestamp":"2025-09-26T17:52:05.449Z","vibration":0,"waterFlow":0,"waterLevel":3}
{"accelerometer":{"x":0,"y":0,"z":-1.4},"floodProbability":49,"landslideProbability":27,"level":"info","message":"Sensor data updated:","rain":0,"soilMoisture":68,"timestamp":"2025-09-26T17:52:07.454Z","vibration":0,"waterFlow":0,"waterLevel":97}
{"accelerometer":{"x":0,"y":0,"z":-0.3},"floodProbability":48,"landslideProbability":35,"level":"info","message":"Sensor data updated:","rain":1,"soilMoisture":12,"timestamp":"2025-09-26T17:52:09.462Z","vibration":0,"waterFlow":0,"waterLevel":36}
{"accelerometer":{"x":0,"y":0,"z":0},"floodProbability":53,"landslideProbability":46,"level":"info","message":"Sensor data updated:","rain":1,"soilMoisture":39,"timestamp":"2025-09-26T17:52:11.472Z","vibration":0,"waterFlow":1,"waterLevel":7}
{"accelerometer":{"x":0,"y":0,"z":-1.9},"floodProbability":28,"landslideProbability":5,"level":"info","message":"Sensor data updated:","rain":0,"soilMoisture":12,"timestamp":"2025-09-26T17:52:13.484Z","vibration":0,"waterFlow":1,"waterLevel":16}
{"accelerometer":{"x":0,"y":0,"z":-1.3},"floodProbability":78,"landslideProbability":44,"level":"info","message":"Sensor data updated:","rain":1,"soilMoisture":36,"timestamp":"2025-09-26T17:52:15.492Z","vibration":0,"waterFlow":1,"waterLevel":56}
{"accelerometer":{"x":0,"y":0,"z":-1.2},"floodProbability":31,"landslideProbability":54,"level":"info","message":"Sensor data updated:","rain":1,"soilMoisture":61,"timestamp":"2025-09-26T17:52:17.500Z","vibration":0,"waterFlow":0,"waterLevel":1}
{"accelerometer":{"x":0,"y":0,"z":1.9},"floodProbability":43,"landslideProbability":81,"level":"info","message":"Sensor data updated:","rain":1,"soilMoisture":52,"timestamp":"2025-09-26T17:52:19.511Z","vibration":1,"waterFlow":0,"waterLevel":25}
{"accelerometer":{"x":0,"y":0,"z":-0.7},"floodProbability":2,"landslideProbability":34,"level":"info","message":"Sensor data updated:","rain":0,"soilMoisture":86,"timestamp":"2025-09-26T17:52:21.519Z","vibration":0,"waterFlow":0,"waterLevel":4}
{"accelerometer":{"x":0,"y":0,"z":0},"floodProbability":68,"landslideProbability":16,"level":"info","message":"Sensor data updated:","rain":0,"soilMoisture":39,"timestamp":"2025-09-26T17:52:23.527Z","vibration":0,"waterFlow":1,"waterLevel":96}
{"accelerometer":{"x":0,"y":0,"z":0.8},"floodProbability":67,"landslideProbability":46,"level":"info","message":"Sensor data updated:","rain":1,"soilMoisture":40,"timestamp":"2025-09-26T17:52:25.541Z","vibration":0,"waterFlow":0,"waterLevel":73}
{"accelerometer":{"x":0,"y":0,"z":0.7},"floodProbability":44,"landslideProbability":60,"level":"info","message":"Sensor data updated:","rain":1,"soilMoisture":74,"timestamp":"2025-09-26T17:52:27.544Z","vibration":0,"waterFlow":0,"waterLevel":28}
{"accelerometer":{"x":0,"y":0,"z":0.9},"floodProbability":21,"landslideProbability":18,"level":"info","message":"Sensor data updated:","rain":0,"soilMoisture":45,"timestamp":"2025-09-26T17:52:29.552Z","vibration":0,"waterFlow":0,"waterLevel":41}
{"accelerometer":{"x":0,"y":0,"z":1.7},"floodProbability":33,"landslideProbability":68,"level":"info","message":"Sensor data updated:","rain":0,"soilMoisture":95,"timestamp":"2025-09-26T17:52:31.563Z","vibration":1,"waterFlow":0,"waterLevel":66}
{"accelerometer":{"x":0,"y":0,"z":1.7},"floodProbability":35,"landslideProbability":9,"level":"info","message":"Sensor data updated:","rain":0,"soilMoisture":23,"timestamp":"2025-09-26T17:52:33.572Z","vibration":0,"waterFlow":1,"waterLevel":29}
{"level":"info","message":"Client disconnected:","timestamp":"2025-09-26T17:52:34.668Z"}
{"level":"info","message":"Client disconnected:","timestamp":"2025-09-26T17:52:34.671Z"}
{"level":"info","message":"Client connected:","timestamp":"2025-09-26T17:52:35.280Z"}
{"level":"info","message":"Client connected:","timestamp":"2025-09-26T17:52:35.286Z"}
{"accelerometer":{"x":0,"y":0,"z":1},"floodProbability":2,"landslideProbability":33,"level":"info","message":"Sensor data updated:","rain":0,"soilMoisture":7,"timestamp":"2025-09-26T17:52:35.581Z","vibration":1,"waterFlow":0,"waterLevel":4}
{"accelerometer":{"x":0,"y":0,"z":-1.9},"floodProbability":43,"landslideProbability":67,"level":"info","message":"Sensor data updated:","rain":1,"soilMoisture":93,"timestamp":"2025-09-26T17:52:37.586Z","vibration":0,"waterFlow":0,"waterLevel":25}
{"accelerometer":{"x":0,"y":0,"z":-1.1},"floodProbability":31,"landslideProbability":5,"level":"info","message":"Sensor data updated:","rain":0,"soilMoisture":13,"timestamp":"2025-09-26T17:52:39.590Z","vibration":0,"waterFlow":0,"waterLevel":61}
{"accelerometer":{"x":0,"y":0,"z":0.2},"floodProbability":59,"landslideProbability":4,"level":"info","message":"Sensor data updated:","rain":0,"soilMoisture":10,"timestamp":"2025-09-26T17:52:41.605Z","vibration":0,"waterFlow":1,"waterLevel":78}
{"accelerometer":{"x":0,"y":0,"z":0.2},"floodProbability":45,"landslideProbability":33,"level":"info","message":"Sensor data updated:","rain":1,"soilMoisture":7,"timestamp":"2025-09-26T17:52:43.606Z","vibration":0,"waterFlow":0,"waterLevel":31}
{"accelerometer":{"x":0,"y":0,"z":0.4},"floodProbability":38,"landslideProbability":39,"level":"info","message":"Sensor data updated:","rain":0,"soilMoisture":98,"timestamp":"2025-09-26T17:52:45.610Z","vibration":0,"waterFlow":0,"waterLevel":76}
{"accelerometer":{"x":0,"y":0,"z":1.6},"floodProbability":59,"landslideProbability":19,"level":"info","message":"Sensor data updated:","rain":0,"soilMoisture":48,"timestamp":"2025-09-26T17:52:47.625Z","vibration":0,"waterFlow":1,"waterLevel":78}
{"accelerometer":{"x":0,"y":0,"z":0.2},"floodProbability":53,"landslideProbability":22,"level":"info","message":"Sensor data updated:","rain":0,"soilMoisture":55,"timestamp":"2025-09-26T17:52:49.638Z","vibration":0,"waterFlow":1,"waterLevel":65}
{"accelerometer":{"x":0,"y":0,"z":-1.7},"floodProbability":33,"landslideProbability":75,"level":"info","message":"Sensor data updated:","rain":1,"soilMoisture":38,"timestamp":"2025-09-26T17:52:51.642Z","vibration":1,"waterFlow":0,"waterLevel":6}
{"accelerometer":{"x":0,"y":0,"z":-1.2},"floodProbability":14,"landslideProbability":64,"level":"info","message":"Sensor data updated:","rain":0,"soilMoisture":86,"timestamp":"2025-09-26T17:52:53.652Z","vibration":1,"waterFlow":0,"waterLevel":28}
{"accelerometer":{"x":0,"y":0,"z":-1.3},"floodProbability":37,"landslideProbability":10,"level":"info","message":"Sensor data updated:","rain":0,"soilMoisture":24,"timestamp":"2025-09-26T17:52:55.661Z","vibration":0,"waterFlow":0,"waterLevel":74}
{"accelerometer":{"x":0,"y":0,"z":1},"floodProbability":67,"landslideProbability":22,"level":"info","message":"Sensor data updated:","rain":0,"soilMoisture":54,"timestamp":"2025-09-26T17:52:57.661Z","vibration":0,"waterFlow":1,"waterLevel":93}
{"accelerometer":{"x":0,"y":0,"z":1.1},"floodProbability":56,"landslideProbability":18,"level":"info","message":"Sensor data updated:","rain":0,"soilMoisture":45,"timestamp":"2025-09-26T17:52:59.669Z","vibration":0,"waterFlow":1,"waterLevel":73}
{"accelerometer":{"x":0,"y":0,"z":1.7},"floodProbability":59,"landslideProbability":59,"level":"info","message":"Sensor data updated:","rain":1,"soilMoisture":72,"timestamp":"2025-09-26T17:53:01.680Z","vibration":0,"waterFlow":1,"waterLevel":18}
{"accelerometer":{"x":0,"y":0,"z":-1},"floodProbability":9,"landslideProbability":70,"level":"info","message":"Sensor data updated:","rain":0,"soilMoisture":99,"timestamp":"2025-09-26T17:53:03.687Z","vibration":1,"waterFlow":0,"waterLevel":0}
{"accelerometer":{"x":0,"y":0,"z":1.6},"floodProbability":50,"landslideProbability":7,"level":"info","message":"Sensor data updated:","rain":0,"soilMoisture":17,"timestamp":"2025-09-26T17:53:05.689Z","vibration":0,"waterFlow":0,"waterLevel":99}
{"accelerometer":{"x":0,"y":0,"z":-0.1},"floodProbability":38,"landslideProbability":50,"level":"info","message":"Sensor data updated:","rain":1,"soilMoisture":49,"timestamp":"2025-09-26T17:53:07.703Z","vibration":0,"waterFlow":0,"waterLevel":16}
{"accelerometer":{"x":0,"y":0,"z":-0.2},"floodProbability":27,"landslideProbability":44,"level":"info","message":"Sensor data updated:","rain":0,"soilMoisture":34,"timestamp":"2025-09-26T17:53:09.706Z","vibration":1,"waterFlow":0,"waterLevel":53}
{"accelerometer":{"x":0,"y":0,"z":0.7},"floodProbability":93,"landslideProbability":80,"level":"info","message":"Sensor data updated:","rain":1,"soilMoisture":49,"timestamp":"2025-09-26T17:53:11.710Z","vibration":1,"waterFlow":1,"waterLevel":85}
{"accelerometer":{"x":0,"y":0,"z":0.6},"floodProbability":44,"landslideProbability":8,"level":"info","message":"Sensor data updated:","rain":0,"soilMoisture":21,"timestamp":"2025-09-26T17:53:13.722Z","vibration":0,"waterFlow":0,"waterLevel":87}
{"accelerometer":{"x":0,"y":0,"z":-1.6},"floodProbability":50,"landslideProbability":53,"level":"info","message":"Sensor data updated:","rain":0,"soilMoisture":58,"timestamp":"2025-09-26T17:53:15.727Z","vibration":1,"waterFlow":0,"waterLevel":99}
{"accelerometer":{"x":0,"y":0,"z":-0.7},"floodProbability":28,"landslideProbability":9,"level":"info","message":"Sensor data updated:","rain":0,"soilMoisture":22,"timestamp":"2025-09-26T17:53:17.745Z","vibration":0,"waterFlow":1,"waterLevel":16}
{"accelerometer":{"x":0,"y":0,"z":-1.3},"floodProbability":30,"landslideProbability":12,"level":"info","message":"Sensor data updated:","rain":0,"soilMoisture":29,"timestamp":"2025-09-26T17:53:19.747Z","vibration":0,"waterFlow":1,"waterLevel":19}
{"accelerometer":{"x":0,"y":0,"z":0.8},"floodProbability":78,"landslideProbability":71,"level":"info","message":"Sensor data updated:","rain":1,"soilMoisture":28,"timestamp":"2025-09-26T17:53:21.749Z","vibration":1,"waterFlow":1,"waterLevel":56}
{"accelerometer":{"x":0,"y":0,"z":-0.2},"floodProbability":25,"landslideProbability":14,"level":"info","message":"Sensor data updated:","rain":0,"soilMoisture":36,"timestamp":"2025-09-26T17:53:23.898Z","vibration":0,"waterFlow":1,"waterLevel":9}
{"accelerometer":{"x":0,"y":0,"z":1.6},"floodProbability":24,"landslideProbability":18,"level":"info","message":"Sensor data updated:","rain":0,"soilMoisture":44,"timestamp":"2025-09-26T17:53:25.772Z","vibration":0,"waterFlow":0,"waterLevel":48}
{"accelerometer":{"x":0,"y":0,"z":-0.8},"floodProbability":5,"landslideProbability":25,"level":"info","message":"Sensor data updated:","rain":0,"soilMoisture":63,"timestamp":"2025-09-26T17:53:27.816Z","vibration":0,"waterFlow":0,"waterLevel":10}
{"accelerometer":{"x":0,"y":0,"z":0.5},"floodProbability":67,"landslideProbability":62,"level":"info","message":"Sensor data updated:","rain":1,"soilMoisture":79,"timestamp":"2025-09-26T17:53:29.786Z","vibration":0,"waterFlow":0,"waterLevel":74}
{"accelerometer":{"x":0,"y":0,"z":1.4},"floodProbability":34,"landslideProbability":2,"level":"info","message":"Sensor data updated:","rain":0,"soilMoisture":5,"timestamp":"2025-09-26T17:53:31.798Z","vibration":0,"waterFlow":0,"waterLevel":68}
{"accelerometer":{"x":0,"y":0,"z":0.7},"floodProbability":36,"landslideProbability":3,"level":"info","message":"Sensor data updated:","rain":0,"soilMoisture":7,"timestamp":"2025-09-26T17:53:33.804Z","vibration":0,"waterFlow":1,"waterLevel":31}
{"accelerometer":{"x":0,"y":0,"z":2},"floodProbability":44,"landslideProbability":13,"level":"info","message":"Sensor data updated:","rain":0,"soilMoisture":33,"timestamp":"2025-09-26T17:53:35.809Z","vibration":0,"waterFlow":0,"waterLevel":88}
{"accelerometer":{"x":0,"y":0,"z":1.4},"floodProbability":25,"landslideProbability":11,"level":"info","message":"Sensor data updated:","rain":0,"soilMoisture":28,"timestamp":"2025-09-26T17:53:37.813Z","vibration":0,"waterFlow":1,"waterLevel":9}
{"accelerometer":{"x":0,"y":0,"z":1.8},"floodProbability":12,"landslideProbability":27,"level":"info","message":"Sensor data updated:","rain":0,"soilMoisture":67,"timestamp":"2025-09-26T17:53:39.827Z","vibration":0,"waterFlow":0,"waterLevel":23}
{"accelerometer":{"x":0,"y":0,"z":1.3},"floodProbability":15,"landslideProbability":30,"level":"info","message":"Sensor data updated:","rain":0,"soilMoisture":76,"timestamp":"2025-09-26T17:53:41.835Z","vibration":0,"waterFlow":0,"waterLevel":30}
{"accelerometer":{"x":0,"y":0,"z":0.8},"floodProbability":54,"landslideProbability":50,"level":"info","message":"Sensor data updated:","rain":1,"soilMoisture":50,"timestamp":"2025-09-26T17:53:43.849Z","vibration":0,"waterFlow":0,"waterLevel":48}
{"accelerometer":{"x":0,"y":0,"z":-0.2},"floodProbability":23,"landslideProbability":38,"level":"info","message":"Sensor data updated:","rain":0,"soilMoisture":94,"timestamp":"2025-09-26T17:53:45.860Z","vibration":0,"waterFlow":0,"waterLevel":45}
{"accelerometer":{"x":0,"y":0,"z":-0.7},"floodProbability":15,"landslideProbability":4,"level":"info","message":"Sensor data updated:","rain":0,"soilMoisture":11,"timestamp":"2025-09-26T17:53:47.872Z","vibration":0,"waterFlow":0,"waterLevel":30}
{"accelerometer":{"x":0,"y":0,"z":1.5},"floodProbability":70,"landslideProbability":68,"level":"info","message":"Sensor data updated:","rain":1,"soilMoisture":96,"timestamp":"2025-09-26T17:53:49.884Z","vibration":0,"waterFlow":0,"waterLevel":80}
{"accelerometer":{"x":0,"y":0,"z":-1.8},"floodProbability":61,"landslideProbability":34,"level":"info","message":"Sensor data updated:","rain":1,"soilMoisture":9,"timestamp":"2025-09-26T17:53:51.898Z","vibration":0,"waterFlow":1,"waterLevel":21}
{"accelerometer":{"x":0,"y":0,"z":0.8},"floodProbability":71,"landslideProbability":69,"level":"info","message":"Sensor data updated:","rain":1,"soilMoisture":98,"timestamp":"2025-09-26T17:53:53.912Z","vibration":0,"waterFlow":1,"waterLevel":41}
{"accelerometer":{"x":0,"y":0,"z":-1.6},"floodProbability":39,"landslideProbability":16,"level":"info","message":"Sensor data updated:","rain":0,"soilMoisture":39,"timestamp":"2025-09-26T17:53:55.926Z","vibration":0,"waterFlow":0,"waterLevel":77}
{"accelerometer":{"x":0,"y":0,"z":-1.6},"floodProbability":40,"landslideProbability":14,"level":"info","message":"Sensor data updated:","rain":0,"soilMoisture":35,"timestamp":"2025-09-26T17:53:58.035Z","vibration":0,"waterFlow":0,"waterLevel":79}
{"accelerometer":{"x":0,"y":0,"z":0.9},"floodProbability":21,"landslideProbability":16,"level":"info","message":"Sensor data updated:","rain":0,"soilMoisture":40,"timestamp":"2025-09-26T17:53:59.941Z","vibration":0,"waterFlow":1,"waterLevel":2}
{"accelerometer":{"x":0,"y":0,"z":1.8},"floodProbability":71,"landslideProbability":63,"level":"info","message":"Sensor data updated:","rain":1,"soilMoisture":82,"timestamp":"2025-09-26T17:54:01.945Z","vibration":0,"waterFlow":0,"waterLevel":81}
{"accelerometer":{"x":0,"y":0,"z":-1.6},"floodProbability":53,"landslideProbability":34,"level":"info","message":"Sensor data updated:","rain":1,"soilMoisture":11,"timestamp":"2025-09-26T17:54:03.951Z","vibration":0,"waterFlow":1,"waterLevel":7}
{"accelerometer":{"x":0,"y":0,"z":-0.5},"floodProbability":17,"landslideProbability":16,"level":"info","message":"Sensor data updated:","rain":0,"soilMoisture":39,"timestamp":"2025-09-26T17:54:05.962Z","vibration":0,"waterFlow":0,"waterLevel":33}
{"accelerometer":{"x":0,"y":0,"z":1.2},"floodProbability":33,"landslideProbability":31,"level":"info","message":"Sensor data updated:","rain":1,"soilMoisture":2,"timestamp":"2025-09-26T17:54:07.977Z","vibration":0,"waterFlow":0,"waterLevel":5}
{"accelerometer":{"x":0,"y":0,"z":-0.1},"floodProbability":56,"landslideProbability":62,"level":"info","message":"Sensor data updated:","rain":1,"soilMoisture":79,"timestamp":"2025-09-26T17:54:09.987Z","vibration":0,"waterFlow":0,"waterLevel":52}
{"accelerometer":{"x":0,"y":0,"z":0},"floodProbability":30,"landslideProbability":2,"level":"info","message":"Sensor data updated:","rain":0,"soilMoisture":4,"timestamp":"2025-09-26T17:54:11.996Z","vibration":0,"waterFlow":1,"waterLevel":20}
{"accelerometer":{"x":0,"y":0,"z":-0.3},"floodProbability":40,"landslideProbability":33,"level":"info","message":"Sensor data updated:","rain":0,"soilMoisture":82,"timestamp":"2025-09-26T17:54:14.006Z","vibration":0,"waterFlow":0,"waterLevel":79}
{"accelerometer":{"x":0,"y":0,"z":-1.7},"floodProbability":35,"landslideProbability":87,"level":"info","message":"Sensor data updated:","rain":1,"soilMoisture":68,"timestamp":"2025-09-26T17:54:16.015Z","vibration":1,"waterFlow":0,"waterLevel":9}
{"accelerometer":{"x":0,"y":0,"z":1.7},"floodProbability":22,"landslideProbability":10,"level":"info","message":"Sensor data updated:","rain":0,"soilMoisture":26,"timestamp":"2025-09-26T17:54:18.023Z","vibration":0,"waterFlow":1,"waterLevel":3}
{"accelerometer":{"x":0,"y":0,"z":0},"floodProbability":52,"landslideProbability":70,"level":"info","message":"Sensor data updated:","rain":0,"soilMoisture":99,"timestamp":"2025-09-26T17:54:20.032Z","vibration":1,"waterFlow":1,"waterLevel":63}
{"accelerometer":{"x":0,"y":0,"z":0},"floodProbability":37,"landslideProbability":40,"level":"info","message":"Sensor data updated:","rain":0,"soilMoisture":26,"timestamp":"2025-09-26T17:54:22.044Z","vibration":1,"waterFlow":0,"waterLevel":73}
{"accelerometer":{"x":0,"y":0,"z":-1.3},"floodProbability":27,"landslideProbability":18,"level":"info","message":"Sensor data updated:","rain":0,"soilMoisture":46,"timestamp":"2025-09-26T17:54:24.045Z","vibration":0,"waterFlow":1,"waterLevel":13}
{"accelerometer":{"x":0,"y":0,"z":-0.7},"floodProbability":46,"landslideProbability":44,"level":"info","message":"Sensor data updated:","rain":0,"soilMoisture":35,"timestamp":"2025-09-26T17:54:26.077Z","vibration":1,"waterFlow":1,"waterLevel":51}
{"accelerometer":{"x":0,"y":0,"z":0.2},"floodProbability":26,"landslideProbability":0,"level":"info","message":"Sensor data updated:","rain":0,"soilMoisture":1,"timestamp":"2025-09-26T17:54:28.055Z","vibration":0,"waterFlow":0,"waterLevel":51}
{"accelerometer":{"x":0,"y":0,"z":1.4},"floodProbability":53,"landslideProbability":12,"level":"info","message":"Sensor data updated:","rain":0,"soilMoisture":31,"timestamp":"2025-09-26T17:54:30.060Z","vibration":0,"waterFlow":1,"waterLevel":66}
{"accelerometer":{"x":0,"y":0,"z":1.2},"floodProbability":30,"landslideProbability":8,"level":"info","message":"Sensor data updated:","rain":0,"soilMoisture":19,"timestamp":"2025-09-26T17:54:32.072Z","vibration":0,"waterFlow":1,"waterLevel":19}
{"accelerometer":{"x":0,"y":0,"z":1.7},"floodProbability":93,"landslideProbability":90,"level":"info","message":"Sensor data updated:","rain":1,"soilMoisture":76,"timestamp":"2025-09-26T17:54:34.074Z","vibration":1,"waterFlow":1,"waterLevel":85}
{"accelerometer":{"x":0,"y":0,"z":-2},"floodProbability":32,"landslideProbability":14,"level":"info","message":"Sensor data updated:","rain":0,"soilMoisture":35,"timestamp":"2025-09-26T17:54:36.095Z","vibration":0,"waterFlow":0,"waterLevel":64}
{"accelerometer":{"x":0,"y":0,"z":0.1},"floodProbability":18,"landslideProbability":1,"level":"info","message":"Sensor data updated:","rain":0,"soilMoisture":2,"timestamp":"2025-09-26T17:54:38.104Z","vibration":0,"waterFlow":0,"waterLevel":36}
{"accelerometer":{"x":0,"y":0,"z":1.3},"floodProbability":42,"landslideProbability":68,"level":"info","message":"Sensor data updated:","rain":1,"soilMoisture":96,"timestamp":"2025-09-26T17:54:40.116Z","vibration":0,"waterFlow":0,"waterLevel":23}
{"accelerometer":{"x":0,"y":0,"z":-0.1},"floodProbability":94,"landslideProbability":38,"level":"info","message":"Sensor data updated:","rain":1,"soilMoisture":20,"timestamp":"2025-09-26T17:54:42.110Z","vibration":0,"waterFlow":1,"waterLevel":87}
{"accelerometer":{"x":0,"y":0,"z":1.5},"floodProbability":45,"landslideProbability":4,"level":"info","message":"Sensor data updated:","rain":0,"soilMoisture":9,"timestamp":"2025-09-26T17:54:44.122Z","vibration":0,"waterFlow":1,"waterLevel":49}
{"accelerometer":{"x":0,"y":0,"z":-1.8},"floodProbability":72,"landslideProbability":38,"level":"info","message":"Sensor data updated:","rain":1,"soilMoisture":21,"timestamp":"2025-09-26T17:54:46.125Z","vibration":0,"waterFlow":0,"waterLevel":84}
{"accelerometer":{"x":0,"y":0,"z":1.1},"floodProbability":39,"landslideProbability":37,"level":"info","message":"Sensor data updated:","rain":0,"soilMoisture":18,"timestamp":"2025-09-26T17:54:48.138Z","vibration":1,"waterFlow":1,"waterLevel":37}
{"accelerometer":{"x":0,"y":0,"z":2},"floodProbability":13,"landslideProbability":65,"level":"info","message":"Sensor data updated:","rain":0,"soilMoisture":88,"timestamp":"2025-09-26T17:54:50.151Z","vibration":1,"waterFlow":0,"waterLevel":26}
{"accelerometer":{"x":0,"y":0,"z":-1.3},"floodProbability":52,"landslideProbability":42,"level":"info","message":"Sensor data updated:","rain":1,"soilMoisture":29,"timestamp":"2025-09-26T17:54:52.161Z","vibration":0,"waterFlow":0,"waterLevel":44}
{"accelerometer":{"x":0,"y":0,"z":-0.6},"floodProbability":4,"landslideProbability":17,"level":"info","message":"Sensor data updated:","rain":0,"soilMoisture":42,"timestamp":"2025-09-26T17:54:54.174Z","vibration":0,"waterFlow":0,"waterLevel":8}
{"accelerometer":{"x":0,"y":0,"z":1},"floodProbability":70,"landslideProbability":36,"level":"info","message":"Sensor data updated:","rain":0,"soilMoisture":91,"timestamp":"2025-09-26T17:54:56.184Z","vibration":0,"waterFlow":1,"waterLevel":99}
{"accelerometer":{"x":0,"y":0,"z":-0.7},"floodProbability":49,"landslideProbability":34,"level":"info","message":"Sensor data updated:","rain":0,"soilMoisture":84,"timestamp":"2025-09-26T17:54:58.184Z","vibration":0,"waterFlow":0,"waterLevel":97}
{"accelerometer":{"x":0,"y":0,"z":-0.4},"floodProbability":15,"landslideProbability":29,"level":"info","message":"Sensor data updated:","rain":0,"soilMoisture":72,"timestamp":"2025-09-26T17:55:00.193Z","vibration":0,"waterFlow":0,"waterLevel":30}
{"accelerometer":{"x":0,"y":0,"z":-1},"floodProbability":46,"landslideProbability":2,"level":"info","message":"Sensor data updated:","rain":0,"soilMoisture":5,"timestamp":"2025-09-26T17:55:02.207Z","vibration":0,"waterFlow":1,"waterLevel":52}
{"accelerometer":{"x":0,"y":0,"z":-2},"floodProbability":43,"landslideProbability":30,"level":"info","message":"Sensor data updated:","rain":0,"soilMoisture":75,"timestamp":"2025-09-26T17:55:04.212Z","vibration":0,"waterFlow":1,"waterLevel":45}
{"accelerometer":{"x":0,"y":0,"z":-0.4},"floodProbability":12,"landslideProbability":6,"level":"info","message":"Sensor data updated:","rain":0,"soilMoisture":16,"timestamp":"2025-09-26T17:55:06.222Z","vibration":0,"waterFlow":0,"waterLevel":23}
{"accelerometer":{"x":0,"y":0,"z":0.9},"floodProbability":70,"landslideProbability":9,"level":"info","message":"Sensor data updated:","rain":0,"soilMoisture":23,"timestamp":"2025-09-26T17:55:08.223Z","vibration":0,"waterFlow":1,"waterLevel":99}
{"accelerometer":{"x":0,"y":0,"z":-0.9},"floodProbability":34,"landslideProbability":53,"level":"info","message":"Sensor data updated:","rain":1,"soilMoisture":58,"timestamp":"2025-09-26T17:55:10.224Z","vibration":0,"waterFlow":0,"waterLevel":7}
{"accelerometer":{"x":0,"y":0,"z":-1.1},"floodProbability":25,"landslideProbability":33,"level":"info","message":"Sensor data updated:","rain":0,"soilMoisture":82,"timestamp":"2025-09-26T17:55:12.233Z","vibration":0,"waterFlow":1,"waterLevel":9}
{"accelerometer":{"x":0,"y":0,"z":-0.9},"floodProbability":11,"landslideProbability":34,"level":"info","message":"Sensor data updated:","rain":0,"soilMoisture":85,"timestamp":"2025-09-26T17:55:14.236Z","vibration":0,"waterFlow":0,"waterLevel":21}
{"accelerometer":{"x":0,"y":0,"z":1.5},"floodProbability":60,"landslideProbability":80,"level":"info","message":"Sensor data updated:","rain":1,"soilMoisture":51,"timestamp":"2025-09-26T17:55:16.238Z","vibration":1,"waterFlow":0,"waterLevel":60}
{"accelerometer":{"x":0,"y":0,"z":-1.1},"floodProbability":43,"landslideProbability":34,"level":"info","message":"Sensor data updated:","rain":0,"soilMoisture":84,"timestamp":"2025-09-26T17:55:18.240Z","vibration":0,"waterFlow":1,"waterLevel":46}
{"accelerometer":{"x":0,"y":0,"z":-0.9},"floodProbability":46,"landslideProbability":23,"level":"info","message":"Sensor data updated:","rain":0,"soilMoisture":58,"timestamp":"2025-09-26T17:55:20.248Z","vibration":0,"waterFlow":0,"waterLevel":92}
{"accelerometer":{"x":0,"y":0,"z":-0.4},"floodProbability":28,"landslideProbability":22,"level":"info","message":"Sensor data updated:","rain":0,"soilMoisture":54,"timestamp":"2025-09-26T17:55:22.251Z","vibration":0,"waterFlow":0,"waterLevel":55}
{"accelerometer":{"x":0,"y":0,"z":-1.8},"floodProbability":29,"landslideProbability":20,"level":"info","message":"Sensor data updated:","rain":0,"soilMoisture":49,"timestamp":"2025-09-26T17:55:24.262Z","vibration":0,"waterFlow":1,"waterLevel":17}
{"accelerometer":{"x":0,"y":0,"z":-0.5},"floodProbability":49,"landslideProbability":37,"level":"info","message":"Sensor data updated:","rain":0,"soilMoisture":92,"timestamp":"2025-09-26T17:55:26.269Z","vibration":0,"waterFlow":0,"waterLevel":97}
{"accelerometer":{"x":0,"y":0,"z":1.1},"floodProbability":54,"landslideProbability":32,"level":"info","message":"Sensor data updated:","rain":1,"soilMoisture":4,"timestamp":"2025-09-26T17:55:28.274Z","vibration":0,"waterFlow":1,"waterLevel":8}
{"accelerometer":{"x":0,"y":0,"z":-0.9},"floodProbability":58,"landslideProbability":61,"level":"info","message":"Sensor data updated:","rain":0,"soilMoisture":78,"timestamp":"2025-09-26T17:55:30.275Z","vibration":1,"waterFlow":1,"waterLevel":76}
{"accelerometer":{"x":0,"y":0,"z":1.1},"floodProbability":37,"landslideProbability":50,"level":"info","message":"Sensor data updated:","rain":0,"soilMoisture":51,"timestamp":"2025-09-26T17:55:32.284Z","vibration":1,"waterFlow":0,"waterLevel":74}
{"accelerometer":{"x":0,"y":0,"z":-2},"floodProbability":36,"landslideProbability":35,"level":"info","message":"Sensor data updated:","rain":0,"soilMoisture":88,"timestamp":"2025-09-26T17:55:34.293Z","vibration":0,"waterFlow":0,"waterLevel":72}
{"accelerometer":{"x":0,"y":0,"z":-0.4},"floodProbability":78,"landslideProbability":53,"level":"info","message":"Sensor data updated:","rain":1,"soilMoisture":58,"timestamp":"2025-09-26T17:55:36.299Z","vibration":0,"waterFlow":0,"waterLevel":97}
{"level":"info","message":"Client disconnected:","timestamp":"2025-09-26T17:55:36.948Z"}
{"level":"info","message":"Client disconnected:","timestamp":"2025-09-26T17:55:36.957Z"}
{"accelerometer":{"x":0,"y":0,"z":-1.8},"floodProbability":87,"landslideProbability":59,"level":"info","message":"Sensor data updated:","rain":1,"soilMoisture":72,"timestamp":"2025-09-26T17:55:38.307Z","vibration":0,"waterFlow":1,"waterLevel":74}
{"accelerometer":{"x":0,"y":0,"z":-0.3},"floodProbability":28,"landslideProbability":46,"level":"info","message":"Sensor data updated:","rain":0,"soilMoisture":40,"timestamp":"2025-09-26T17:55:40.311Z","vibration":1,"waterFlow":0,"waterLevel":55}
{"accelerometer":{"x":0,"y":0,"z":-1.7},"floodProbability":54,"landslideProbability":62,"level":"info","message":"Sensor data updated:","rain":1,"soilMoisture":4,"timestamp":"2025-09-26T17:55:42.316Z","vibration":1,"waterFlow":0,"waterLevel":49}
{"accelerometer":{"x":0,"y":0,"z":1.4},"floodProbability":25,"landslideProbability":20,"level":"info","message":"Sensor data updated:","rain":0,"soilMoisture":51,"timestamp":"2025-09-26T17:55:44.323Z","vibration":0,"waterFlow":0,"waterLevel":49}
{"accelerometer":{"x":0,"y":0,"z":-1.7},"floodProbability":6,"landslideProbability":39,"level":"info","message":"Sensor data updated:","rain":0,"soilMoisture":22,"timestamp":"2025-09-26T17:55:46.327Z","vibration":1,"waterFlow":0,"waterLevel":11}
{"accelerometer":{"x":0,"y":0,"z":1.2},"floodProbability":57,"landslideProbability":48,"level":"info","message":"Sensor data updated:","rain":1,"soilMoisture":45,"timestamp":"2025-09-26T17:55:48.340Z","vibration":0,"waterFlow":0,"waterLevel":55}
{"accelerometer":{"x":0,"y":0,"z":-2},"floodProbability":77,"landslideProbability":57,"level":"info","message":"Sensor data updated:","rain":1,"soilMoisture":68,"timestamp":"2025-09-26T17:55:50.351Z","vibration":0,"waterFlow":1,"waterLevel":54}
{"accelerometer":{"x":0,"y":0,"z":0.6},"floodProbability":87,"landslideProbability":44,"level":"info","message":"Sensor data updated:","rain":1,"soilMoisture":35,"timestamp":"2025-09-26T17:55:52.355Z","vibration":0,"waterFlow":1,"waterLevel":73}
{"accelerometer":{"x":0,"y":0,"z":-0.8},"floodProbability":21,"landslideProbability":21,"level":"info","message":"Sensor data updated:","rain":0,"soilMoisture":53,"timestamp":"2025-09-26T17:55:54.366Z","vibration":0,"waterFlow":0,"waterLevel":41}
{"accelerometer":{"x":0,"y":0,"z":-1.9},"floodProbability":12,"landslideProbability":22,"level":"info","message":"Sensor data updated:","rain":0,"soilMoisture":54,"timestamp":"2025-09-26T17:55:56.380Z","vibration":0,"waterFlow":0,"waterLevel":23}
{"accelerometer":{"x":0,"y":0,"z":-1.6},"floodProbability":49,"landslideProbability":1,"level":"info","message":"Sensor data updated:","rain":0,"soilMoisture":3,"timestamp":"2025-09-26T17:55:58.396Z","vibration":0,"waterFlow":0,"waterLevel":97}
{"accelerometer":{"x":0,"y":0,"z":0.7},"floodProbability":55,"landslideProbability":16,"level":"info","message":"Sensor data updated:","rain":0,"soilMoisture":41,"timestamp":"2025-09-26T17:56:00.406Z","vibration":0,"waterFlow":1,"waterLevel":70}
{"accelerometer":{"x":0,"y":0,"z":-1.7},"floodProbability":52,"landslideProbability":56,"level":"info","message":"Sensor data updated:","rain":1,"soilMoisture":65,"timestamp":"2025-09-26T17:56:02.408Z","vibration":0,"waterFlow":0,"waterLevel":44}
{"accelerometer":{"x":0,"y":0,"z":1.4},"floodProbability":64,"landslideProbability":99,"level":"info","message":"Sensor data updated:","rain":1,"soilMoisture":98,"timestamp":"2025-09-26T17:56:04.411Z","vibration":1,"waterFlow":0,"waterLevel":68}
{"accelerometer":{"x":0,"y":0,"z":-1.6},"floodProbability":52,"landslideProbability":65,"level":"info","message":"Sensor data updated:","rain":1,"soilMoisture":87,"timestamp":"2025-09-26T17:56:06.414Z","vibration":0,"waterFlow":1,"waterLevel":4}
{"accelerometer":{"x":0,"y":0,"z":1.2},"floodProbability":6,"landslideProbability":0,"level":"info","message":"Sensor data updated:","rain":0,"soilMoisture":1,"timestamp":"2025-09-26T17:56:08.419Z","vibration":0,"waterFlow":0,"waterLevel":12}
{"accelerometer":{"x":0,"y":0,"z":-1.2},"floodProbability":91,"landslideProbability":30,"level":"info","message":"Sensor data updated:","rain":1,"soilMoisture":0,"timestamp":"2025-09-26T17:56:10.428Z","vibration":0,"waterFlow":1,"waterLevel":81}
{"accelerometer":{"x":0,"y":0,"z":1.6},"floodProbability":44,"landslideProbability":30,"level":"info","message":"Sensor data updated:","rain":1,"soilMoisture":0,"timestamp":"2025-09-26T17:56:12.435Z","vibration":0,"waterFlow":0,"waterLevel":29}
{"accelerometer":{"x":0,"y":0,"z":-0.9},"floodProbability":81,"landslideProbability":54,"level":"info","message":"Sensor data updated:","rain":1,"soilMoisture":59,"timestamp":"2025-09-26T17:56:14.440Z","vibration":0,"waterFlow":1,"waterLevel":61}
{"accelerometer":{"x":0,"y":0,"z":-1.9},"floodProbability":46,"landslideProbability":35,"level":"info","message":"Sensor data updated:","rain":0,"soilMoisture":13,"timestamp":"2025-09-26T17:56:16.447Z","vibration":1,"waterFlow":1,"waterLevel":51}
{"accelerometer":{"x":0,"y":0,"z":1.9},"floodProbability":40,"landslideProbability":37,"level":"info","message":"Sensor data updated:","rain":0,"soilMoisture":92,"timestamp":"2025-09-26T17:56:18.458Z","vibration":0,"waterFlow":0,"waterLevel":79}
{"accelerometer":{"x":0,"y":0,"z":0.7},"floodProbability":41,"landslideProbability":15,"level":"info","message":"Sensor data updated:","rain":0,"soilMoisture":37,"timestamp":"2025-09-26T17:56:20.473Z","vibration":0,"waterFlow":0,"waterLevel":81}
{"accelerometer":{"x":0,"y":0,"z":0.3},"floodProbability":30,"landslideProbability":39,"level":"info","message":"Sensor data updated:","rain":0,"soilMoisture":23,"timestamp":"2025-09-26T17:56:22.481Z","vibration":1,"waterFlow":1,"waterLevel":19}
{"accelerometer":{"x":0,"y":0,"z":-1.9},"floodProbability":30,"landslideProbability":10,"level":"info","message":"Sensor data updated:","rain":0,"soilMoisture":26,"timestamp":"2025-09-26T17:56:24.483Z","vibration":0,"waterFlow":1,"waterLevel":20}
{"accelerometer":{"x":0,"y":0,"z":-0.4},"floodProbability":25,"landslideProbability":30,"level":"info","message":"Sensor data updated:","rain":0,"soilMoisture":75,"timestamp":"2025-09-26T17:56:26.941Z","vibration":0,"waterFlow":0,"waterLevel":49}
{"level":"info","message":"Client connected:","timestamp":"2025-09-26T17:56:27.809Z"}
{"level":"info","message":"Client connected:","timestamp":"2025-09-26T17:56:27.836Z"}
{"accelerometer":{"x":0,"y":0,"z":0.2},"floodProbability":65,"landslideProbability":37,"level":"info","message":"Sensor data updated:","rain":1,"soilMoisture":17,"timestamp":"2025-09-26T17:56:28.942Z","vibration":0,"waterFlow":1,"waterLevel":30}
{"accelerometer":{"x":0,"y":0,"z":0.9},"floodProbability":63,"landslideProbability":30,"level":"info","message":"Sensor data updated:","rain":0,"soilMoisture":74,"timestamp":"2025-09-26T17:56:30.950Z","vibration":0,"waterFlow":1,"waterLevel":86}
{"accelerometer":{"x":0,"y":0,"z":0.7},"floodProbability":35,"landslideProbability":8,"level":"info","message":"Sensor data updated:","rain":0,"soilMoisture":19,"timestamp":"2025-09-26T17:56:32.953Z","vibration":0,"waterFlow":1,"waterLevel":29}
{"accelerometer":{"x":0,"y":0,"z":0.9},"floodProbability":29,"landslideProbability":1,"level":"info","message":"Sensor data updated:","rain":0,"soilMoisture":3,"timestamp":"2025-09-26T17:56:34.957Z","vibration":0,"waterFlow":0,"waterLevel":58}
{"accelerometer":{"x":0,"y":0,"z":0.3},"floodProbability":70,"landslideProbability":68,"level":"info","message":"Sensor data updated:","rain":1,"soilMoisture":19,"timestamp":"2025-09-26T17:56:36.962Z","vibration":1,"waterFlow":1,"waterLevel":40}
{"accelerometer":{"x":0,"y":0,"z":0.8},"floodProbability":17,"landslideProbability":37,"level":"info","message":"Sensor data updated:","rain":0,"soilMoisture":18,"timestamp":"2025-09-26T17:56:38.971Z","vibration":1,"waterFlow":0,"waterLevel":34}
{"accelerometer":{"x":0,"y":0,"z":0.9},"floodProbability":54,"landslideProbability":47,"level":"info","message":"Sensor data updated:","rain":1,"soilMoisture":43,"timestamp":"2025-09-26T17:56:40.985Z","vibration":0,"waterFlow":1,"waterLevel":8}
{"accelerometer":{"x":0,"y":0,"z":0.5},"floodProbability":17,"landslideProbability":39,"level":"info","message":"Sensor data updated:","rain":0,"soilMoisture":22,"timestamp":"2025-09-26T17:56:42.997Z","vibration":1,"waterFlow":0,"waterLevel":33}
{"accelerometer":{"x":0,"y":0,"z":1.2},"floodProbability":75,"landslideProbability":33,"level":"info","message":"Sensor data updated:","rain":1,"soilMoisture":7,"timestamp":"2025-09-26T17:56:45.004Z","vibration":0,"waterFlow":1,"waterLevel":51}
{"accelerometer":{"x":0,"y":0,"z":0.3},"floodProbability":46,"landslideProbability":30,"level":"info","message":"Sensor data updated:","rain":0,"soilMoisture":76,"timestamp":"2025-09-26T17:56:47.008Z","vibration":0,"waterFlow":0,"waterLevel":91}
{"accelerometer":{"x":0,"y":0,"z":0.7},"floodProbability":34,"landslideProbability":44,"level":"info","message":"Sensor data updated:","rain":1,"soilMoisture":34,"timestamp":"2025-09-26T17:56:49.012Z","vibration":0,"waterFlow":0,"waterLevel":8}
{"accelerometer":{"x":0,"y":0,"z":-1},"floodProbability":74,"landslideProbability":88,"level":"info","message":"Sensor data updated:","rain":1,"soilMoisture":69,"timestamp":"2025-09-26T17:56:51.022Z","vibration":1,"waterFlow":1,"waterLevel":48}
{"accelerometer":{"x":0,"y":0,"z":-1.3},"floodProbability":29,"landslideProbability":6,"level":"info","message":"Sensor data updated:","rain":0,"soilMoisture":16,"timestamp":"2025-09-26T17:56:53.026Z","vibration":0,"waterFlow":1,"waterLevel":18}
{"accelerometer":{"x":0,"y":0,"z":-0.7},"floodProbability":19,"landslideProbability":45,"level":"info","message":"Sensor data updated:","rain":0,"soilMoisture":37,"timestamp":"2025-09-26T17:56:55.037Z","vibration":1,"waterFlow":0,"waterLevel":37}
{"accelerometer":{"x":0,"y":0,"z":-0.5},"floodProbability":66,"landslideProbability":32,"level":"info","message":"Sensor data updated:","rain":1,"soilMoisture":6,"timestamp":"2025-09-26T17:56:57.038Z","vibration":0,"waterFlow":0,"waterLevel":71}
{"accelerometer":{"x":0,"y":0,"z":1},"floodProbability":38,"landslideProbability":2,"level":"info","message":"Sensor data updated:","rain":0,"soilMoisture":4,"timestamp":"2025-09-26T17:56:59.051Z","vibration":0,"waterFlow":0,"waterLevel":76}
{"accelerometer":{"x":0,"y":0,"z":1.3},"floodProbability":50,"landslideProbability":16,"level":"info","message":"Sensor data updated:","rain":0,"soilMoisture":41,"timestamp":"2025-09-26T17:57:01.062Z","vibration":0,"waterFlow":1,"waterLevel":59}
{"accelerometer":{"x":0,"y":0,"z":1.4},"floodProbability":77,"landslideProbability":54,"level":"info","message":"Sensor data updated:","rain":1,"soilMoisture":61,"timestamp":"2025-09-26T17:57:03.074Z","vibration":0,"waterFlow":0,"waterLevel":93}
{"accelerometer":{"x":0,"y":0,"z":-1.5},"floodProbability":31,"landslideProbability":32,"level":"info","message":"Sensor data updated:","rain":0,"soilMoisture":80,"timestamp":"2025-09-26T17:57:05.086Z","vibration":0,"waterFlow":0,"waterLevel":62}
{"accelerometer":{"x":0,"y":0,"z":0.7},"floodProbability":63,"landslideProbability":20,"level":"info","message":"Sensor data updated:","rain":0,"soilMoisture":49,"timestamp":"2025-09-26T17:57:07.086Z","vibration":0,"waterFlow":1,"waterLevel":86}
{"accelerometer":{"x":0,"y":0,"z":1.8},"floodProbability":46,"landslideProbability":8,"level":"info","message":"Sensor data updated:","rain":0,"soilMoisture":20,"timestamp":"2025-09-26T17:57:09.094Z","vibration":0,"waterFlow":0,"waterLevel":92}
{"accelerometer":{"x":0,"y":0,"z":1},"floodProbability":73,"landslideProbability":68,"level":"info","message":"Sensor data updated:","rain":1,"soilMoisture":95,"timestamp":"2025-09-26T17:57:11.096Z","vibration":0,"waterFlow":1,"waterLevel":47}
{"accelerometer":{"x":0,"y":0,"z":0.5},"floodProbability":42,"landslideProbability":42,"level":"info","message":"Sensor data updated:","rain":0,"soilMoisture":30,"timestamp":"2025-09-26T17:57:13.104Z","vibration":1,"waterFlow":1,"waterLevel":43}
{"accelerometer":{"x":0,"y":0,"z":-0.7},"floodProbability":7,"landslideProbability":2,"level":"info","message":"Sensor data updated:","rain":0,"soilMoisture":5,"timestamp":"2025-09-26T17:57:15.115Z","vibration":0,"waterFlow":0,"waterLevel":14}
{"accelerometer":{"x":0,"y":0,"z":-1.6},"floodProbability":7,"landslideProbability":38,"level":"info","message":"Sensor data updated:","rain":0,"soilMoisture":96,"timestamp":"2025-09-26T17:57:17.121Z","vibration":0,"waterFlow":0,"waterLevel":13}
{"accelerometer":{"x":0,"y":0,"z":0.3},"floodProbability":9,"landslideProbability":17,"level":"info","message":"Sensor data updated:","rain":0,"soilMoisture":43,"timestamp":"2025-09-26T17:57:19.132Z","vibration":0,"waterFlow":0,"waterLevel":17}
{"accelerometer":{"x":0,"y":0,"z":0.5},"floodProbability":44,"landslideProbability":52,"level":"info","message":"Sensor data updated:","rain":0,"soilMoisture":54,"timestamp":"2025-09-26T17:57:21.140Z","vibration":1,"waterFlow":1,"waterLevel":47}
{"accelerometer":{"x":0,"y":0,"z":-0.6},"floodProbability":13,"landslideProbability":11,"level":"info","message":"Sensor data updated:","rain":0,"soilMoisture":28,"timestamp":"2025-09-26T17:57:23.146Z","vibration":0,"waterFlow":0,"waterLevel":25}
{"accelerometer":{"x":0,"y":0,"z":-0.4},"floodProbability":5,"landslideProbability":54,"level":"info","message":"Sensor data updated:","rain":0,"soilMoisture":61,"timestamp":"2025-09-26T17:57:25.157Z","vibration":1,"waterFlow":0,"waterLevel":10}
{"accelerometer":{"x":0,"y":0,"z":-1.4},"floodProbability":38,"landslideProbability":27,"level":"info","message":"Sensor data updated:","rain":0,"soilMoisture":67,"timestamp":"2025-09-26T17:57:27.159Z","vibration":0,"waterFlow":0,"waterLevel":75}
{"accelerometer":{"x":0,"y":0,"z":0.2},"floodProbability":5,"landslideProbability":52,"level":"info","message":"Sensor data updated:","rain":0,"soilMoisture":56,"timestamp":"2025-09-26T17:57:29.171Z","vibration":1,"waterFlow":0,"waterLevel":9}
{"accelerometer":{"x":0,"y":0,"z":0.4},"floodProbability":42,"landslideProbability":60,"level":"info","message":"Sensor data updated:","rain":1,"soilMoisture":75,"timestamp":"2025-09-26T17:57:31.179Z","vibration":0,"waterFlow":0,"waterLevel":24}
{"accelerometer":{"x":0,"y":0,"z":0.5},"floodProbability":25,"landslideProbability":16,"level":"info","message":"Sensor data updated:","rain":0,"soilMoisture":41,"timestamp":"2025-09-26T17:57:33.192Z","vibration":0,"waterFlow":1,"waterLevel":10}
{"accelerometer":{"x":0,"y":0,"z":1.6},"floodProbability":48,"landslideProbability":15,"level":"info","message":"Sensor data updated:","rain":0,"soilMoisture":37,"timestamp":"2025-09-26T17:57:35.195Z","vibration":0,"waterFlow":0,"waterLevel":95}
{"accelerometer":{"x":0,"y":0,"z":-0.8},"floodProbability":5,"landslideProbability":44,"level":"info","message":"Sensor data updated:","rain":0,"soilMoisture":36,"timestamp":"2025-09-26T17:57:37.196Z","vibration":1,"waterFlow":0,"waterLevel":9}
{"accelerometer":{"x":0,"y":0,"z":-1.5},"floodProbability":74,"landslideProbability":78,"level":"info","message":"Sensor data updated:","rain":1,"soilMoisture":46,"timestamp":"2025-09-26T17:57:39.200Z","vibration":1,"waterFlow":0,"waterLevel":87}
{"accelerometer":{"x":0,"y":0,"z":-0.8},"floodProbability":30,"landslideProbability":24,"level":"info","message":"Sensor data updated:","rain":0,"soilMoisture":60,"timestamp":"2025-09-26T17:57:41.209Z","vibration":0,"waterFlow":0,"waterLevel":60}
{"accelerometer":{"x":0,"y":0,"z":1},"floodProbability":36,"landslideProbability":16,"level":"info","message":"Sensor data updated:","rain":0,"soilMoisture":41,"timestamp":"2025-09-26T17:57:43.214Z","vibration":0,"waterFlow":0,"waterLevel":71}
{"accelerometer":{"x":0,"y":0,"z":-1.5},"floodProbability":18,"landslideProbability":5,"level":"info","message":"Sensor data updated:","rain":0,"soilMoisture":12,"timestamp":"2025-09-26T17:57:45.217Z","vibration":0,"waterFlow":0,"waterLevel":35}
{"accelerometer":{"x":0,"y":0,"z":-1.5},"floodProbability":32,"landslideProbability":24,"level":"info","message":"Sensor data updated:","rain":0,"soilMoisture":60,"timestamp":"2025-09-26T17:57:47.225Z","vibration":0,"waterFlow":0,"waterLevel":63}
{"accelerometer":{"x":0,"y":0,"z":0.3},"floodProbability":92,"landslideProbability":52,"level":"info","message":"Sensor data updated:","rain":1,"soilMoisture":56,"timestamp":"2025-09-26T17:57:49.225Z","vibration":0,"waterFlow":1,"waterLevel":84}
{"accelerometer":{"x":0,"y":0,"z":-0.8},"floodProbability":90,"landslideProbability":66,"level":"info","message":"Sensor data updated:","rain":1,"soilMoisture":91,"timestamp":"2025-09-26T17:57:51.228Z","vibration":0,"waterFlow":1,"waterLevel":79}
{"accelerometer":{"x":0,"y":0,"z":-0.3},"floodProbability":50,"landslideProbability":16,"level":"info","message":"Sensor data updated:","rain":0,"soilMoisture":41,"timestamp":"2025-09-26T17:57:53.236Z","vibration":0,"waterFlow":0,"waterLevel":99}
{"accelerometer":{"x":0,"y":0,"z":-1.6},"floodProbability":54,"landslideProbability":34,"level":"info","message":"Sensor data updated:","rain":0,"soilMoisture":85,"timestamp":"2025-09-26T17:57:55.244Z","vibration":0,"waterFlow":1,"waterLevel":68}
{"accelerometer":{"x":0,"y":0,"z":-1.7},"floodProbability":68,"landslideProbability":21,"level":"info","message":"Sensor data updated:","rain":0,"soilMoisture":53,"timestamp":"2025-09-26T17:57:57.245Z","vibration":0,"waterFlow":1,"waterLevel":95}
{"accelerometer":{"x":0,"y":0,"z":0.9},"floodProbability":46,"landslideProbability":27,"level":"info","message":"Sensor data updated:","rain":0,"soilMoisture":68,"timestamp":"2025-09-26T17:57:59.245Z","vibration":0,"waterFlow":1,"waterLevel":51}
{"accelerometer":{"x":0,"y":0,"z":0.9},"floodProbability":6,"landslideProbability":27,"level":"info","message":"Sensor data updated:","rain":0,"soilMoisture":0,"timestamp":"2025-09-26T17:58:01.257Z","vibration":0,"waterFlow":0,"waterLevel":11}
{"accelerometer":{"x":0,"y":0,"z":-0.4},"floodProbability":31,"landslideProbability":94,"level":"info","message":"Sensor data updated:","rain":1,"soilMoisture":86,"timestamp":"2025-09-26T17:58:03.262Z","vibration":1,"waterFlow":0,"waterLevel":1}
{"accelerometer":{"x":0,"y":0,"z":0.9},"floodProbability":7,"landslideProbability":5,"level":"info","message":"Sensor data updated:","rain":0,"soilMoisture":12,"timestamp":"2025-09-26T17:58:05.268Z","vibration":0,"waterFlow":0,"waterLevel":14}
{"accelerometer":{"x":0,"y":0,"z":-0.7},"floodProbability":43,"landslideProbability":26,"level":"info","message":"Sensor data updated:","rain":0,"soilMoisture":65,"timestamp":"2025-09-26T17:58:07.282Z","vibration":0,"waterFlow":1,"waterLevel":45}
{"accelerometer":{"x":0,"y":0,"z":0.8},"floodProbability":48,"landslideProbability":42,"level":"info","message":"Sensor data updated:","rain":1,"soilMoisture":30,"timestamp":"2025-09-26T17:58:09.293Z","vibration":0,"waterFlow":0,"waterLevel":36}
{"accelerometer":{"x":0,"y":0,"z":-0.2},"floodProbability":40,"landslideProbability":64,"level":"info","message":"Sensor data updated:","rain":1,"soilMoisture":86,"timestamp":"2025-09-26T17:58:11.306Z","vibration":0,"waterFlow":0,"waterLevel":19}
{"accelerometer":{"x":0,"y":0,"z":1.8},"floodProbability":40,"landslideProbability":34,"level":"info","message":"Sensor data updated:","rain":0,"soilMoisture":85,"timestamp":"2025-09-26T17:58:13.318Z","vibration":0,"waterFlow":0,"waterLevel":80}
{"accelerometer":{"x":0,"y":0,"z":-1.8},"floodProbability":14,"landslideProbability":34,"level":"info","message":"Sensor data updated:","rain":0,"soilMoisture":85,"timestamp":"2025-09-26T17:58:15.329Z","vibration":0,"waterFlow":0,"waterLevel":28}
{"accelerometer":{"x":0,"y":0,"z":1.4},"floodProbability":5,"landslideProbability":21,"level":"info","message":"Sensor data updated:","rain":0,"soilMoisture":52,"timestamp":"2025-09-26T17:58:17.339Z","vibration":0,"waterFlow":0,"waterLevel":9}
{"accelerometer":{"x":0,"y":0,"z":1.3},"floodProbability":1,"landslideProbability":62,"level":"info","message":"Sensor data updated:","rain":0,"soilMoisture":79,"timestamp":"2025-09-26T17:58:19.351Z","vibration":1,"waterFlow":0,"waterLevel":1}
{"accelerometer":{"x":0,"y":0,"z":-1.3},"floodProbability":74,"landslideProbability":64,"level":"info","message":"Sensor data updated:","rain":1,"soilMoisture":84,"timestamp":"2025-09-26T17:58:21.367Z","vibration":0,"waterFlow":0,"waterLevel":87}
{"accelerometer":{"x":0,"y":0,"z":-0.5},"floodProbability":51,"landslideProbability":54,"level":"info","message":"Sensor data updated:","rain":1,"soilMoisture":59,"timestamp":"2025-09-26T17:58:23.375Z","vibration":0,"waterFlow":1,"waterLevel":2}
{"accelerometer":{"x":0,"y":0,"z":0.1},"floodProbability":14,"landslideProbability":9,"level":"info","message":"Sensor data updated:","rain":0,"soilMoisture":23,"timestamp":"2025-09-26T17:58:25.376Z","vibration":0,"waterFlow":0,"waterLevel":28}
{"accelerometer":{"x":0,"y":0,"z":0.9},"floodProbability":16,"landslideProbability":35,"level":"info","message":"Sensor data updated:","rain":0,"soilMoisture":87,"timestamp":"2025-09-26T17:58:27.387Z","vibration":0,"waterFlow":0,"waterLevel":32}
{"accelerometer":{"x":0,"y":0,"z":1.1},"floodProbability":1,"landslideProbability":20,"level":"info","message":"Sensor data updated:","rain":0,"soilMoisture":51,"timestamp":"2025-09-26T17:58:29.391Z","vibration":0,"waterFlow":0,"waterLevel":1}
{"accelerometer":{"x":0,"y":0,"z":-1.9},"floodProbability":77,"landslideProbability":52,"level":"info","message":"Sensor data updated:","rain":1,"soilMoisture":56,"timestamp":"2025-09-26T17:58:31.395Z","vibration":0,"waterFlow":0,"waterLevel":93}
{"accelerometer":{"x":0,"y":0,"z":-0.3},"floodProbability":31,"landslideProbability":3,"level":"info","message":"Sensor data updated:","rain":0,"soilMoisture":7,"timestamp":"2025-09-26T17:58:33.398Z","vibration":0,"waterFlow":0,"waterLevel":62}
{"accelerometer":{"x":0,"y":0,"z":0.9},"floodProbability":7,"landslideProbability":1,"level":"info","message":"Sensor data updated:","rain":0,"soilMoisture":2,"timestamp":"2025-09-26T17:58:35.410Z","vibration":0,"waterFlow":0,"waterLevel":14}
{"accelerometer":{"x":0,"y":0,"z":-0.4},"floodProbability":18,"landslideProbability":36,"level":"info","message":"Sensor data updated:","rain":0,"soilMoisture":90,"timestamp":"2025-09-26T17:58:37.414Z","vibration":0,"waterFlow":0,"waterLevel":35}
{"accelerometer":{"x":0,"y":0,"z":0},"floodProbability":48,"landslideProbability":6,"level":"info","message":"Sensor data updated:","rain":0,"soilMoisture":15,"timestamp":"2025-09-26T17:58:39.418Z","vibration":0,"waterFlow":1,"waterLevel":55}
{"accelerometer":{"x":0,"y":0,"z":1.1},"floodProbability":75,"landslideProbability":64,"level":"info","message":"Sensor data updated:","rain":1,"soilMoisture":86,"timestamp":"2025-09-26T17:58:41.424Z","vibration":0,"waterFlow":0,"waterLevel":90}
{"accelerometer":{"x":0,"y":0,"z":-0.1},"floodProbability":44,"landslideProbability":4,"level":"info","message":"Sensor data updated:","rain":0,"soilMoisture":9,"timestamp":"2025-09-26T17:58:43.426Z","vibration":0,"waterFlow":0,"waterLevel":87}
{"accelerometer":{"x":0,"y":0,"z":-0.2},"floodProbability":42,"landslideProbability":34,"level":"info","message":"Sensor data updated:","rain":0,"soilMoisture":11,"timestamp":"2025-09-26T17:58:45.433Z","vibration":1,"waterFlow":0,"waterLevel":83}
{"accelerometer":{"x":0,"y":0,"z":1.1},"floodProbability":72,"landslideProbability":38,"level":"info","message":"Sensor data updated:","rain":1,"soilMoisture":20,"timestamp":"2025-09-26T17:58:47.445Z","vibration":0,"waterFlow":1,"waterLevel":43}
{"accelerometer":{"x":0,"y":0,"z":1.7},"floodProbability":30,"landslideProbability":31,"level":"info","message":"Sensor data updated:","rain":0,"soilMoisture":77,"timestamp":"2025-09-26T17:58:49.449Z","vibration":0,"waterFlow":0,"waterLevel":59}
{"accelerometer":{"x":0,"y":0,"z":-0.4},"floodProbability":77,"landslideProbability":45,"level":"info","message":"Sensor data updated:","rain":1,"soilMoisture":37,"timestamp":"2025-09-26T17:58:51.462Z","vibration":0,"waterFlow":1,"waterLevel":54}
{"accelerometer":{"x":0,"y":0,"z":0.8},"floodProbability":57,"landslideProbability":40,"level":"info","message":"Sensor data updated:","rain":1,"soilMoisture":25,"timestamp":"2025-09-26T17:58:53.463Z","vibration":0,"waterFlow":1,"waterLevel":15}
{"accelerometer":{"x":0,"y":0,"z":-1.5},"floodProbability":51,"landslideProbability":44,"level":"info","message":"Sensor data updated:","rain":0,"soilMoisture":34,"timestamp":"2025-09-26T17:58:55.465Z","vibration":1,"waterFlow":1,"waterLevel":62}
{"accelerometer":{"x":0,"y":0,"z":0.9},"floodProbability":29,"landslideProbability":51,"level":"info","message":"Sensor data updated:","rain":0,"soilMoisture":52,"timestamp":"2025-09-26T17:58:57.466Z","vibration":1,"waterFlow":1,"waterLevel":17}
{"accelerometer":{"x":0,"y":0,"z":1.2},"floodProbability":12,"landslideProbability":40,"level":"info","message":"Sensor data updated:","rain":0,"soilMoisture":26,"timestamp":"2025-09-26T17:58:59.473Z","vibration":1,"waterFlow":0,"waterLevel":24}
{"accelerometer":{"x":0,"y":0,"z":-1.9},"floodProbability":39,"landslideProbability":46,"level":"info","message":"Sensor data updated:","rain":1,"soilMoisture":40,"timestamp":"2025-09-26T17:59:01.479Z","vibration":0,"waterFlow":0,"waterLevel":17}
{"accelerometer":{"x":0,"y":0,"z":-0.8},"floodProbability":55,"landslideProbability":31,"level":"info","message":"Sensor data updated:","rain":0,"soilMoisture":3,"timestamp":"2025-09-26T17:59:03.480Z","vibration":1,"waterFlow":1,"waterLevel":71}
{"accelerometer":{"x":0,"y":0,"z":1.9},"floodProbability":34,"landslideProbability":6,"level":"info","message":"Sensor data updated:","rain":0,"soilMoisture":16,"timestamp":"2025-09-26T17:59:05.489Z","vibration":0,"waterFlow":0,"waterLevel":67}
{"accelerometer":{"x":0,"y":0,"z":0.6},"floodProbability":54,"landslideProbability":68,"level":"info","message":"Sensor data updated:","rain":1,"soilMoisture":95,"timestamp":"2025-09-26T17:59:07.494Z","vibration":0,"waterFlow":1,"waterLevel":9}
{"accelerometer":{"x":0,"y":0,"z":-1.7},"floodProbability":17,"landslideProbability":45,"level":"info","message":"Sensor data updated:","rain":0,"soilMoisture":37,"timestamp":"2025-09-26T17:59:09.496Z","vibration":1,"waterFlow":0,"waterLevel":33}
{"accelerometer":{"x":0,"y":0,"z":1.4},"floodProbability":65,"landslideProbability":36,"level":"info","message":"Sensor data updated:","rain":0,"soilMoisture":90,"timestamp":"2025-09-26T17:59:11.499Z","vibration":0,"waterFlow":1,"waterLevel":89}
{"accelerometer":{"x":0,"y":0,"z":-1.1},"floodProbability":4,"landslideProbability":18,"level":"info","message":"Sensor data updated:","rain":0,"soilMoisture":46,"timestamp":"2025-09-26T17:59:13.507Z","vibration":0,"waterFlow":0,"waterLevel":8}
{"accelerometer":{"x":0,"y":0,"z":-0.4},"floodProbability":21,"landslideProbability":30,"level":"info","message":"Sensor data updated:","rain":0,"soilMoisture":74,"timestamp":"2025-09-26T17:59:15.513Z","vibration":0,"waterFlow":1,"waterLevel":1}
{"accelerometer":{"x":0,"y":0,"z":0.7},"floodProbability":50,"landslideProbability":21,"level":"info","message":"Sensor data updated:","rain":0,"soilMoisture":52,"timestamp":"2025-09-26T17:59:17.516Z","vibration":0,"waterFlow":1,"waterLevel":59}
{"accelerometer":{"x":0,"y":0,"z":0.3},"floodProbability":56,"landslideProbability":38,"level":"info","message":"Sensor data updated:","rain":0,"soilMoisture":95,"timestamp":"2025-09-26T17:59:19.530Z","vibration":0,"waterFlow":1,"waterLevel":72}
{"accelerometer":{"x":0,"y":0,"z":1.6},"floodProbability":65,"landslideProbability":36,"level":"info","message":"Sensor data updated:","rain":1,"soilMoisture":16,"timestamp":"2025-09-26T17:59:21.536Z","vibration":0,"waterFlow":1,"waterLevel":29}
{"level":"info","message":"Client disconnected:","timestamp":"2025-09-26T17:59:23.533Z"}
{"level":"info","message":"Client disconnected:","timestamp":"2025-09-26T17:59:23.537Z"}
{"accelerometer":{"x":0,"y":0,"z":-0.7},"floodProbability":75,"landslideProbability":35,"level":"info","message":"Sensor data updated:","rain":1,"soilMoisture":12,"timestamp":"2025-09-26T17:59:23.538Z","vibration":0,"waterFlow":1,"waterLevel":51}
{"level":"info","message":"Client connected:","timestamp":"2025-09-26T17:59:24.084Z"}
{"level":"info","message":"Client connected:","timestamp":"2025-09-26T17:59:24.091Z"}
{"accelerometer":{"x":0,"y":0,"z":0.3},"floodProbability":34,"landslideProbability":26,"level":"info","message":"Sensor data updated:","rain":0,"soilMoisture":65,"timestamp":"2025-09-26T17:59:25.552Z","vibration":0,"waterFlow":0,"waterLevel":67}
{"accelerometer":{"x":0,"y":0,"z":-1.2},"floodProbability":41,"landslideProbability":38,"level":"info","message":"Sensor data updated:","rain":0,"soilMoisture":20,"timestamp":"2025-09-26T17:59:27.557Z","vibration":1,"waterFlow":1,"waterLevel":41}
{"accelerometer":{"x":0,"y":0,"z":-0.3},"floodProbability":32,"landslideProbability":16,"level":"info","message":"Sensor data updated:","rain":0,"soilMoisture":40,"timestamp":"2025-09-26T17:59:29.564Z","vibration":0,"waterFlow":1,"waterLevel":24}
{"accelerometer":{"x":0,"y":0,"z":-0.9},"floodProbability":27,"landslideProbability":7,"level":"info","message":"Sensor data updated:","rain":0,"soilMoisture":18,"timestamp":"2025-09-26T17:59:31.569Z","vibration":0,"waterFlow":0,"waterLevel":54}
{"accelerometer":{"x":0,"y":0,"z":-0.3},"floodProbability":18,"landslideProbability":10,"level":"info","message":"Sensor data updated:","rain":0,"soilMoisture":24,"timestamp":"2025-09-26T17:59:33.578Z","vibration":0,"waterFlow":0,"waterLevel":35}
{"accelerometer":{"x":0,"y":0,"z":0.4},"floodProbability":43,"landslideProbability":19,"level":"info","message":"Sensor data updated:","rain":0,"soilMoisture":48,"timestamp":"2025-09-26T17:59:35.592Z","vibration":0,"waterFlow":0,"waterLevel":85}
{"accelerometer":{"x":0,"y":0,"z":-0.8},"floodProbability":42,"landslideProbability":12,"level":"info","message":"Sensor data updated:","rain":0,"soilMoisture":29,"timestamp":"2025-09-26T17:59:37.595Z","vibration":0,"waterFlow":1,"waterLevel":44}
{"accelerometer":{"x":0,"y":0,"z":-1.2},"floodProbability":38,"landslideProbability":16,"level":"info","message":"Sensor data updated:","rain":0,"soilMoisture":41,"timestamp":"2025-09-26T17:59:39.609Z","vibration":0,"waterFlow":0,"waterLevel":76}
{"accelerometer":{"x":0,"y":0,"z":-1.5},"floodProbability":55,"landslideProbability":49,"level":"info","message":"Sensor data updated:","rain":1,"soilMoisture":47,"timestamp":"2025-09-26T17:59:41.622Z","vibration":0,"waterFlow":1,"waterLevel":11}
{"accelerometer":{"x":0,"y":0,"z":0.6},"floodProbability":24,"landslideProbability":19,"level":"info","message":"Sensor data updated:","rain":0,"soilMoisture":0,"timestamp":"2025-09-26T17:59:43.635Z","vibration":0,"waterFlow":0,"waterLevel":48}
{"accelerometer":{"x":0,"y":0,"z":-0.8},"floodProbability":38,"landslideProbability":34,"level":"info","message":"Sensor data updated:","rain":0,"soilMoisture":11,"timestamp":"2025-09-26T17:59:45.637Z","vibration":1,"waterFlow":1,"waterLevel":35}
{"accelerometer":{"x":0,"y":0,"z":0.5},"floodProbability":14,"landslideProbability":32,"level":"info","message":"Sensor data updated:","rain":0,"soilMoisture":81,"timestamp":"2025-09-26T17:59:47.647Z","vibration":0,"waterFlow":0,"waterLevel":27}
{"accelerometer":{"x":0,"y":0,"z":1.1},"floodProbability":19,"landslideProbability":32,"level":"info","message":"Sensor data updated:","rain":0,"soilMoisture":80,"timestamp":"2025-09-26T17:59:49.649Z","vibration":0,"waterFlow":0,"waterLevel":37}
{"accelerometer":{"x":0,"y":0,"z":0.9},"floodProbability":61,"landslideProbability":58,"level":"info","message":"Sensor data updated:","rain":0,"soilMoisture":70,"timestamp":"2025-09-26T17:59:51.662Z","vibration":1,"waterFlow":1,"waterLevel":81}
{"accelerometer":{"x":0,"y":0,"z":1},"floodProbability":32,"landslideProbability":5,"level":"info","message":"Sensor data updated:","rain":0,"soilMoisture":13,"timestamp":"2025-09-26T17:59:53.674Z","vibration":0,"waterFlow":1,"waterLevel":24}
{"level":"info","message":"Client disconnected:","timestamp":"2025-09-26T17:59:54.348Z"}
{"level":"info","message":"Client disconnected:","timestamp":"2025-09-26T17:59:54.354Z"}
{"accelerometer":{"x":0,"y":0,"z":-0.2},"floodProbability":45,"landslideProbability":37,"level":"info","message":"Sensor data updated:","rain":0,"soilMoisture":92,"timestamp":"2025-09-26T17:59:55.675Z","vibration":0,"waterFlow":1,"waterLevel":50}
{"accelerometer":{"x":0,"y":0,"z":-0.9},"floodProbability":77,"landslideProbability":42,"level":"info","message":"Sensor data updated:","rain":1,"soilMoisture":29,"timestamp":"2025-09-26T17:59:57.683Z","vibration":0,"waterFlow":0,"waterLevel":95}
{"level":"info","message":"Client connected:","timestamp":"2025-09-26T17:59:58.934Z"}
{"level":"info","message":"Client connected:","timestamp":"2025-09-26T17:59:58.944Z"}
{"accelerometer":{"x":0,"y":0,"z":-1.7},"floodProbability":6,"landslideProbability":55,"level":"info","message":"Sensor data updated:","rain":0,"soilMoisture":63,"timestamp":"2025-09-26T17:59:59.684Z","vibration":1,"waterFlow":0,"waterLevel":11}
{"accelerometer":{"x":0,"y":0,"z":0.7},"floodProbability":44,"landslideProbability":15,"level":"info","message":"Sensor data updated:","rain":0,"soilMoisture":37,"timestamp":"2025-09-26T18:00:01.695Z","vibration":0,"waterFlow":1,"waterLevel":47}
{"accelerometer":{"x":0,"y":0,"z":-1.4},"floodProbability":52,"landslideProbability":64,"level":"info","message":"Sensor data updated:","rain":1,"soilMoisture":85,"timestamp":"2025-09-26T18:00:03.702Z","vibration":0,"waterFlow":0,"waterLevel":43}
{"accelerometer":{"x":0,"y":0,"z":-0.9},"floodProbability":22,"landslideProbability":2,"level":"info","message":"Sensor data updated:","rain":0,"soilMoisture":4,"timestamp":"2025-09-26T18:00:05.707Z","vibration":0,"waterFlow":0,"waterLevel":44}
{"accelerometer":{"x":0,"y":0,"z":-1.4},"floodProbability":64,"landslideProbability":66,"level":"info","message":"Sensor data updated:","rain":1,"soilMoisture":89,"timestamp":"2025-09-26T18:00:07.722Z","vibration":0,"waterFlow":0,"waterLevel":68}
{"accelerometer":{"x":0,"y":0,"z":0.6},"floodProbability":34,"landslideProbability":18,"level":"info","message":"Sensor data updated:","rain":0,"soilMoisture":44,"timestamp":"2025-09-26T18:00:09.728Z","vibration":0,"waterFlow":0,"waterLevel":0}
{"level":"info","message":"Server running on port 3001","timestamp":"2025-09-26T18:00:14.499Z"}
{"level":"info","message":"Scanning for Arduino/CH340 devices...","timestamp":"2025-09-26T18:00:14.503Z"}
{"level":"warn","message":"Serial port COM7 not available, starting simulator","timestamp":"2025-09-26T18:00:14.504Z"}
{"level":"info","message":"Simulator mode activated","timestamp":"2025-09-26T18:00:14.505Z"}
{"level":"info","message":"Client connected:","timestamp":"2025-09-26T18:00:14.563Z"}
{"level":"info","message":"Client connected:","timestamp":"2025-09-26T18:00:14.578Z"}
{"accelerometer":{"x":0,"y":0,"z":0},"floodProbability":0,"landslideProbability":0,"level":"info","message":"Sensor data updated:","rain":0,"soilMoisture":null,"timestamp":"2025-09-26T18:00:16.508Z","vibration":0,"waterFlow":0,"waterLevel":null}
{"accelerometer":{"x":0,"y":0,"z":0},"floodProbability":null,"landslideProbability":null,"level":"info","message":"Sensor data updated:","rain":0,"soilMoisture":null,"timestamp":"2025-09-26T18:00:18.520Z","vibration":0,"waterFlow":0,"waterLevel":null}
{"accelerometer":{"x":0,"y":0,"z":0},"floodProbability":null,"landslideProbability":null,"level":"info","message":"Sensor data updated:","rain":0,"soilMoisture":null,"timestamp":"2025-09-26T18:00:20.532Z","vibration":0,"waterFlow":0,"waterLevel":null}
{"accelerometer":{"x":0,"y":0,"z":0},"floodProbability":null,"landslideProbability":null,"level":"info","message":"Sensor data updated:","rain":0,"soilMoisture":null,"timestamp":"2025-09-26T18:00:22.543Z","vibration":0,"waterFlow":0,"waterLevel":null}
{"accelerometer":{"x":0,"y":0,"z":0},"floodProbability":null,"landslideProbability":null,"level":"info","message":"Sensor data updated:","rain":0,"soilMoisture":null,"timestamp":"2025-09-26T18:00:24.549Z","vibration":0,"waterFlow":0,"waterLevel":null}
{"accelerometer":{"x":0,"y":0,"z":0},"floodProbability":null,"landslideProbability":null,"level":"info","message":"Sensor data updated:","rain":0,"soilMoisture":null,"timestamp":"2025-09-26T18:00:26.552Z","vibration":0,"waterFlow":0,"waterLevel":null}
{"accelerometer":{"x":0,"y":0,"z":0},"floodProbability":null,"landslideProbability":null,"level":"info","message":"Sensor data updated:","rain":0,"soilMoisture":null,"timestamp":"2025-09-26T18:00:28.555Z","vibration":0,"waterFlow":0,"waterLevel":null}
{"accelerometer":{"x":0,"y":0,"z":0},"floodProbability":null,"landslideProbability":null,"level":"info","message":"Sensor data updated:","rain":0,"soilMoisture":null,"timestamp":"2025-09-26T18:00:30.560Z","vibration":0,"waterFlow":0,"waterLevel":null}
{"accelerometer":{"x":0,"y":0,"z":0},"floodProbability":null,"landslideProbability":null,"level":"info","message":"Sensor data updated:","rain":0,"soilMoisture":null,"timestamp":"2025-09-26T18:00:32.564Z","vibration":0,"waterFlow":0,"waterLevel":null}
{"accelerometer":{"x":0,"y":0,"z":0},"floodProbability":null,"landslideProbability":null,"level":"info","message":"Sensor data updated:","rain":0,"soilMoisture":null,"timestamp":"2025-09-26T18:00:34.565Z","vibration":0,"waterFlow":0,"waterLevel":null}
{"accelerometer":{"x":0,"y":0,"z":0},"floodProbability":null,"landslideProbability":null,"level":"info","message":"Sensor data updated:","rain":0,"soilMoisture":null,"timestamp":"2025-09-26T18:00:36.576Z","vibration":0,"waterFlow":0,"waterLevel":null}
{"accelerometer":{"x":0,"y":0,"z":0},"floodProbability":null,"landslideProbability":null,"level":"info","message":"Sensor data updated:","rain":0,"soilMoisture":null,"timestamp":"2025-09-26T18:00:38.589Z","vibration":0,"waterFlow":0,"waterLevel":null}
{"accelerometer":{"x":0,"y":0,"z":0},"floodProbability":null,"landslideProbability":null,"level":"info","message":"Sensor data updated:","rain":0,"soilMoisture":null,"timestamp":"2025-09-26T18:00:40.590Z","vibration":0,"waterFlow":0,"waterLevel":null}
{"accelerometer":{"x":0,"y":0,"z":0},"floodProbability":null,"landslideProbability":null,"level":"info","message":"Sensor data updated:","rain":0,"soilMoisture":null,"timestamp":"2025-09-26T18:00:42.599Z","vibration":0,"waterFlow":0,"waterLevel":null}
{"accelerometer":{"x":0,"y":0,"z":0},"floodProbability":null,"landslideProbability":null,"level":"info","message":"Sensor data updated:","rain":0,"soilMoisture":null,"timestamp":"2025-09-26T18:00:44.606Z","vibration":0,"waterFlow":0,"waterLevel":null}
{"accelerometer":{"x":0,"y":0,"z":0},"floodProbability":null,"landslideProbability":null,"level":"info","message":"Sensor data updated:","rain":0,"soilMoisture":null,"timestamp":"2025-09-26T18:00:46.608Z","vibration":0,"waterFlow":0,"waterLevel":null}
{"accelerometer":{"x":0,"y":0,"z":0},"floodProbability":null,"landslideProbability":null,"level":"info","message":"Sensor data updated:","rain":0,"soilMoisture":null,"timestamp":"2025-09-26T18:00:48.611Z","vibration":0,"waterFlow":0,"waterLevel":null}
{"accelerometer":{"x":0,"y":0,"z":0},"floodProbability":null,"landslideProbability":null,"level":"info","message":"Sensor data updated:","rain":0,"soilMoisture":null,"timestamp":"2025-09-26T18:00:50.611Z","vibration":0,"waterFlow":0,"waterLevel":null}
{"accelerometer":{"x":0,"y":0,"z":0},"floodProbability":null,"landslideProbability":null,"level":"info","message":"Sensor data updated:","rain":0,"soilMoisture":null,"timestamp":"2025-09-26T18:00:52.615Z","vibration":0,"waterFlow":0,"waterLevel":null}
{"accelerometer":{"x":0,"y":0,"z":0},"floodProbability":null,"landslideProbability":null,"level":"info","message":"Sensor data updated:","rain":0,"soilMoisture":null,"timestamp":"2025-09-26T18:00:54.618Z","vibration":0,"waterFlow":0,"waterLevel":null}
{"accelerometer":{"x":0,"y":0,"z":0},"floodProbability":null,"landslideProbability":null,"level":"info","message":"Sensor data updated:","rain":0,"soilMoisture":null,"timestamp":"2025-09-26T18:00:56.626Z","vibration":0,"waterFlow":0,"waterLevel":null}
{"accelerometer":{"x":0,"y":0,"z":0},"floodProbability":null,"landslideProbability":null,"level":"info","message":"Sensor data updated:","rain":0,"soilMoisture":null,"timestamp":"2025-09-26T18:00:58.632Z","vibration":0,"waterFlow":0,"waterLevel":null}
{"accelerometer":{"x":0,"y":0,"z":0},"floodProbability":null,"landslideProbability":null,"level":"info","message":"Sensor data updated:","rain":0,"soilMoisture":null,"timestamp":"2025-09-26T18:01:00.633Z","vibration":0,"waterFlow":0,"waterLevel":null}
{"accelerometer":{"x":0,"y":0,"z":0},"floodProbability":null,"landslideProbability":null,"level":"info","message":"Sensor data updated:","rain":0,"soilMoisture":null,"timestamp":"2025-09-26T18:01:02.636Z","vibration":0,"waterFlow":0,"waterLevel":null}
{"accelerometer":{"x":0,"y":0,"z":0},"floodProbability":null,"landslideProbability":null,"level":"info","message":"Sensor data updated:","rain":0,"soilMoisture":null,"timestamp":"2025-09-26T18:01:04.648Z","vibration":0,"waterFlow":0,"waterLevel":null}
{"accelerometer":{"x":0,"y":0,"z":0},"floodProbability":null,"landslideProbability":null,"level":"info","message":"Sensor data updated:","rain":0,"soilMoisture":null,"timestamp":"2025-09-26T18:01:06.651Z","vibration":0,"waterFlow":0,"waterLevel":null}
{"accelerometer":{"x":0,"y":0,"z":0},"floodProbability":null,"landslideProbability":null,"level":"info","message":"Sensor data updated:","rain":0,"soilMoisture":null,"timestamp":"2025-09-26T18:01:08.652Z","vibration":0,"waterFlow":0,"waterLevel":null}
{"accelerometer":{"x":0,"y":0,"z":0},"floodProbability":null,"landslideProbability":null,"level":"info","message":"Sensor data updated:","rain":0,"soilMoisture":null,"timestamp":"2025-09-26T18:01:10.652Z","vibration":0,"waterFlow":0,"waterLevel":null}
{"accelerometer":{"x":0,"y":0,"z":0},"floodProbability":null,"landslideProbability":null,"level":"info","message":"Sensor data updated:","rain":0,"soilMoisture":null,"timestamp":"2025-09-26T18:01:12.668Z","vibration":0,"waterFlow":0,"waterLevel":null}
{"accelerometer":{"x":0,"y":0,"z":0},"floodProbability":null,"landslideProbability":null,"level":"info","message":"Sensor data updated:","rain":0,"soilMoisture":null,"timestamp":"2025-09-26T18:01:14.669Z","vibration":0,"waterFlow":0,"waterLevel":null}
{"accelerometer":{"x":0,"y":0,"z":0},"floodProbability":null,"landslideProbability":null,"level":"info","message":"Sensor data updated:","rain":0,"soilMoisture":null,"timestamp":"2025-09-26T18:01:16.675Z","vibration":0,"waterFlow":0,"waterLevel":null}
{"accelerometer":{"x":0,"y":0,"z":0},"floodProbability":null,"landslideProbability":null,"level":"info","message":"Sensor data updated:","rain":0,"soilMoisture":null,"timestamp":"2025-09-26T18:01:18.681Z","vibration":0,"waterFlow":0,"waterLevel":null}
{"accelerometer":{"x":0,"y":0,"z":0},"floodProbability":null,"landslideProbability":null,"level":"info","message":"Sensor data updated:","rain":0,"soilMoisture":null,"timestamp":"2025-09-26T18:01:20.683Z","vibration":0,"waterFlow":0,"waterLevel":null}
{"accelerometer":{"x":0,"y":0,"z":0},"floodProbability":null,"landslideProbability":null,"level":"info","message":"Sensor data updated:","rain":0,"soilMoisture":null,"timestamp":"2025-09-26T18:01:22.698Z","vibration":0,"waterFlow":0,"waterLevel":null}
{"accelerometer":{"x":0,"y":0,"z":0},"floodProbability":null,"landslideProbability":null,"level":"info","message":"Sensor data updated:","rain":0,"soilMoisture":null,"timestamp":"2025-09-26T18:01:24.701Z","vibration":0,"waterFlow":0,"waterLevel":null}
{"accelerometer":{"x":0,"y":0,"z":0},"floodProbability":null,"landslideProbability":null,"level":"info","message":"Sensor data updated:","rain":0,"soilMoisture":null,"timestamp":"2025-09-26T18:01:26.714Z","vibration":0,"waterFlow":0,"waterLevel":null}
{"accelerometer":{"x":0,"y":0,"z":0},"floodProbability":null,"landslideProbability":null,"level":"info","message":"Sensor data updated:","rain":0,"soilMoisture":null,"timestamp":"2025-09-26T18:01:28.720Z","vibration":0,"waterFlow":0,"waterLevel":null}
{"accelerometer":{"x":0,"y":0,"z":0},"floodProbability":null,"landslideProbability":null,"level":"info","message":"Sensor data updated:","rain":0,"soilMoisture":null,"timestamp":"2025-09-26T18:01:30.721Z","vibration":0,"waterFlow":0,"waterLevel":null}
{"accelerometer":{"x":0,"y":0,"z":0},"floodProbability":null,"landslideProbability":null,"level":"info","message":"Sensor data updated:","rain":0,"soilMoisture":null,"timestamp":"2025-09-26T18:01:32.730Z","vibration":0,"waterFlow":0,"waterLevel":null}
{"accelerometer":{"x":0,"y":0,"z":0},"floodProbability":null,"landslideProbability":null,"level":"info","message":"Sensor data updated:","rain":0,"soilMoisture":null,"timestamp":"2025-09-26T18:01:34.738Z","vibration":0,"waterFlow":0,"waterLevel":null}
{"accelerometer":{"x":0,"y":0,"z":0},"floodProbability":null,"landslideProbability":null,"level":"info","message":"Sensor data updated:","rain":0,"soilMoisture":null,"timestamp":"2025-09-26T18:01:36.738Z","vibration":0,"waterFlow":0,"waterLevel":null}
{"accelerometer":{"x":0,"y":0,"z":0},"floodProbability":null,"landslideProbability":null,"level":"info","message":"Sensor data updated:","rain":0,"soilMoisture":null,"timestamp":"2025-09-26T18:01:38.749Z","vibration":0,"waterFlow":0,"waterLevel":null}
{"accelerometer":{"x":0,"y":0,"z":0},"floodProbability":null,"landslideProbability":null,"level":"info","message":"Sensor data updated:","rain":0,"soilMoisture":null,"timestamp":"2025-09-26T18:01:40.759Z","vibration":0,"waterFlow":0,"waterLevel":null}
{"accelerometer":{"x":0,"y":0,"z":0},"floodProbability":null,"landslideProbability":null,"level":"info","message":"Sensor data updated:","rain":0,"soilMoisture":null,"timestamp":"2025-09-26T18:01:42.770Z","vibration":0,"waterFlow":0,"waterLevel":null}
{"accelerometer":{"x":0,"y":0,"z":0},"floodProbability":null,"landslideProbability":null,"level":"info","message":"Sensor data updated:","rain":0,"soilMoisture":null,"timestamp":"2025-09-26T18:01:44.773Z","vibration":0,"waterFlow":0,"waterLevel":null}
{"accelerometer":{"x":0,"y":0,"z":0},"floodProbability":null,"landslideProbability":null,"level":"info","message":"Sensor data updated:","rain":0,"soilMoisture":null,"timestamp":"2025-09-26T18:01:46.778Z","vibration":0,"waterFlow":0,"waterLevel":null}
{"accelerometer":{"x":0,"y":0,"z":0},"floodProbability":null,"landslideProbability":null,"level":"info","message":"Sensor data updated:","rain":0,"soilMoisture":null,"timestamp":"2025-09-26T18:01:48.781Z","vibration":0,"waterFlow":0,"waterLevel":null}
{"accelerometer":{"x":0,"y":0,"z":0},"floodProbability":null,"landslideProbability":null,"level":"info","message":"Sensor data updated:","rain":0,"soilMoisture":null,"timestamp":"2025-09-26T18:01:50.797Z","vibration":0,"waterFlow":0,"waterLevel":null}
{"accelerometer":{"x":0,"y":0,"z":0},"floodProbability":null,"landslideProbability":null,"level":"info","message":"Sensor data updated:","rain":0,"soilMoisture":null,"timestamp":"2025-09-26T18:01:52.811Z","vibration":0,"waterFlow":0,"waterLevel":null}
{"accelerometer":{"x":0,"y":0,"z":0},"floodProbability":null,"landslideProbability":null,"level":"info","message":"Sensor data updated:","rain":0,"soilMoisture":null,"timestamp":"2025-09-26T18:01:54.816Z","vibration":0,"waterFlow":0,"waterLevel":null}
{"accelerometer":{"x":0,"y":0,"z":0},"floodProbability":null,"landslideProbability":null,"level":"info","message":"Sensor data updated:","rain":0,"soilMoisture":null,"timestamp":"2025-09-26T18:01:56.818Z","vibration":0,"waterFlow":0,"waterLevel":null}
{"accelerometer":{"x":0,"y":0,"z":0},"floodProbability":null,"landslideProbability":null,"level":"info","message":"Sensor data updated:","rain":0,"soilMoisture":null,"timestamp":"2025-09-26T18:01:58.820Z","vibration":0,"waterFlow":0,"waterLevel":null}
{"accelerometer":{"x":0,"y":0,"z":0},"floodProbability":null,"landslideProbability":null,"level":"info","message":"Sensor data updated:","rain":0,"soilMoisture":null,"timestamp":"2025-09-26T18:02:00.825Z","vibration":0,"waterFlow":0,"waterLevel":null}
{"accelerometer":{"x":0,"y":0,"z":0},"floodProbability":null,"landslideProbability":null,"level":"info","message":"Sensor data updated:","rain":0,"soilMoisture":null,"timestamp":"2025-09-26T18:02:02.839Z","vibration":0,"waterFlow":0,"waterLevel":null}
{"level":"info","message":"Client disconnected:","timestamp":"2025-09-26T18:02:04.934Z"}
{"accelerometer":{"x":0,"y":0,"z":0},"floodProbability":null,"landslideProbability":null,"level":"info","message":"Sensor data updated:","rain":0,"soilMoisture":null,"timestamp":"2025-09-26T18:02:04.936Z","vibration":0,"waterFlow":0,"waterLevel":null}
{"level":"info","message":"Client disconnected:","timestamp":"2025-09-26T18:02:04.966Z"}
{"level":"info","message":"Client connected:","timestamp":"2025-09-26T18:02:05.371Z"}
{"level":"info","message":"Client connected:","timestamp":"2025-09-26T18:02:05.378Z"}
{"accelerometer":{"x":0,"y":0,"z":0},"floodProbability":null,"landslideProbability":null,"level":"info","message":"Sensor data updated:","rain":0,"soilMoisture":null,"timestamp":"2025-09-26T18:02:06.951Z","vibration":0,"waterFlow":0,"waterLevel":null}
{"accelerometer":{"x":0,"y":0,"z":0},"floodProbability":null,"landslideProbability":null,"level":"info","message":"Sensor data updated:","rain":0,"soilMoisture":null,"timestamp":"2025-09-26T18:02:08.950Z","vibration":0,"waterFlow":0,"waterLevel":null}
{"accelerometer":{"x":0,"y":0,"z":0},"floodProbability":null,"landslideProbability":null,"level":"info","message":"Sensor data updated:","rain":0,"soilMoisture":null,"timestamp":"2025-09-26T18:02:10.955Z","vibration":0,"waterFlow":0,"waterLevel":null}
{"accelerometer":{"x":0,"y":0,"z":0},"floodProbability":null,"landslideProbability":null,"level":"info","message":"Sensor data updated:","rain":0,"soilMoisture":null,"timestamp":"2025-09-26T18:02:12.961Z","vibration":0,"waterFlow":0,"waterLevel":null}
{"accelerometer":{"x":0,"y":0,"z":0},"floodProbability":null,"landslideProbability":null,"level":"info","message":"Sensor data updated:","rain":0,"soilMoisture":null,"timestamp":"2025-09-26T18:02:14.964Z","vibration":0,"waterFlow":0,"waterLevel":null}
{"accelerometer":{"x":0,"y":0,"z":0},"floodProbability":null,"landslideProbability":null,"level":"info","message":"Sensor data updated:","rain":0,"soilMoisture":null,"timestamp":"2025-09-26T18:02:16.980Z","vibration":0,"waterFlow":0,"waterLevel":null}
{"accelerometer":{"x":0,"y":0,"z":0},"floodProbability":null,"landslideProbability":null,"level":"info","message":"Sensor data updated:","rain":0,"soilMoisture":null,"timestamp":"2025-09-26T18:02:18.990Z","vibration":0,"waterFlow":0,"waterLevel":null}
{"accelerometer":{"x":0,"y":0,"z":0},"floodProbability":null,"landslideProbability":null,"level":"info","message":"Sensor data updated:","rain":0,"soilMoisture":null,"timestamp":"2025-09-26T18:02:21.005Z","vibration":0,"waterFlow":0,"waterLevel":null}
{"accelerometer":{"x":0,"y":0,"z":0},"floodProbability":null,"landslideProbability":null,"level":"info","message":"Sensor data updated:","rain":0,"soilMoisture":null,"timestamp":"2025-09-26T18:02:23.013Z","vibration":0,"waterFlow":0,"waterLevel":null}
{"accelerometer":{"x":0,"y":0,"z":0},"floodProbability":null,"landslideProbability":null,"level":"info","message":"Sensor data updated:","rain":0,"soilMoisture":null,"timestamp":"2025-09-26T18:02:25.025Z","vibration":0,"waterFlow":0,"waterLevel":null}
{"accelerometer":{"x":0,"y":0,"z":0},"floodProbability":null,"landslideProbability":null,"level":"info","message":"Sensor data updated:","rain":0,"soilMoisture":null,"timestamp":"2025-09-26T18:02:27.039Z","vibration":0,"waterFlow":0,"waterLevel":null}
{"accelerometer":{"x":0,"y":0,"z":0},"floodProbability":null,"landslideProbability":null,"level":"info","message":"Sensor data updated:","rain":0,"soilMoisture":null,"timestamp":"2025-09-26T18:02:29.050Z","vibration":0,"waterFlow":0,"waterLevel":null}
{"accelerometer":{"x":0,"y":0,"z":0},"floodProbability":null,"landslideProbability":null,"level":"info","message":"Sensor data updated:","rain":0,"soilMoisture":null,"timestamp":"2025-09-26T18:02:31.052Z","vibration":0,"waterFlow":0,"waterLevel":null}
{"accelerometer":{"x":0,"y":0,"z":0},"floodProbability":null,"landslideProbability":null,"level":"info","message":"Sensor data updated:","rain":0,"soilMoisture":null,"timestamp":"2025-09-26T18:02:33.054Z","vibration":0,"waterFlow":0,"waterLevel":null}
{"accelerometer":{"x":0,"y":0,"z":0},"floodProbability":null,"landslideProbability":null,"level":"info","message":"Sensor data updated:","rain":0,"soilMoisture":null,"timestamp":"2025-09-26T18:02:35.066Z","vibration":0,"waterFlow":0,"waterLevel":null}
{"accelerometer":{"x":0,"y":0,"z":0},"floodProbability":null,"landslideProbability":null,"level":"info","message":"Sensor data updated:","rain":0,"soilMoisture":null,"timestamp":"2025-09-26T18:02:37.078Z","vibration":0,"waterFlow":0,"waterLevel":null}
{"accelerometer":{"x":0,"y":0,"z":0},"floodProbability":null,"landslideProbability":null,"level":"info","message":"Sensor data updated:","rain":0,"soilMoisture":null,"timestamp":"2025-09-26T18:02:39.083Z","vibration":0,"waterFlow":0,"waterLevel":null}
{"accelerometer":{"x":0,"y":0,"z":0},"floodProbability":null,"landslideProbability":null,"level":"info","message":"Sensor data updated:","rain":0,"soilMoisture":null,"timestamp":"2025-09-26T18:02:41.095Z","vibration":0,"waterFlow":0,"waterLevel":null}
{"accelerometer":{"x":0,"y":0,"z":0},"floodProbability":null,"landslideProbability":null,"level":"info","message":"Sensor data updated:","rain":0,"soilMoisture":null,"timestamp":"2025-09-26T18:02:43.098Z","vibration":0,"waterFlow":0,"waterLevel":null}
{"accelerometer":{"x":0,"y":0,"z":0},"floodProbability":null,"landslideProbability":null,"level":"info","message":"Sensor data updated:","rain":0,"soilMoisture":null,"timestamp":"2025-09-26T18:02:45.107Z","vibration":0,"waterFlow":0,"waterLevel":null}
{"accelerometer":{"x":0,"y":0,"z":0},"floodProbability":null,"landslideProbability":null,"level":"info","message":"Sensor data updated:","rain":0,"soilMoisture":null,"timestamp":"2025-09-26T18:02:47.121Z","vibration":0,"waterFlow":0,"waterLevel":null}
{"accelerometer":{"x":0,"y":0,"z":0},"floodProbability":null,"landslideProbability":null,"level":"info","message":"Sensor data updated:","rain":0,"soilMoisture":null,"timestamp":"2025-09-26T18:02:49.132Z","vibration":0,"waterFlow":0,"waterLevel":null}
{"accelerometer":{"x":0,"y":0,"z":0},"floodProbability":null,"landslideProbability":null,"level":"info","message":"Sensor data updated:","rain":0,"soilMoisture":null,"timestamp":"2025-09-26T18:02:51.135Z","vibration":0,"waterFlow":0,"waterLevel":null}
{"accelerometer":{"x":0,"y":0,"z":0},"floodProbability":null,"landslideProbability":null,"level":"info","message":"Sensor data updated:","rain":0,"soilMoisture":null,"timestamp":"2025-09-26T18:02:53.137Z","vibration":0,"waterFlow":0,"waterLevel":null}
{"accelerometer":{"x":0,"y":0,"z":0},"floodProbability":null,"landslideProbability":null,"level":"info","message":"Sensor data updated:","rain":0,"soilMoisture":null,"timestamp":"2025-09-26T18:02:55.150Z","vibration":0,"waterFlow":0,"waterLevel":null}
{"accelerometer":{"x":0,"y":0,"z":0},"floodProbability":null,"landslideProbability":null,"level":"info","message":"Sensor data updated:","rain":0,"soilMoisture":null,"timestamp":"2025-09-26T18:02:57.164Z","vibration":0,"waterFlow":0,"waterLevel":null}
{"accelerometer":{"x":0,"y":0,"z":0},"floodProbability":null,"landslideProbability":null,"level":"info","message":"Sensor data updated:","rain":0,"soilMoisture":null,"timestamp":"2025-09-26T18:02:59.169Z","vibration":0,"waterFlow":0,"waterLevel":null}
{"accelerometer":{"x":0,"y":0,"z":0},"floodProbability":null,"landslideProbability":null,"level":"info","message":"Sensor data updated:","rain":0,"soilMoisture":null,"timestamp":"2025-09-26T18:03:01.180Z","vibration":0,"waterFlow":0,"waterLevel":null}
{"accelerometer":{"x":0,"y":0,"z":0},"floodProbability":null,"landslideProbability":null,"level":"info","message":"Sensor data updated:","rain":0,"soilMoisture":null,"timestamp":"2025-09-26T18:03:03.195Z","vibration":0,"waterFlow":0,"waterLevel":null}
{"accelerometer":{"x":0,"y":0,"z":0},"floodProbability":null,"landslideProbability":null,"level":"info","message":"Sensor data updated:","rain":0,"soilMoisture":null,"timestamp":"2025-09-26T18:03:05.196Z","vibration":0,"waterFlow":0,"waterLevel":null}
{"accelerometer":{"x":0,"y":0,"z":0},"floodProbability":null,"landslideProbability":null,"level":"info","message":"Sensor data updated:","rain":0,"soilMoisture":null,"timestamp":"2025-09-26T18:03:07.199Z","vibration":0,"waterFlow":0,"waterLevel":null}
{"accelerometer":{"x":0,"y":0,"z":0},"floodProbability":null,"landslideProbability":null,"level":"info","message":"Sensor data updated:","rain":0,"soilMoisture":null,"timestamp":"2025-09-26T18:03:09.204Z","vibration":0,"waterFlow":0,"waterLevel":null}
{"accelerometer":{"x":0,"y":0,"z":0},"floodProbability":null,"landslideProbability":null,"level":"info","message":"Sensor data updated:","rain":0,"soilMoisture":null,"timestamp":"2025-09-26T18:03:11.210Z","vibration":0,"waterFlow":0,"waterLevel":null}
{"accelerometer":{"x":0,"y":0,"z":0},"floodProbability":null,"landslideProbability":null,"level":"info","message":"Sensor data updated:","rain":0,"soilMoisture":null,"timestamp":"2025-09-26T18:03:13.218Z","vibration":0,"waterFlow":0,"waterLevel":null}
{"accelerometer":{"x":0,"y":0,"z":0},"floodProbability":null,"landslideProbability":null,"level":"info","message":"Sensor data updated:","rain":0,"soilMoisture":null,"timestamp":"2025-09-26T18:03:15.217Z","vibration":0,"waterFlow":0,"waterLevel":null}
{"accelerometer":{"x":0,"y":0,"z":0},"floodProbability":null,"landslideProbability":null,"level":"info","message":"Sensor data updated:","rain":0,"soilMoisture":null,"timestamp":"2025-09-26T18:03:17.231Z","vibration":0,"waterFlow":0,"waterLevel":null}
{"accelerometer":{"x":0,"y":0,"z":0},"floodProbability":null,"landslideProbability":null,"level":"info","message":"Sensor data updated:","rain":0,"soilMoisture":null,"timestamp":"2025-09-26T18:03:19.230Z","vibration":0,"waterFlow":0,"waterLevel":null}
{"accelerometer":{"x":0,"y":0,"z":0},"floodProbability":null,"landslideProbability":null,"level":"info","message":"Sensor data updated:","rain":0,"soilMoisture":null,"timestamp":"2025-09-26T18:03:21.239Z","vibration":0,"waterFlow":0,"waterLevel":null}
{"accelerometer":{"x":0,"y":0,"z":0},"floodProbability":null,"landslideProbability":null,"level":"info","message":"Sensor data updated:","rain":0,"soilMoisture":null,"timestamp":"2025-09-26T18:03:23.244Z","vibration":0,"waterFlow":0,"waterLevel":null}
{"accelerometer":{"x":0,"y":0,"z":0},"floodProbability":null,"landslideProbability":null,"level":"info","message":"Sensor data updated:","rain":0,"soilMoisture":null,"timestamp":"2025-09-26T18:03:25.247Z","vibration":0,"waterFlow":0,"waterLevel":null}
{"accelerometer":{"x":0,"y":0,"z":0},"floodProbability":null,"landslideProbability":null,"level":"info","message":"Sensor data updated:","rain":0,"soilMoisture":null,"timestamp":"2025-09-26T18:03:27.256Z","vibration":0,"waterFlow":0,"waterLevel":null}
{"accelerometer":{"x":0,"y":0,"z":0},"floodProbability":null,"landslideProbability":null,"level":"info","message":"Sensor data updated:","rain":0,"soilMoisture":null,"timestamp":"2025-09-26T18:03:29.257Z","vibration":0,"waterFlow":0,"waterLevel":null}
{"accelerometer":{"x":0,"y":0,"z":0},"floodProbability":null,"landslideProbability":null,"level":"info","message":"Sensor data updated:","rain":0,"soilMoisture":null,"timestamp":"2025-09-26T18:03:31.264Z","vibration":0,"waterFlow":0,"waterLevel":null}
{"accelerometer":{"x":0,"y":0,"z":0},"floodProbability":null,"landslideProbability":null,"level":"info","message":"Sensor data updated:","rain":0,"soilMoisture":null,"timestamp":"2025-09-26T18:03:33.266Z","vibration":0,"waterFlow":0,"waterLevel":null}
{"accelerometer":{"x":0,"y":0,"z":0},"floodProbability":null,"landslideProbability":null,"level":"info","message":"Sensor data updated:","rain":0,"soilMoisture":null,"timestamp":"2025-09-26T18:03:35.271Z","vibration":0,"waterFlow":0,"waterLevel":null}
{"accelerometer":{"x":0,"y":0,"z":0},"floodProbability":null,"landslideProbability":null,"level":"info","message":"Sensor data updated:","rain":0,"soilMoisture":null,"timestamp":"2025-09-26T18:03:37.280Z","vibration":0,"waterFlow":0,"waterLevel":null}
{"accelerometer":{"x":0,"y":0,"z":0},"floodProbability":null,"landslideProbability":null,"level":"info","message":"Sensor data updated:","rain":0,"soilMoisture":null,"timestamp":"2025-09-26T18:03:39.282Z","vibration":0,"waterFlow":0,"waterLevel":null}
{"accelerometer":{"x":0,"y":0,"z":0},"floodProbability":null,"landslideProbability":null,"level":"info","message":"Sensor data updated:","rain":0,"soilMoisture":null,"timestamp":"2025-09-26T18:03:41.283Z","vibration":0,"waterFlow":0,"waterLevel":null}
{"accelerometer":{"x":0,"y":0,"z":0},"floodProbability":null,"landslideProbability":null,"level":"info","message":"Sensor data updated:","rain":0,"soilMoisture":null,"timestamp":"2025-09-26T18:03:43.298Z","vibration":0,"waterFlow":0,"waterLevel":null}
{"accelerometer":{"x":0,"y":0,"z":0},"floodProbability":null,"landslideProbability":null,"level":"info","message":"Sensor data updated:","rain":0,"soilMoisture":null,"timestamp":"2025-09-26T18:03:45.312Z","vibration":0,"waterFlow":0,"waterLevel":null}
{"accelerometer":{"x":0,"y":0,"z":0},"floodProbability":null,"landslideProbability":null,"level":"info","message":"Sensor data updated:","rain":0,"soilMoisture":null,"timestamp":"2025-09-26T18:03:47.321Z","vibration":0,"waterFlow":0,"waterLevel":null}
{"accelerometer":{"x":0,"y":0,"z":0},"floodProbability":null,"landslideProbability":null,"level":"info","message":"Sensor data updated:","rain":0,"soilMoisture":null,"timestamp":"2025-09-26T18:03:49.334Z","vibration":0,"waterFlow":0,"waterLevel":null}
{"accelerometer":{"x":0,"y":0,"z":0},"floodProbability":null,"landslideProbability":null,"level":"info","message":"Sensor data updated:","rain":0,"soilMoisture":null,"timestamp":"2025-09-26T18:03:51.344Z","vibration":0,"waterFlow":0,"waterLevel":null}
{"accelerometer":{"x":0,"y":0,"z":0},"floodProbability":null,"landslideProbability":null,"level":"info","message":"Sensor data updated:","rain":0,"soilMoisture":null,"timestamp":"2025-09-26T18:03:53.344Z","vibration":0,"waterFlow":0,"waterLevel":null}
{"accelerometer":{"x":0,"y":0,"z":0},"floodProbability":null,"landslideProbability":null,"level":"info","message":"Sensor data updated:","rain":0,"soilMoisture":null,"timestamp":"2025-09-26T18:03:55.347Z","vibration":0,"waterFlow":0,"waterLevel":null}
{"accelerometer":{"x":0,"y":0,"z":0},"floodProbability":null,"landslideProbability":null,"level":"info","message":"Sensor data updated:","rain":0,"soilMoisture":null,"timestamp":"2025-09-26T18:03:57.347Z","vibration":0,"waterFlow":0,"waterLevel":null}
{"accelerometer":{"x":0,"y":0,"z":0},"floodProbability":null,"landslideProbability":null,"level":"info","message":"Sensor data updated:","rain":0,"soilMoisture":null,"timestamp":"2025-09-26T18:03:59.356Z","vibration":0,"waterFlow":0,"waterLevel":null}
{"accelerometer":{"x":0,"y":0,"z":0},"floodProbability":null,"landslideProbability":null,"level":"info","message":"Sensor data updated:","rain":0,"soilMoisture":null,"timestamp":"2025-09-26T18:04:01.358Z","vibration":0,"waterFlow":0,"waterLevel":null}
{"accelerometer":{"x":0,"y":0,"z":0},"floodProbability":null,"landslideProbability":null,"level":"info","message":"Sensor data updated:","rain":0,"soilMoisture":null,"timestamp":"2025-09-26T18:04:03.365Z","vibration":0,"waterFlow":0,"waterLevel":null}
{"accelerometer":{"x":0,"y":0,"z":0},"floodProbability":null,"landslideProbability":null,"level":"info","message":"Sensor data updated:","rain":0,"soilMoisture":null,"timestamp":"2025-09-26T18:04:05.367Z","vibration":0,"waterFlow":0,"waterLevel":null}
{"accelerometer":{"x":0,"y":0,"z":0},"floodProbability":null,"landslideProbability":null,"level":"info","message":"Sensor data updated:","rain":0,"soilMoisture":null,"timestamp":"2025-09-26T18:04:07.380Z","vibration":0,"waterFlow":0,"waterLevel":null}
{"accelerometer":{"x":0,"y":0,"z":0},"floodProbability":null,"landslideProbability":null,"level":"info","message":"Sensor data updated:","rain":0,"soilMoisture":null,"timestamp":"2025-09-26T18:04:09.381Z","vibration":0,"waterFlow":0,"waterLevel":null}
{"accelerometer":{"x":0,"y":0,"z":0},"floodProbability":null,"landslideProbability":null,"level":"info","message":"Sensor data updated:","rain":0,"soilMoisture":null,"timestamp":"2025-09-26T18:04:11.386Z","vibration":0,"waterFlow":0,"waterLevel":null}
{"accelerometer":{"x":0,"y":0,"z":0},"floodProbability":null,"landslideProbability":null,"level":"info","message":"Sensor data updated:","rain":0,"soilMoisture":null,"timestamp":"2025-09-26T18:04:13.391Z","vibration":0,"waterFlow":0,"waterLevel":null}
{"accelerometer":{"x":0,"y":0,"z":0},"floodProbability":null,"landslideProbability":null,"level":"info","message":"Sensor data updated:","rain":0,"soilMoisture":null,"timestamp":"2025-09-26T18:04:15.391Z","vibration":0,"waterFlow":0,"waterLevel":null}
{"accelerometer":{"x":0,"y":0,"z":0},"floodProbability":null,"landslideProbability":null,"level":"info","message":"Sensor data updated:","rain":0,"soilMoisture":null,"timestamp":"2025-09-26T18:04:17.397Z","vibration":0,"waterFlow":0,"waterLevel":null}
{"accelerometer":{"x":0,"y":0,"z":0},"floodProbability":null,"landslideProbability":null,"level":"info","message":"Sensor data updated:","rain":0,"soilMoisture":null,"timestamp":"2025-09-26T18:04:19.404Z","vibration":0,"waterFlow":0,"waterLevel":null}
{"accelerometer":{"x":0,"y":0,"z":0},"floodProbability":null,"landslideProbability":null,"level":"info","message":"Sensor data updated:","rain":0,"soilMoisture":null,"timestamp":"2025-09-26T18:04:21.417Z","vibration":0,"waterFlow":0,"waterLevel":null}
{"accelerometer":{"x":0,"y":0,"z":0},"floodProbability":null,"landslideProbability":null,"level":"info","message":"Sensor data updated:","rain":0,"soilMoisture":null,"timestamp":"2025-09-26T18:04:23.423Z","vibration":0,"waterFlow":0,"waterLevel":null}
{"accelerometer":{"x":0,"y":0,"z":0},"floodProbability":null,"landslideProbability":null,"level":"info","message":"Sensor data updated:","rain":0,"soilMoisture":null,"timestamp":"2025-09-26T18:04:25.423Z","vibration":0,"waterFlow":0,"waterLevel":null}
{"accelerometer":{"x":0,"y":0,"z":0},"floodProbability":null,"landslideProbability":null,"level":"info","message":"Sensor data updated:","rain":0,"soilMoisture":null,"timestamp":"2025-09-26T18:04:27.428Z","vibration":0,"waterFlow":0,"waterLevel":null}
{"accelerometer":{"x":0,"y":0,"z":0},"floodProbability":null,"landslideProbability":null,"level":"info","message":"Sensor data updated:","rain":0,"soilMoisture":null,"timestamp":"2025-09-26T18:04:29.436Z","vibration":0,"waterFlow":0,"waterLevel":null}
{"accelerometer":{"x":0,"y":0,"z":0},"floodProbability":null,"landslideProbability":null,"level":"info","message":"Sensor data updated:","rain":0,"soilMoisture":null,"timestamp":"2025-09-26T18:04:31.450Z","vibration":0,"waterFlow":0,"waterLevel":null}
{"accelerometer":{"x":0,"y":0,"z":0},"floodProbability":null,"landslideProbability":null,"level":"info","message":"Sensor data updated:","rain":0,"soilMoisture":null,"timestamp":"2025-09-26T18:04:33.465Z","vibration":0,"waterFlow":0,"waterLevel":null}
{"accelerometer":{"x":0,"y":0,"z":0},"floodProbability":null,"landslideProbability":null,"level":"info","message":"Sensor data updated:","rain":0,"soilMoisture":null,"timestamp":"2025-09-26T18:04:35.471Z","vibration":0,"waterFlow":0,"waterLevel":null}
{"accelerometer":{"x":0,"y":0,"z":0},"floodProbability":null,"landslideProbability":null,"level":"info","message":"Sensor data updated:","rain":0,"soilMoisture":null,"timestamp":"2025-09-26T18:04:37.480Z","vibration":0,"waterFlow":0,"waterLevel":null}
{"accelerometer":{"x":0,"y":0,"z":0},"floodProbability":null,"landslideProbability":null,"level":"info","message":"Sensor data updated:","rain":0,"soilMoisture":null,"timestamp":"2025-09-26T18:04:39.481Z","vibration":0,"waterFlow":0,"waterLevel":null}
{"accelerometer":{"x":0,"y":0,"z":0},"floodProbability":null,"landslideProbability":null,"level":"info","message":"Sensor data updated:","rain":0,"soilMoisture":null,"timestamp":"2025-09-26T18:04:41.490Z","vibration":0,"waterFlow":0,"waterLevel":null}
{"accelerometer":{"x":0,"y":0,"z":0},"floodProbability":null,"landslideProbability":null,"level":"info","message":"Sensor data updated:","rain":0,"soilMoisture":null,"timestamp":"2025-09-26T18:04:43.503Z","vibration":0,"waterFlow":0,"waterLevel":null}
{"accelerometer":{"x":0,"y":0,"z":0},"floodProbability":null,"landslideProbability":null,"level":"info","message":"Sensor data updated:","rain":0,"soilMoisture":null,"timestamp":"2025-09-26T18:04:45.510Z","vibration":0,"waterFlow":0,"waterLevel":null}
{"accelerometer":{"x":0,"y":0,"z":0},"floodProbability":null,"landslideProbability":null,"level":"info","message":"Sensor data updated:","rain":0,"soilMoisture":null,"timestamp":"2025-09-26T18:04:47.512Z","vibration":0,"waterFlow":0,"waterLevel":null}
{"accelerometer":{"x":0,"y":0,"z":0},"floodProbability":null,"landslideProbability":null,"level":"info","message":"Sensor data updated:","rain":0,"soilMoisture":null,"timestamp":"2025-09-26T18:04:49.512Z","vibration":0,"waterFlow":0,"waterLevel":null}
{"accelerometer":{"x":0,"y":0,"z":0},"floodProbability":null,"landslideProbability":null,"level":"info","message":"Sensor data updated:","rain":0,"soilMoisture":null,"timestamp":"2025-09-26T18:04:51.523Z","vibration":0,"waterFlow":0,"waterLevel":null}
{"accelerometer":{"x":0,"y":0,"z":0},"floodProbability":null,"landslideProbability":null,"level":"info","message":"Sensor data updated:","rain":0,"soilMoisture":null,"timestamp":"2025-09-26T18:04:53.530Z","vibration":0,"waterFlow":0,"waterLevel":null}
{"accelerometer":{"x":0,"y":0,"z":0},"floodProbability":null,"landslideProbability":null,"level":"info","message":"Sensor data updated:","rain":0,"soilMoisture":null,"timestamp":"2025-09-26T18:04:55.533Z","vibration":0,"waterFlow":0,"waterLevel":null}
{"accelerometer":{"x":0,"y":0,"z":0},"floodProbability":null,"landslideProbability":null,"level":"info","message":"Sensor data updated:","rain":0,"soilMoisture":null,"timestamp":"2025-09-26T18:04:57.544Z","vibration":0,"waterFlow":0,"waterLevel":null}
{"accelerometer":{"x":0,"y":0,"z":0},"floodProbability":null,"landslideProbability":null,"level":"info","message":"Sensor data updated:","rain":0,"soilMoisture":null,"timestamp":"2025-09-26T18:04:59.559Z","vibration":0,"waterFlow":0,"waterLevel":null}
{"accelerometer":{"x":0,"y":0,"z":0},"floodProbability":null,"landslideProbability":null,"level":"info","message":"Sensor data updated:","rain":0,"soilMoisture":null,"timestamp":"2025-09-26T18:05:01.563Z","vibration":0,"waterFlow":0,"waterLevel":null}
{"accelerometer":{"x":0,"y":0,"z":0},"floodProbability":null,"landslideProbability":null,"level":"info","message":"Sensor data updated:","rain":0,"soilMoisture":null,"timestamp":"2025-09-26T18:05:03.567Z","vibration":0,"waterFlow":0,"waterLevel":null}
{"accelerometer":{"x":0,"y":0,"z":0},"floodProbability":null,"landslideProbability":null,"level":"info","message":"Sensor data updated:","rain":0,"soilMoisture":null,"timestamp":"2025-09-26T18:05:05.573Z","vibration":0,"waterFlow":0,"waterLevel":null}
{"accelerometer":{"x":0,"y":0,"z":0},"floodProbability":null,"landslideProbability":null,"level":"info","message":"Sensor data updated:","rain":0,"soilMoisture":null,"timestamp":"2025-09-26T18:05:07.575Z","vibration":0,"waterFlow":0,"waterLevel":null}
{"accelerometer":{"x":0,"y":0,"z":0},"floodProbability":null,"landslideProbability":null,"level":"info","message":"Sensor data updated:","rain":0,"soilMoisture":null,"timestamp":"2025-09-26T18:05:09.576Z","vibration":0,"waterFlow":0,"waterLevel":null}
{"accelerometer":{"x":0,"y":0,"z":0},"floodProbability":null,"landslideProbability":null,"level":"info","message":"Sensor data updated:","rain":0,"soilMoisture":null,"timestamp":"2025-09-26T18:05:11.581Z","vibration":0,"waterFlow":0,"waterLevel":null}
{"accelerometer":{"x":0,"y":0,"z":0},"floodProbability":null,"landslideProbability":null,"level":"info","message":"Sensor data updated:","rain":0,"soilMoisture":null,"timestamp":"2025-09-26T18:05:13.586Z","vibration":0,"waterFlow":0,"waterLevel":null}
{"accelerometer":{"x":0,"y":0,"z":0},"floodProbability":null,"landslideProbability":null,"level":"info","message":"Sensor data updated:","rain":0,"soilMoisture":null,"timestamp":"2025-09-26T18:05:15.592Z","vibration":0,"waterFlow":0,"waterLevel":null}
{"accelerometer":{"x":0,"y":0,"z":0},"floodProbability":null,"landslideProbability":null,"level":"info","message":"Sensor data updated:","rain":0,"soilMoisture":null,"timestamp":"2025-09-26T18:05:17.593Z","vibration":0,"waterFlow":0,"waterLevel":null}
{"accelerometer":{"x":0,"y":0,"z":0},"floodProbability":null,"landslideProbability":null,"level":"info","message":"Sensor data updated:","rain":0,"soilMoisture":null,"timestamp":"2025-09-26T18:05:19.600Z","vibration":0,"waterFlow":0,"waterLevel":null}
{"accelerometer":{"x":0,"y":0,"z":0},"floodProbability":null,"landslideProbability":null,"level":"info","message":"Sensor data updated:","rain":0,"soilMoisture":null,"timestamp":"2025-09-26T18:05:21.614Z","vibration":0,"waterFlow":0,"waterLevel":null}
{"accelerometer":{"x":0,"y":0,"z":0},"floodProbability":null,"landslideProbability":null,"level":"info","message":"Sensor data updated:","rain":0,"soilMoisture":null,"timestamp":"2025-09-26T18:05:23.627Z","vibration":0,"waterFlow":0,"waterLevel":null}
{"accelerometer":{"x":0,"y":0,"z":0},"floodProbability":null,"landslideProbability":null,"level":"info","message":"Sensor data updated:","rain":0,"soilMoisture":null,"timestamp":"2025-09-26T18:05:25.631Z","vibration":0,"waterFlow":0,"waterLevel":null}
{"accelerometer":{"x":0,"y":0,"z":0},"floodProbability":null,"landslideProbability":null,"level":"info","message":"Sensor data updated:","rain":0,"soilMoisture":null,"timestamp":"2025-09-26T18:05:27.638Z","vibration":0,"waterFlow":0,"waterLevel":null}
{"accelerometer":{"x":0,"y":0,"z":0},"floodProbability":null,"landslideProbability":null,"level":"info","message":"Sensor data updated:","rain":0,"soilMoisture":null,"timestamp":"2025-09-26T18:05:29.649Z","vibration":0,"waterFlow":0,"waterLevel":null}
{"accelerometer":{"x":0,"y":0,"z":0},"floodProbability":null,"landslideProbability":null,"level":"info","message":"Sensor data updated:","rain":0,"soilMoisture":null,"timestamp":"2025-09-26T18:05:31.650Z","vibration":0,"waterFlow":0,"waterLevel":null}
{"accelerometer":{"x":0,"y":0,"z":0},"floodProbability":null,"landslideProbability":null,"level":"info","message":"Sensor data updated:","rain":0,"soilMoisture":null,"timestamp":"2025-09-26T18:05:33.656Z","vibration":0,"waterFlow":0,"waterLevel":null}
{"accelerometer":{"x":0,"y":0,"z":0},"floodProbability":null,"landslideProbability":null,"level":"info","message":"Sensor data updated:","rain":0,"soilMoisture":null,"timestamp":"2025-09-26T18:05:35.665Z","vibration":0,"waterFlow":0,"waterLevel":null}
{"accelerometer":{"x":0,"y":0,"z":0},"floodProbability":null,"landslideProbability":null,"level":"info","message":"Sensor data updated:","rain":0,"soilMoisture":null,"timestamp":"2025-09-26T18:05:37.677Z","vibration":0,"waterFlow":0,"waterLevel":null}
{"accelerometer":{"x":0,"y":0,"z":0},"floodProbability":null,"landslideProbability":null,"level":"info","message":"Sensor data updated:","rain":0,"soilMoisture":null,"timestamp":"2025-09-26T18:05:39.688Z","vibration":0,"waterFlow":0,"waterLevel":null}
{"accelerometer":{"x":0,"y":0,"z":0},"floodProbability":null,"landslideProbability":null,"level":"info","message":"Sensor data updated:","rain":0,"soilMoisture":null,"timestamp":"2025-09-26T18:05:41.691Z","vibration":0,"waterFlow":0,"waterLevel":null}
{"accelerometer":{"x":0,"y":0,"z":0},"floodProbability":null,"landslideProbability":null,"level":"info","message":"Sensor data updated:","rain":0,"soilMoisture":null,"timestamp":"2025-09-26T18:05:43.702Z","vibration":0,"waterFlow":0,"waterLevel":null}
{"accelerometer":{"x":0,"y":0,"z":0},"floodProbability":null,"landslideProbability":null,"level":"info","message":"Sensor data updated:","rain":0,"soilMoisture":null,"timestamp":"2025-09-26T18:05:45.711Z","vibration":0,"waterFlow":0,"waterLevel":null}
{"accelerometer":{"x":0,"y":0,"z":0},"floodProbability":null,"landslideProbability":null,"level":"info","message":"Sensor data updated:","rain":0,"soilMoisture":null,"timestamp":"2025-09-26T18:05:47.723Z","vibration":0,"waterFlow":0,"waterLevel":null}
{"accelerometer":{"x":0,"y":0,"z":0},"floodProbability":null,"landslideProbability":null,"level":"info","message":"Sensor data updated:","rain":0,"soilMoisture":null,"timestamp":"2025-09-26T18:05:49.732Z","vibration":0,"waterFlow":0,"waterLevel":null}
{"accelerometer":{"x":0,"y":0,"z":0},"floodProbability":null,"landslideProbability":null,"level":"info","message":"Sensor data updated:","rain":0,"soilMoisture":null,"timestamp":"2025-09-26T18:05:51.738Z","vibration":0,"waterFlow":0,"waterLevel":null}
{"accelerometer":{"x":0,"y":0,"z":0},"floodProbability":null,"landslideProbability":null,"level":"info","message":"Sensor data updated:","rain":0,"soilMoisture":null,"timestamp":"2025-09-26T18:05:53.740Z","vibration":0,"waterFlow":0,"waterLevel":null}
{"accelerometer":{"x":0,"y":0,"z":0},"floodProbability":null,"landslideProbability":null,"level":"info","message":"Sensor data updated:","rain":0,"soilMoisture":null,"timestamp":"2025-09-26T18:05:55.744Z","vibration":0,"waterFlow":0,"waterLevel":null}
{"accelerometer":{"x":0,"y":0,"z":0},"floodProbability":null,"landslideProbability":null,"level":"info","message":"Sensor data updated:","rain":0,"soilMoisture":null,"timestamp":"2025-09-26T18:05:57.751Z","vibration":0,"waterFlow":0,"waterLevel":null}
{"accelerometer":{"x":0,"y":0,"z":0},"floodProbability":null,"landslideProbability":null,"level":"info","message":"Sensor data updated:","rain":0,"soilMoisture":null,"timestamp":"2025-09-26T18:05:59.764Z","vibration":0,"waterFlow":0,"waterLevel":null}
{"accelerometer":{"x":0,"y":0,"z":0},"floodProbability":null,"landslideProbability":null,"level":"info","message":"Sensor data updated:","rain":0,"soilMoisture":null,"timestamp":"2025-09-26T18:06:01.777Z","vibration":0,"waterFlow":0,"waterLevel":null}
{"accelerometer":{"x":0,"y":0,"z":0},"floodProbability":null,"landslideProbability":null,"level":"info","message":"Sensor data updated:","rain":0,"soilMoisture":null,"timestamp":"2025-09-26T18:06:03.779Z","vibration":0,"waterFlow":0,"waterLevel":null}
{"accelerometer":{"x":0,"y":0,"z":0},"floodProbability":null,"landslideProbability":null,"level":"info","message":"Sensor data updated:","rain":0,"soilMoisture":null,"timestamp":"2025-09-26T18:06:05.788Z","vibration":0,"waterFlow":0,"waterLevel":null}
{"accelerometer":{"x":0,"y":0,"z":0},"floodProbability":null,"landslideProbability":null,"level":"info","message":"Sensor data updated:","rain":0,"soilMoisture":null,"timestamp":"2025-09-26T18:06:07.802Z","vibration":0,"waterFlow":0,"waterLevel":null}
{"accelerometer":{"x":0,"y":0,"z":0},"floodProbability":null,"landslideProbability":null,"level":"info","message":"Sensor data updated:","rain":0,"soilMoisture":null,"timestamp":"2025-09-26T18:06:09.808Z","vibration":0,"waterFlow":0,"waterLevel":null}
{"accelerometer":{"x":0,"y":0,"z":0},"floodProbability":null,"landslideProbability":null,"level":"info","message":"Sensor data updated:","rain":0,"soilMoisture":null,"timestamp":"2025-09-26T18:06:11.809Z","vibration":0,"waterFlow":0,"waterLevel":null}
{"accelerometer":{"x":0,"y":0,"z":0},"floodProbability":null,"landslideProbability":null,"level":"info","message":"Sensor data updated:","rain":0,"soilMoisture":null,"timestamp":"2025-09-26T18:06:13.816Z","vibration":0,"waterFlow":0,"waterLevel":null}
{"accelerometer":{"x":0,"y":0,"z":0},"floodProbability":null,"landslideProbability":null,"level":"info","message":"Sensor data updated:","rain":0,"soilMoisture":null,"timestamp":"2025-09-26T18:06:15.823Z","vibration":0,"waterFlow":0,"waterLevel":null}
{"accelerometer":{"x":0,"y":0,"z":0},"floodProbability":null,"landslideProbability":null,"level":"info","message":"Sensor data updated:","rain":0,"soilMoisture":null,"timestamp":"2025-09-26T18:06:17.828Z","vibration":0,"waterFlow":0,"waterLevel":null}
{"accelerometer":{"x":0,"y":0,"z":0},"floodProbability":null,"landslideProbability":null,"level":"info","message":"Sensor data updated:","rain":0,"soilMoisture":null,"timestamp":"2025-09-26T18:06:19.833Z","vibration":0,"waterFlow":0,"waterLevel":null}
{"accelerometer":{"x":0,"y":0,"z":0},"floodProbability":null,"landslideProbability":null,"level":"info","message":"Sensor data updated:","rain":0,"soilMoisture":null,"timestamp":"2025-09-26T18:06:21.843Z","vibration":0,"waterFlow":0,"waterLevel":null}
{"accelerometer":{"x":0,"y":0,"z":0},"floodProbability":null,"landslideProbability":null,"level":"info","message":"Sensor data updated:","rain":0,"soilMoisture":null,"timestamp":"2025-09-26T18:06:23.851Z","vibration":0,"waterFlow":0,"waterLevel":null}
{"accelerometer":{"x":0,"y":0,"z":0},"floodProbability":null,"landslideProbability":null,"level":"info","message":"Sensor data updated:","rain":0,"soilMoisture":null,"timestamp":"2025-09-26T18:06:25.859Z","vibration":0,"waterFlow":0,"waterLevel":null}
{"accelerometer":{"x":0,"y":0,"z":0},"floodProbability":null,"landslideProbability":null,"level":"info","message":"Sensor data updated:","rain":0,"soilMoisture":null,"timestamp":"2025-09-26T18:06:27.875Z","vibration":0,"waterFlow":0,"waterLevel":null}
{"accelerometer":{"x":0,"y":0,"z":0},"floodProbability":null,"landslideProbability":null,"level":"info","message":"Sensor data updated:","rain":0,"soilMoisture":null,"timestamp":"2025-09-26T18:06:29.885Z","vibration":0,"waterFlow":0,"waterLevel":null}
{"accelerometer":{"x":0,"y":0,"z":0},"floodProbability":null,"landslideProbability":null,"level":"info","message":"Sensor data updated:","rain":0,"soilMoisture":null,"timestamp":"2025-09-26T18:06:31.888Z","vibration":0,"waterFlow":0,"waterLevel":null}
{"accelerometer":{"x":0,"y":0,"z":0},"floodProbability":null,"landslideProbability":null,"level":"info","message":"Sensor data updated:","rain":0,"soilMoisture":null,"timestamp":"2025-09-26T18:06:33.889Z","vibration":0,"waterFlow":0,"waterLevel":null}
{"level":"info","message":"Client disconnected:","timestamp":"2025-09-26T18:06:34.958Z"}
{"level":"info","message":"Client disconnected:","timestamp":"2025-09-26T18:06:34.962Z"}
{"accelerometer":{"x":0,"y":0,"z":0},"floodProbability":null,"landslideProbability":null,"level":"info","message":"Sensor data updated:","rain":0,"soilMoisture":null,"timestamp":"2025-09-26T18:06:35.901Z","vibration":0,"waterFlow":0,"waterLevel":null}
{"accelerometer":{"x":0,"y":0,"z":0},"floodProbability":null,"landslideProbability":null,"level":"info","message":"Sensor data updated:","rain":0,"soilMoisture":null,"timestamp":"2025-09-26T18:06:37.909Z","vibration":0,"waterFlow":0,"waterLevel":null}
{"accelerometer":{"x":0,"y":0,"z":0},"floodProbability":null,"landslideProbability":null,"level":"info","message":"Sensor data updated:","rain":0,"soilMoisture":null,"timestamp":"2025-09-26T18:06:39.921Z","vibration":0,"waterFlow":0,"waterLevel":null}
{"accelerometer":{"x":0,"y":0,"z":0},"floodProbability":null,"landslideProbability":null,"level":"info","message":"Sensor data updated:","rain":0,"soilMoisture":null,"timestamp":"2025-09-26T18:06:41.921Z","vibration":0,"waterFlow":0,"waterLevel":null}
{"accelerometer":{"x":0,"y":0,"z":0},"floodProbability":null,"landslideProbability":null,"level":"info","message":"Sensor data updated:","rain":0,"soilMoisture":null,"timestamp":"2025-09-26T18:06:43.933Z","vibration":0,"waterFlow":0,"waterLevel":null}
{"accelerometer":{"x":0,"y":0,"z":0},"floodProbability":null,"landslideProbability":null,"level":"info","message":"Sensor data updated:","rain":0,"soilMoisture":null,"timestamp":"2025-09-26T18:06:45.939Z","vibration":0,"waterFlow":0,"waterLevel":null}
{"accelerometer":{"x":0,"y":0,"z":0},"floodProbability":null,"landslideProbability":null,"level":"info","message":"Sensor data updated:","rain":0,"soilMoisture":null,"timestamp":"2025-09-26T18:06:47.940Z","vibration":0,"waterFlow":0,"waterLevel":null}
{"accelerometer":{"x":0,"y":0,"z":0},"floodProbability":null,"landslideProbability":null,"level":"info","message":"Sensor data updated:","rain":0,"soilMoisture":null,"timestamp":"2025-09-26T18:06:49.953Z","vibration":0,"waterFlow":0,"waterLevel":null}
{"accelerometer":{"x":0,"y":0,"z":0},"floodProbability":null,"landslideProbability":null,"level":"info","message":"Sensor data updated:","rain":0,"soilMoisture":null,"timestamp":"2025-09-26T18:06:51.955Z","vibration":0,"waterFlow":0,"waterLevel":null}
{"level":"info","message":"Server running on port 3001","timestamp":"2025-09-26T18:06:55.946Z"}
{"level":"info","message":"Scanning for Arduino/CH340 devices...","timestamp":"2025-09-26T18:06:55.951Z"}
{"level":"warn","message":"Serial port COM7 not available, starting simulator","timestamp":"2025-09-26T18:06:55.952Z"}
{"level":"info","message":"Simulator mode activated","timestamp":"2025-09-26T18:06:55.953Z"}
{"accelerometer":{"x":0,"y":0,"z":0},"floodProbability":0,"landslideProbability":0,"level":"info","message":"Sensor data updated:","rain":0,"soilMoisture":null,"timestamp":"2025-09-26T18:06:57.959Z","vibration":0,"waterFlow":0,"waterLevel":null}
{"accelerometer":{"x":0,"y":0,"z":0},"floodProbability":null,"landslideProbability":null,"level":"info","message":"Sensor data updated:","rain":0,"soilMoisture":null,"timestamp":"2025-09-26T18:06:59.966Z","vibration":0,"waterFlow":0,"waterLevel":null}
{"accelerometer":{"x":0,"y":0,"z":0},"floodProbability":null,"landslideProbability":null,"level":"info","message":"Sensor data updated:","rain":0,"soilMoisture":null,"timestamp":"2025-09-26T18:07:01.974Z","vibration":0,"waterFlow":0,"waterLevel":null}
{"accelerometer":{"x":0,"y":0,"z":0},"floodProbability":null,"landslideProbability":null,"level":"info","message":"Sensor data updated:","rain":0,"soilMoisture":null,"timestamp":"2025-09-26T18:07:03.984Z","vibration":0,"waterFlow":0,"waterLevel":null}
{"accelerometer":{"x":0,"y":0,"z":0},"floodProbability":null,"landslideProbability":null,"level":"info","message":"Sensor data updated:","rain":0,"soilMoisture":null,"timestamp":"2025-09-26T18:07:05.989Z","vibration":0,"waterFlow":0,"waterLevel":null}
{"accelerometer":{"x":0,"y":0,"z":0},"floodProbability":null,"landslideProbability":null,"level":"info","message":"Sensor data updated:","rain":0,"soilMoisture":null,"timestamp":"2025-09-26T18:07:07.991Z","vibration":0,"waterFlow":0,"waterLevel":null}
{"accelerometer":{"x":0,"y":0,"z":0},"floodProbability":null,"landslideProbability":null,"level":"info","message":"Sensor data updated:","rain":0,"soilMoisture":null,"timestamp":"2025-09-26T18:07:09.998Z","vibration":0,"waterFlow":0,"waterLevel":null}
{"accelerometer":{"x":0,"y":0,"z":0},"floodProbability":null,"landslideProbability":null,"level":"info","message":"Sensor data updated:","rain":0,"soilMoisture":null,"timestamp":"2025-09-26T18:07:12.001Z","vibration":0,"waterFlow":0,"waterLevel":null}
{"accelerometer":{"x":0,"y":0,"z":0},"floodProbability":null,"landslideProbability":null,"level":"info","message":"Sensor data updated:","rain":0,"soilMoisture":null,"timestamp":"2025-09-26T18:07:14.016Z","vibration":0,"waterFlow":0,"waterLevel":null}
{"accelerometer":{"x":0,"y":0,"z":0},"floodProbability":null,"landslideProbability":null,"level":"info","message":"Sensor data updated:","rain":0,"soilMoisture":null,"timestamp":"2025-09-26T18:07:16.034Z","vibration":0,"waterFlow":0,"waterLevel":null}
{"accelerometer":{"x":0,"y":0,"z":0},"floodProbability":null,"landslideProbability":null,"level":"info","message":"Sensor data updated:","rain":0,"soilMoisture":null,"timestamp":"2025-09-26T18:07:18.035Z","vibration":0,"waterFlow":0,"waterLevel":null}
{"accelerometer":{"x":0,"y":0,"z":0},"floodProbability":null,"landslideProbability":null,"level":"info","message":"Sensor data updated:","rain":0,"soilMoisture":null,"timestamp":"2025-09-26T18:07:20.039Z","vibration":0,"waterFlow":0,"waterLevel":null}
{"accelerometer":{"x":0,"y":0,"z":0},"floodProbability":null,"landslideProbability":null,"level":"info","message":"Sensor data updated:","rain":0,"soilMoisture":null,"timestamp":"2025-09-26T18:07:22.040Z","vibration":0,"waterFlow":0,"waterLevel":null}
{"accelerometer":{"x":0,"y":0,"z":0},"floodProbability":null,"landslideProbability":null,"level":"info","message":"Sensor data updated:","rain":0,"soilMoisture":null,"timestamp":"2025-09-26T18:07:24.051Z","vibration":0,"waterFlow":0,"waterLevel":null}
{"accelerometer":{"x":0,"y":0,"z":0},"floodProbability":null,"landslideProbability":null,"level":"info","message":"Sensor data updated:","rain":0,"soilMoisture":null,"timestamp":"2025-09-26T18:07:26.052Z","vibration":0,"waterFlow":0,"waterLevel":null}
{"accelerometer":{"x":0,"y":0,"z":0},"floodProbability":null,"landslideProbability":null,"level":"info","message":"Sensor data updated:","rain":0,"soilMoisture":null,"timestamp":"2025-09-26T18:07:28.053Z","vibration":0,"waterFlow":0,"waterLevel":null}
{"accelerometer":{"x":0,"y":0,"z":0},"floodProbability":null,"landslideProbability":null,"level":"info","message":"Sensor data updated:","rain":0,"soilMoisture":null,"timestamp":"2025-09-26T18:07:30.055Z","vibration":0,"waterFlow":0,"waterLevel":null}
{"accelerometer":{"x":0,"y":0,"z":0},"floodProbability":null,"landslideProbability":null,"level":"info","message":"Sensor data updated:","rain":0,"soilMoisture":null,"timestamp":"2025-09-26T18:07:32.069Z","vibration":0,"waterFlow":0,"waterLevel":null}
{"accelerometer":{"x":0,"y":0,"z":0},"floodProbability":null,"landslideProbability":null,"level":"info","message":"Sensor data updated:","rain":0,"soilMoisture":null,"timestamp":"2025-09-26T18:07:34.074Z","vibration":0,"waterFlow":0,"waterLevel":null}
{"accelerometer":{"x":0,"y":0,"z":0},"floodProbability":null,"landslideProbability":null,"level":"info","message":"Sensor data updated:","rain":0,"soilMoisture":null,"timestamp":"2025-09-26T18:07:36.085Z","vibration":0,"waterFlow":0,"waterLevel":null}
{"accelerometer":{"x":0,"y":0,"z":0},"floodProbability":null,"landslideProbability":null,"level":"info","message":"Sensor data updated:","rain":0,"soilMoisture":null,"timestamp":"2025-09-26T18:07:38.087Z","vibration":0,"waterFlow":0,"waterLevel":null}
{"accelerometer":{"x":0,"y":0,"z":0},"floodProbability":null,"landslideProbability":null,"level":"info","message":"Sensor data updated:","rain":0,"soilMoisture":null,"timestamp":"2025-09-26T18:07:40.090Z","vibration":0,"waterFlow":0,"waterLevel":null}
{"accelerometer":{"x":0,"y":0,"z":0},"floodProbability":null,"landslideProbability":null,"level":"info","message":"Sensor data updated:","rain":0,"soilMoisture":null,"timestamp":"2025-09-26T18:07:42.104Z","vibration":0,"waterFlow":0,"waterLevel":null}
{"accelerometer":{"x":0,"y":0,"z":0},"floodProbability":null,"landslideProbability":null,"level":"info","message":"Sensor data updated:","rain":0,"soilMoisture":null,"timestamp":"2025-09-26T18:07:44.107Z","vibration":0,"waterFlow":0,"waterLevel":null}
{"accelerometer":{"x":0,"y":0,"z":0},"floodProbability":null,"landslideProbability":null,"level":"info","message":"Sensor data updated:","rain":0,"soilMoisture":null,"timestamp":"2025-09-26T18:07:46.109Z","vibration":0,"waterFlow":0,"waterLevel":null}
{"accelerometer":{"x":0,"y":0,"z":0},"floodProbability":null,"landslideProbability":null,"level":"info","message":"Sensor data updated:","rain":0,"soilMoisture":null,"timestamp":"2025-09-26T18:07:48.109Z","vibration":0,"waterFlow":0,"waterLevel":null}
{"accelerometer":{"x":0,"y":0,"z":0},"floodProbability":null,"landslideProbability":null,"level":"info","message":"Sensor data updated:","rain":0,"soilMoisture":null,"timestamp":"2025-09-26T18:07:50.121Z","vibration":0,"waterFlow":0,"waterLevel":null}
{"accelerometer":{"x":0,"y":0,"z":0},"floodProbability":null,"landslideProbability":null,"level":"info","message":"Sensor data updated:","rain":0,"soilMoisture":null,"timestamp":"2025-09-26T18:07:52.123Z","vibration":0,"waterFlow":0,"waterLevel":null}
{"accelerometer":{"x":0,"y":0,"z":0},"floodProbability":null,"landslideProbability":null,"level":"info","message":"Sensor data updated:","rain":0,"soilMoisture":null,"timestamp":"2025-09-26T18:07:54.137Z","vibration":0,"waterFlow":0,"waterLevel":null}
{"accelerometer":{"x":0,"y":0,"z":0},"floodProbability":null,"landslideProbability":null,"level":"info","message":"Sensor data updated:","rain":0,"soilMoisture":null,"timestamp":"2025-09-26T18:07:56.154Z","vibration":0,"waterFlow":0,"waterLevel":null}
{"accelerometer":{"x":0,"y":0,"z":0},"floodProbability":null,"landslideProbability":null,"level":"info","message":"Sensor data updated:","rain":0,"soilMoisture":null,"timestamp":"2025-09-26T18:07:58.154Z","vibration":0,"waterFlow":0,"waterLevel":null}
{"accelerometer":{"x":0,"y":0,"z":0},"floodProbability":null,"landslideProbability":null,"level":"info","message":"Sensor data updated:","rain":0,"soilMoisture":null,"timestamp":"2025-09-26T18:08:00.155Z","vibration":0,"waterFlow":0,"waterLevel":null}
{"accelerometer":{"x":0,"y":0,"z":0},"floodProbability":null,"landslideProbability":null,"level":"info","message":"Sensor data updated:","rain":0,"soilMoisture":null,"timestamp":"2025-09-26T18:08:02.168Z","vibration":0,"waterFlow":0,"waterLevel":null}
{"accelerometer":{"x":0,"y":0,"z":0},"floodProbability":null,"landslideProbability":null,"level":"info","message":"Sensor data updated:","rain":0,"soilMoisture":null,"timestamp":"2025-09-26T18:08:04.171Z","vibration":0,"waterFlow":0,"waterLevel":null}
{"accelerometer":{"x":0,"y":0,"z":0},"floodProbability":null,"landslideProbability":null,"level":"info","message":"Sensor data updated:","rain":0,"soilMoisture":null,"timestamp":"2025-09-26T18:08:06.170Z","vibration":0,"waterFlow":0,"waterLevel":null}
{"accelerometer":{"x":0,"y":0,"z":0},"floodProbability":null,"landslideProbability":null,"level":"info","message":"Sensor data updated:","rain":0,"soilMoisture":null,"timestamp":"2025-09-26T18:08:08.186Z","vibration":0,"waterFlow":0,"waterLevel":null}
{"accelerometer":{"x":0,"y":0,"z":0},"floodProbability":null,"landslideProbability":null,"level":"info","message":"Sensor data updated:","rain":0,"soilMoisture":null,"timestamp":"2025-09-26T18:08:10.196Z","vibration":0,"waterFlow":0,"waterLevel":null}
{"accelerometer":{"x":0,"y":0,"z":0},"floodProbability":null,"landslideProbability":null,"level":"info","message":"Sensor data updated:","rain":0,"soilMoisture":null,"timestamp":"2025-09-26T18:08:12.206Z","vibration":0,"waterFlow":0,"waterLevel":null}
{"accelerometer":{"x":0,"y":0,"z":0},"floodProbability":null,"landslideProbability":null,"level":"info","message":"Sensor data updated:","rain":0,"soilMoisture":null,"timestamp":"2025-09-26T18:08:14.207Z","vibration":0,"waterFlow":0,"waterLevel":null}
{"accelerometer":{"x":0,"y":0,"z":0},"floodProbability":null,"landslideProbability":null,"level":"info","message":"Sensor data updated:","rain":0,"soilMoisture":null,"timestamp":"2025-09-26T18:08:16.217Z","vibration":0,"waterFlow":0,"waterLevel":null}
{"accelerometer":{"x":0,"y":0,"z":0},"floodProbability":null,"landslideProbability":null,"level":"info","message":"Sensor data updated:","rain":0,"soilMoisture":null,"timestamp":"2025-09-26T18:08:18.230Z","vibration":0,"waterFlow":0,"waterLevel":null}
{"accelerometer":{"x":0,"y":0,"z":0},"floodProbability":null,"landslideProbability":null,"level":"info","message":"Sensor data updated:","rain":0,"soilMoisture":null,"timestamp":"2025-09-26T18:08:20.239Z","vibration":0,"waterFlow":0,"waterLevel":null}
{"accelerometer":{"x":0,"y":0,"z":0},"floodProbability":null,"landslideProbability":null,"level":"info","message":"Sensor data updated:","rain":0,"soilMoisture":null,"timestamp":"2025-09-26T18:08:22.253Z","vibration":0,"waterFlow":0,"waterLevel":null}
{"accelerometer":{"x":0,"y":0,"z":0},"floodProbability":null,"landslideProbability":null,"level":"info","message":"Sensor data updated:","rain":0,"soilMoisture":null,"timestamp":"2025-09-26T18:08:24.256Z","vibration":0,"waterFlow":0,"waterLevel":null}
{"accelerometer":{"x":0,"y":0,"z":0},"floodProbability":null,"landslideProbability":null,"level":"info","message":"Sensor data updated:","rain":0,"soilMoisture":null,"timestamp":"2025-09-26T18:08:26.271Z","vibration":0,"waterFlow":0,"waterLevel":null}
{"accelerometer":{"x":0,"y":0,"z":0},"floodProbability":null,"landslideProbability":null,"level":"info","message":"Sensor data updated:","rain":0,"soilMoisture":null,"timestamp":"2025-09-26T18:08:28.274Z","vibration":0,"waterFlow":0,"waterLevel":null}
{"accelerometer":{"x":0,"y":0,"z":0},"floodProbability":null,"landslideProbability":null,"level":"info","message":"Sensor data updated:","rain":0,"soilMoisture":null,"timestamp":"2025-09-26T18:08:30.281Z","vibration":0,"waterFlow":0,"waterLevel":null}
{"accelerometer":{"x":0,"y":0,"z":0},"floodProbability":null,"landslideProbability":null,"level":"info","message":"Sensor data updated:","rain":0,"soilMoisture":null,"timestamp":"2025-09-26T18:08:32.289Z","vibration":0,"waterFlow":0,"waterLevel":null}
{"accelerometer":{"x":0,"y":0,"z":0},"floodProbability":null,"landslideProbability":null,"level":"info","message":"Sensor data updated:","rain":0,"soilMoisture":null,"timestamp":"2025-09-26T18:08:34.296Z","vibration":0,"waterFlow":0,"waterLevel":null}
{"accelerometer":{"x":0,"y":0,"z":0},"floodProbability":null,"landslideProbability":null,"level":"info","message":"Sensor data updated:","rain":0,"soilMoisture":null,"timestamp":"2025-09-26T18:08:36.304Z","vibration":0,"waterFlow":0,"waterLevel":null}
{"accelerometer":{"x":0,"y":0,"z":0},"floodProbability":null,"landslideProbability":null,"level":"info","message":"Sensor data updated:","rain":0,"soilMoisture":null,"timestamp":"2025-09-26T18:08:38.311Z","vibration":0,"waterFlow":0,"waterLevel":null}
{"accelerometer":{"x":0,"y":0,"z":0},"floodProbability":null,"landslideProbability":null,"level":"info","message":"Sensor data updated:","rain":0,"soilMoisture":null,"timestamp":"2025-09-26T18:08:40.320Z","vibration":0,"waterFlow":0,"waterLevel":null}
{"accelerometer":{"x":0,"y":0,"z":0},"floodProbability":null,"landslideProbability":null,"level":"info","message":"Sensor data updated:","rain":0,"soilMoisture":null,"timestamp":"2025-09-26T18:08:42.329Z","vibration":0,"waterFlow":0,"waterLevel":null}
{"accelerometer":{"x":0,"y":0,"z":0},"floodProbability":null,"landslideProbability":null,"level":"info","message":"Sensor data updated:","rain":0,"soilMoisture":null,"timestamp":"2025-09-26T18:08:44.331Z","vibration":0,"waterFlow":0,"waterLevel":null}
{"accelerometer":{"x":0,"y":0,"z":0},"floodProbability":null,"landslideProbability":null,"level":"info","message":"Sensor data updated:","rain":0,"soilMoisture":null,"timestamp":"2025-09-26T18:08:46.333Z","vibration":0,"waterFlow":0,"waterLevel":null}
{"accelerometer":{"x":0,"y":0,"z":0},"floodProbability":null,"landslideProbability":null,"level":"info","message":"Sensor data updated:","rain":0,"soilMoisture":null,"timestamp":"2025-09-26T18:08:48.339Z","vibration":0,"waterFlow":0,"waterLevel":null}
{"accelerometer":{"x":0,"y":0,"z":0},"floodProbability":null,"landslideProbability":null,"level":"info","message":"Sensor data updated:","rain":0,"soilMoisture":null,"timestamp":"2025-09-26T18:08:50.338Z","vibration":0,"waterFlow":0,"waterLevel":null}
{"accelerometer":{"x":0,"y":0,"z":0},"floodProbability":null,"landslideProbability":null,"level":"info","message":"Sensor data updated:","rain":0,"soilMoisture":null,"timestamp":"2025-09-26T18:08:52.342Z","vibration":0,"waterFlow":0,"waterLevel":null}
{"accelerometer":{"x":0,"y":0,"z":0},"floodProbability":null,"landslideProbability":null,"level":"info","message":"Sensor data updated:","rain":0,"soilMoisture":null,"timestamp":"2025-09-26T18:08:54.355Z","vibration":0,"waterFlow":0,"waterLevel":null}
{"accelerometer":{"x":0,"y":0,"z":0},"floodProbability":null,"landslideProbability":null,"level":"info","message":"Sensor data updated:","rain":0,"soilMoisture":null,"timestamp":"2025-09-26T18:08:56.369Z","vibration":0,"waterFlow":0,"waterLevel":null}
{"accelerometer":{"x":0,"y":0,"z":0},"floodProbability":null,"landslideProbability":null,"level":"info","message":"Sensor data updated:","rain":0,"soilMoisture":null,"timestamp":"2025-09-26T18:08:58.380Z","vibration":0,"waterFlow":0,"waterLevel":null}
{"accelerometer":{"x":0,"y":0,"z":0},"floodProbability":null,"landslideProbability":null,"level":"info","message":"Sensor data updated:","rain":0,"soilMoisture":null,"timestamp":"2025-09-26T18:09:00.389Z","vibration":0,"waterFlow":0,"waterLevel":null}
{"accelerometer":{"x":0,"y":0,"z":0},"floodProbability":null,"landslideProbability":null,"level":"info","message":"Sensor data updated:","rain":0,"soilMoisture":null,"timestamp":"2025-09-26T18:09:02.395Z","vibration":0,"waterFlow":0,"waterLevel":null}
{"accelerometer":{"x":0,"y":0,"z":0},"floodProbability":null,"landslideProbability":null,"level":"info","message":"Sensor data updated:","rain":0,"soilMoisture":null,"timestamp":"2025-09-26T18:09:04.410Z","vibration":0,"waterFlow":0,"waterLevel":null}
{"accelerometer":{"x":0,"y":0,"z":0},"floodProbability":null,"landslideProbability":null,"level":"info","message":"Sensor data updated:","rain":0,"soilMoisture":null,"timestamp":"2025-09-26T18:09:06.417Z","vibration":0,"waterFlow":0,"waterLevel":null}
{"accelerometer":{"x":0,"y":0,"z":0},"floodProbability":null,"landslideProbability":null,"level":"info","message":"Sensor data updated:","rain":0,"soilMoisture":null,"timestamp":"2025-09-26T18:09:08.432Z","vibration":0,"waterFlow":0,"waterLevel":null}
{"accelerometer":{"x":0,"y":0,"z":0},"floodProbability":null,"landslideProbability":null,"level":"info","message":"Sensor data updated:","rain":0,"soilMoisture":null,"timestamp":"2025-09-26T18:09:10.433Z","vibration":0,"waterFlow":0,"waterLevel":null}
{"accelerometer":{"x":0,"y":0,"z":0},"floodProbability":null,"landslideProbability":null,"level":"info","message":"Sensor data updated:","rain":0,"soilMoisture":null,"timestamp":"2025-09-26T18:09:12.442Z","vibration":0,"waterFlow":0,"waterLevel":null}
{"accelerometer":{"x":0,"y":0,"z":0},"floodProbability":null,"landslideProbability":null,"level":"info","message":"Sensor data updated:","rain":0,"soilMoisture":null,"timestamp":"2025-09-26T18:09:14.445Z","vibration":0,"waterFlow":0,"waterLevel":null}
{"accelerometer":{"x":0,"y":0,"z":0},"floodProbability":null,"landslideProbability":null,"level":"info","message":"Sensor data updated:","rain":0,"soilMoisture":null,"timestamp":"2025-09-26T18:09:16.450Z","vibration":0,"waterFlow":0,"waterLevel":null}
{"accelerometer":{"x":0,"y":0,"z":0},"floodProbability":null,"landslideProbability":null,"level":"info","message":"Sensor data updated:","rain":0,"soilMoisture":null,"timestamp":"2025-09-26T18:09:18.461Z","vibration":0,"waterFlow":0,"waterLevel":null}
{"accelerometer":{"x":0,"y":0,"z":0},"floodProbability":null,"landslideProbability":null,"level":"info","message":"Sensor data updated:","rain":0,"soilMoisture":null,"timestamp":"2025-09-26T18:09:20.468Z","vibration":0,"waterFlow":0,"waterLevel":null}
{"accelerometer":{"x":0,"y":0,"z":0},"floodProbability":null,"landslideProbability":null,"level":"info","message":"Sensor data updated:","rain":0,"soilMoisture":null,"timestamp":"2025-09-26T18:09:22.470Z","vibration":0,"waterFlow":0,"waterLevel":null}
{"accelerometer":{"x":0,"y":0,"z":0},"floodProbability":null,"landslideProbability":null,"level":"info","message":"Sensor data updated:","rain":0,"soilMoisture":null,"timestamp":"2025-09-26T18:09:24.471Z","vibration":0,"waterFlow":0,"waterLevel":null}
{"accelerometer":{"x":0,"y":0,"z":0},"floodProbability":null,"landslideProbability":null,"level":"info","message":"Sensor data updated:","rain":0,"soilMoisture":null,"timestamp":"2025-09-26T18:09:26.478Z","vibration":0,"waterFlow":0,"waterLevel":null}
{"accelerometer":{"x":0,"y":0,"z":0},"floodProbability":null,"landslideProbability":null,"level":"info","message":"Sensor data updated:","rain":0,"soilMoisture":null,"timestamp":"2025-09-26T18:09:28.486Z","vibration":0,"waterFlow":0,"waterLevel":null}
{"accelerometer":{"x":0,"y":0,"z":0},"floodProbability":null,"landslideProbability":null,"level":"info","message":"Sensor data updated:","rain":0,"soilMoisture":null,"timestamp":"2025-09-26T18:09:30.491Z","vibration":0,"waterFlow":0,"waterLevel":null}
{"accelerometer":{"x":0,"y":0,"z":0},"floodProbability":null,"landslideProbability":null,"level":"info","message":"Sensor data updated:","rain":0,"soilMoisture":null,"timestamp":"2025-09-26T18:09:32.501Z","vibration":0,"waterFlow":0,"waterLevel":null}
{"accelerometer":{"x":0,"y":0,"z":0},"floodProbability":null,"landslideProbability":null,"level":"info","message":"Sensor data updated:","rain":0,"soilMoisture":null,"timestamp":"2025-09-26T18:09:34.505Z","vibration":0,"waterFlow":0,"waterLevel":null}
{"accelerometer":{"x":0,"y":0,"z":0},"floodProbability":null,"landslideProbability":null,"level":"info","message":"Sensor data updated:","rain":0,"soilMoisture":null,"timestamp":"2025-09-26T18:09:36.512Z","vibration":0,"waterFlow":0,"waterLevel":null}
{"accelerometer":{"x":0,"y":0,"z":0},"floodProbability":null,"landslideProbability":null,"level":"info","message":"Sensor data updated:","rain":0,"soilMoisture":null,"timestamp":"2025-09-26T18:09:38.517Z","vibration":0,"waterFlow":0,"waterLevel":null}
{"accelerometer":{"x":0,"y":0,"z":0},"floodProbability":null,"landslideProbability":null,"level":"info","message":"Sensor data updated:","rain":0,"soilMoisture":null,"timestamp":"2025-09-26T18:09:40.524Z","vibration":0,"waterFlow":0,"waterLevel":null}
{"accelerometer":{"x":0,"y":0,"z":0},"floodProbability":null,"landslideProbability":null,"level":"info","message":"Sensor data updated:","rain":0,"soilMoisture":null,"timestamp":"2025-09-26T18:09:42.539Z","vibration":0,"waterFlow":0,"waterLevel":null}
{"accelerometer":{"x":0,"y":0,"z":0},"floodProbability":null,"landslideProbability":null,"level":"info","message":"Sensor data updated:","rain":0,"soilMoisture":null,"timestamp":"2025-09-26T18:09:44.552Z","vibration":0,"waterFlow":0,"waterLevel":null}
{"accelerometer":{"x":0,"y":0,"z":0},"floodProbability":null,"landslideProbability":null,"level":"info","message":"Sensor data updated:","rain":0,"soilMoisture":null,"timestamp":"2025-09-26T18:09:46.561Z","vibration":0,"waterFlow":0,"waterLevel":null}
{"accelerometer":{"x":0,"y":0,"z":0},"floodProbability":null,"landslideProbability":null,"level":"info","message":"Sensor data updated:","rain":0,"soilMoisture":null,"timestamp":"2025-09-26T18:09:48.565Z","vibration":0,"waterFlow":0,"waterLevel":null}
{"accelerometer":{"x":0,"y":0,"z":0},"floodProbability":null,"landslideProbability":null,"level":"info","message":"Sensor data updated:","rain":0,"soilMoisture":null,"timestamp":"2025-09-26T18:09:50.570Z","vibration":0,"waterFlow":0,"waterLevel":null}
{"accelerometer":{"x":0,"y":0,"z":0},"floodProbability":null,"landslideProbability":null,"level":"info","message":"Sensor data updated:","rain":0,"soilMoisture":null,"timestamp":"2025-09-26T18:09:52.584Z","vibration":0,"waterFlow":0,"waterLevel":null}
{"accelerometer":{"x":0,"y":0,"z":0},"floodProbability":null,"landslideProbability":null,"level":"info","message":"Sensor data updated:","rain":0,"soilMoisture":null,"timestamp":"2025-09-26T18:09:54.599Z","vibration":0,"waterFlow":0,"waterLevel":null}
{"accelerometer":{"x":0,"y":0,"z":0},"floodProbability":null,"landslideProbability":null,"level":"info","message":"Sensor data updated:","rain":0,"soilMoisture":null,"timestamp":"2025-09-26T18:09:56.614Z","vibration":0,"waterFlow":0,"waterLevel":null}
{"accelerometer":{"x":0,"y":0,"z":0},"floodProbability":null,"landslideProbability":null,"level":"info","message":"Sensor data updated:","rain":0,"soilMoisture":null,"timestamp":"2025-09-26T18:09:58.622Z","vibration":0,"waterFlow":0,"waterLevel":null}
{"accelerometer":{"x":0,"y":0,"z":0},"floodProbability":null,"landslideProbability":null,"level":"info","message":"Sensor data updated:","rain":0,"soilMoisture":null,"timestamp":"2025-09-26T18:10:00.630Z","vibration":0,"waterFlow":0,"waterLevel":null}
{"accelerometer":{"x":0,"y":0,"z":0},"floodProbability":null,"landslideProbability":null,"level":"info","message":"Sensor data updated:","rain":0,"soilMoisture":null,"timestamp":"2025-09-26T18:10:02.637Z","vibration":0,"waterFlow":0,"waterLevel":null}
{"accelerometer":{"x":0,"y":0,"z":0},"floodProbability":null,"landslideProbability":null,"level":"info","message":"Sensor data updated:","rain":0,"soilMoisture":null,"timestamp":"2025-09-26T18:10:04.652Z","vibration":0,"waterFlow":0,"waterLevel":null}
{"accelerometer":{"x":0,"y":0,"z":0},"floodProbability":null,"landslideProbability":null,"level":"info","message":"Sensor data updated:","rain":0,"soilMoisture":null,"timestamp":"2025-09-26T18:10:06.667Z","vibration":0,"waterFlow":0,"waterLevel":null}
{"accelerometer":{"x":0,"y":0,"z":0},"floodProbability":null,"landslideProbability":null,"level":"info","message":"Sensor data updated:","rain":0,"soilMoisture":null,"timestamp":"2025-09-26T18:10:08.667Z","vibration":0,"waterFlow":0,"waterLevel":null}
{"accelerometer":{"x":0,"y":0,"z":0},"floodProbability":null,"landslideProbability":null,"level":"info","message":"Sensor data updated:","rain":0,"soilMoisture":null,"timestamp":"2025-09-26T18:10:10.680Z","vibration":0,"waterFlow":0,"waterLevel":null}
{"accelerometer":{"x":0,"y":0,"z":0},"floodProbability":null,"landslideProbability":null,"level":"info","message":"Sensor data updated:","rain":0,"soilMoisture":null,"timestamp":"2025-09-26T18:10:12.685Z","vibration":0,"waterFlow":0,"waterLevel":null}
{"accelerometer":{"x":0,"y":0,"z":0},"floodProbability":null,"landslideProbability":null,"level":"info","message":"Sensor data updated:","rain":0,"soilMoisture":null,"timestamp":"2025-09-26T18:10:14.691Z","vibration":0,"waterFlow":0,"waterLevel":null}
{"accelerometer":{"x":0,"y":0,"z":0},"floodProbability":null,"landslideProbability":null,"level":"info","message":"Sensor data updated:","rain":0,"soilMoisture":null,"timestamp":"2025-09-26T18:10:16.695Z","vibration":0,"waterFlow":0,"waterLevel":null}
{"accelerometer":{"x":0,"y":0,"z":0},"floodProbability":null,"landslideProbability":null,"level":"info","message":"Sensor data updated:","rain":0,"soilMoisture":null,"timestamp":"2025-09-26T18:10:18.702Z","vibration":0,"waterFlow":0,"waterLevel":null}
{"accelerometer":{"x":0,"y":0,"z":0},"floodProbability":null,"landslideProbability":null,"level":"info","message":"Sensor data updated:","rain":0,"soilMoisture":null,"timestamp":"2025-09-26T18:10:20.709Z","vibration":0,"waterFlow":0,"waterLevel":null}
{"accelerometer":{"x":0,"y":0,"z":0},"floodProbability":null,"landslideProbability":null,"level":"info","message":"Sensor data updated:","rain":0,"soilMoisture":null,"timestamp":"2025-09-26T18:10:22.716Z","vibration":0,"waterFlow":0,"waterLevel":null}
{"accelerometer":{"x":0,"y":0,"z":0},"floodProbability":null,"landslideProbability":null,"level":"info","message":"Sensor data updated:","rain":0,"soilMoisture":null,"timestamp":"2025-09-26T18:10:24.720Z","vibration":0,"waterFlow":0,"waterLevel":null}
{"accelerometer":{"x":0,"y":0,"z":0},"floodProbability":null,"landslideProbability":null,"level":"info","message":"Sensor data updated:","rain":0,"soilMoisture":null,"timestamp":"2025-09-26T18:10:26.728Z","vibration":0,"waterFlow":0,"waterLevel":null}
{"accelerometer":{"x":0,"y":0,"z":0},"floodProbability":null,"landslideProbability":null,"level":"info","message":"Sensor data updated:","rain":0,"soilMoisture":null,"timestamp":"2025-09-26T18:10:28.734Z","vibration":0,"waterFlow":0,"waterLevel":null}
{"accelerometer":{"x":0,"y":0,"z":0},"floodProbability":null,"landslideProbability":null,"level":"info","message":"Sensor data updated:","rain":0,"soilMoisture":null,"timestamp":"2025-09-26T18:10:30.745Z","vibration":0,"waterFlow":0,"waterLevel":null}
{"accelerometer":{"x":0,"y":0,"z":0},"floodProbability":null,"landslideProbability":null,"level":"info","message":"Sensor data updated:","rain":0,"soilMoisture":null,"timestamp":"2025-09-26T18:10:32.749Z","vibration":0,"waterFlow":0,"waterLevel":null}
{"accelerometer":{"x":0,"y":0,"z":0},"floodProbability":null,"landslideProbability":null,"level":"info","message":"Sensor data updated:","rain":0,"soilMoisture":null,"timestamp":"2025-09-26T18:10:34.762Z","vibration":0,"waterFlow":0,"waterLevel":null}
{"accelerometer":{"x":0,"y":0,"z":0},"floodProbability":null,"landslideProbability":null,"level":"info","message":"Sensor data updated:","rain":0,"soilMoisture":null,"timestamp":"2025-09-26T18:10:36.826Z","vibration":0,"waterFlow":0,"waterLevel":null}
{"accelerometer":{"x":0,"y":0,"z":0},"floodProbability":null,"landslideProbability":null,"level":"info","message":"Sensor data updated:","rain":0,"soilMoisture":null,"timestamp":"2025-09-26T18:10:38.833Z","vibration":0,"waterFlow":0,"waterLevel":null}
{"accelerometer":{"x":0,"y":0,"z":0},"floodProbability":null,"landslideProbability":null,"level":"info","message":"Sensor data updated:","rain":0,"soilMoisture":null,"timestamp":"2025-09-26T18:10:40.845Z","vibration":0,"waterFlow":0,"waterLevel":null}
{"accelerometer":{"x":0,"y":0,"z":0},"floodProbability":null,"landslideProbability":null,"level":"info","message":"Sensor data updated:","rain":0,"soilMoisture":null,"timestamp":"2025-09-26T18:10:42.860Z","vibration":0,"waterFlow":0,"waterLevel":null}
{"accelerometer":{"x":0,"y":0,"z":0},"floodProbability":null,"landslideProbability":null,"level":"info","message":"Sensor data updated:","rain":0,"soilMoisture":null,"timestamp":"2025-09-26T18:10:44.865Z","vibration":0,"waterFlow":0,"waterLevel":null}
{"accelerometer":{"x":0,"y":0,"z":0},"floodProbability":null,"landslideProbability":null,"level":"info","message":"Sensor data updated:","rain":0,"soilMoisture":null,"timestamp":"2025-09-26T18:10:46.876Z","vibration":0,"waterFlow":0,"waterLevel":null}
{"accelerometer":{"x":0,"y":0,"z":0},"floodProbability":null,"landslideProbability":null,"level":"info","message":"Sensor data updated:","rain":0,"soilMoisture":null,"timestamp":"2025-09-26T18:10:48.884Z","vibration":0,"waterFlow":0,"waterLevel":null}
{"accelerometer":{"x":0,"y":0,"z":0},"floodProbability":null,"landslideProbability":null,"level":"info","message":"Sensor data updated:","rain":0,"soilMoisture":null,"timestamp":"2025-09-26T18:10:50.888Z","vibration":0,"waterFlow":0,"waterLevel":null}
{"accelerometer":{"x":0,"y":0,"z":0},"floodProbability":null,"landslideProbability":null,"level":"info","message":"Sensor data updated:","rain":0,"soilMoisture":null,"timestamp":"2025-09-26T18:10:52.897Z","vibration":0,"waterFlow":0,"waterLevel":null}
{"accelerometer":{"x":0,"y":0,"z":0},"floodProbability":null,"landslideProbability":null,"level":"info","message":"Sensor data updated:","rain":0,"soilMoisture":null,"timestamp":"2025-09-26T18:10:54.900Z","vibration":0,"waterFlow":0,"waterLevel":null}
{"accelerometer":{"x":0,"y":0,"z":0},"floodProbability":null,"landslideProbability":null,"level":"info","message":"Sensor data updated:","rain":0,"soilMoisture":null,"timestamp":"2025-09-26T18:10:56.916Z","vibration":0,"waterFlow":0,"waterLevel":null}
{"level":"info","message":"Client connected:","timestamp":"2025-09-26T18:10:57.131Z"}
{"level":"info","message":"Client connected:","timestamp":"2025-09-26T18:10:57.137Z"}
{"accelerometer":{"x":0,"y":0,"z":0},"floodProbability":null,"landslideProbability":null,"level":"info","message":"Sensor data updated:","rain":0,"soilMoisture":null,"timestamp":"2025-09-26T18:10:58.926Z","vibration":0,"waterFlow":0,"waterLevel":null}
{"accelerometer":{"x":0,"y":0,"z":0},"floodProbability":null,"landslideProbability":null,"level":"info","message":"Sensor data updated:","rain":0,"soilMoisture":null,"timestamp":"2025-09-26T18:11:00.930Z","vibration":0,"waterFlow":0,"waterLevel":null}
{"accelerometer":{"x":0,"y":0,"z":0},"floodProbability":null,"landslideProbability":null,"level":"info","message":"Sensor data updated:","rain":0,"soilMoisture":null,"timestamp":"2025-09-26T18:11:02.933Z","vibration":0,"waterFlow":0,"waterLevel":null}
{"accelerometer":{"x":0,"y":0,"z":0},"floodProbability":null,"landslideProbability":null,"level":"info","message":"Sensor data updated:","rain":0,"soilMoisture":null,"timestamp":"2025-09-26T18:11:04.945Z","vibration":0,"waterFlow":0,"waterLevel":null}
{"accelerometer":{"x":0,"y":0,"z":0},"floodProbability":null,"landslideProbability":null,"level":"info","message":"Sensor data updated:","rain":0,"soilMoisture":null,"timestamp":"2025-09-26T18:11:06.947Z","vibration":0,"waterFlow":0,"waterLevel":null}
{"accelerometer":{"x":0,"y":0,"z":0},"floodProbability":null,"landslideProbability":null,"level":"info","message":"Sensor data updated:","rain":0,"soilMoisture":null,"timestamp":"2025-09-26T18:11:08.949Z","vibration":0,"waterFlow":0,"waterLevel":null}
{"accelerometer":{"x":0,"y":0,"z":0},"floodProbability":null,"landslideProbability":null,"level":"info","message":"Sensor data updated:","rain":0,"soilMoisture":null,"timestamp":"2025-09-26T18:11:10.957Z","vibration":0,"waterFlow":0,"waterLevel":null}
{"accelerometer":{"x":0,"y":0,"z":0},"floodProbability":null,"landslideProbability":null,"level":"info","message":"Sensor data updated:","rain":0,"soilMoisture":null,"timestamp":"2025-09-26T18:11:12.962Z","vibration":0,"waterFlow":0,"waterLevel":null}
{"accelerometer":{"x":0,"y":0,"z":0},"floodProbability":null,"landslideProbability":null,"level":"info","message":"Sensor data updated:","rain":0,"soilMoisture":null,"timestamp":"2025-09-26T18:11:14.966Z","vibration":0,"waterFlow":0,"waterLevel":null}
{"accelerometer":{"x":0,"y":0,"z":0},"floodProbability":null,"landslideProbability":null,"level":"info","message":"Sensor data updated:","rain":0,"soilMoisture":null,"timestamp":"2025-09-26T18:11:16.980Z","vibration":0,"waterFlow":0,"waterLevel":null}
{"accelerometer":{"x":0,"y":0,"z":0},"floodProbability":null,"landslideProbability":null,"level":"info","message":"Sensor data updated:","rain":0,"soilMoisture":null,"timestamp":"2025-09-26T18:11:18.983Z","vibration":0,"waterFlow":0,"waterLevel":null}
{"level":"info","message":"Client disconnected:","timestamp":"2025-09-26T18:11:20.200Z"}
{"level":"info","message":"Client disconnected:","timestamp":"2025-09-26T18:11:20.203Z"}
{"level":"info","message":"Client connected:","timestamp":"2025-09-26T18:11:20.379Z"}
{"level":"info","message":"Client connected:","timestamp":"2025-09-26T18:11:20.384Z"}
{"accelerometer":{"x":0,"y":0,"z":0},"floodProbability":null,"landslideProbability":null,"level":"info","message":"Sensor data updated:","rain":0,"soilMoisture":null,"timestamp":"2025-09-26T18:11:20.983Z","vibration":0,"waterFlow":0,"waterLevel":null}
{"accelerometer":{"x":0,"y":0,"z":0},"floodProbability":null,"landslideProbability":null,"level":"info","message":"Sensor data updated:","rain":0,"soilMoisture":null,"timestamp":"2025-09-26T18:11:22.992Z","vibration":0,"waterFlow":0,"waterLevel":null}
{"accelerometer":{"x":0,"y":0,"z":0},"floodProbability":null,"landslideProbability":null,"level":"info","message":"Sensor data updated:","rain":0,"soilMoisture":null,"timestamp":"2025-09-26T18:11:24.994Z","vibration":0,"waterFlow":0,"waterLevel":null}
{"accelerometer":{"x":0,"y":0,"z":0},"floodProbability":null,"landslideProbability":null,"level":"info","message":"Sensor data updated:","rain":0,"soilMoisture":null,"timestamp":"2025-09-26T18:11:26.996Z","vibration":0,"waterFlow":0,"waterLevel":null}
{"accelerometer":{"x":0,"y":0,"z":0},"floodProbability":null,"landslideProbability":null,"level":"info","message":"Sensor data updated:","rain":0,"soilMoisture":null,"timestamp":"2025-09-26T18:11:28.998Z","vibration":0,"waterFlow":0,"waterLevel":null}
{"accelerometer":{"x":0,"y":0,"z":0},"floodProbability":null,"landslideProbability":null,"level":"info","message":"Sensor data updated:","rain":0,"soilMoisture":null,"timestamp":"2025-09-26T18:11:30.999Z","vibration":0,"waterFlow":0,"waterLevel":null}
{"accelerometer":{"x":0,"y":0,"z":0},"floodProbability":null,"landslideProbability":null,"level":"info","message":"Sensor data updated:","rain":0,"soilMoisture":null,"timestamp":"2025-09-26T18:11:33.009Z","vibration":0,"waterFlow":0,"waterLevel":null}
{"accelerometer":{"x":0,"y":0,"z":0},"floodProbability":null,"landslideProbability":null,"level":"info","message":"Sensor data updated:","rain":0,"soilMoisture":null,"timestamp":"2025-09-26T18:11:35.016Z","vibration":0,"waterFlow":0,"waterLevel":null}
{"accelerometer":{"x":0,"y":0,"z":0},"floodProbability":null,"landslideProbability":null,"level":"info","message":"Sensor data updated:","rain":0,"soilMoisture":null,"timestamp":"2025-09-26T18:11:37.029Z","vibration":0,"waterFlow":0,"waterLevel":null}
{"accelerometer":{"x":0,"y":0,"z":0},"floodProbability":null,"landslideProbability":null,"level":"info","message":"Sensor data updated:","rain":0,"soilMoisture":null,"timestamp":"2025-09-26T18:11:39.031Z","vibration":0,"waterFlow":0,"waterLevel":null}
{"accelerometer":{"x":0,"y":0,"z":0},"floodProbability":null,"landslideProbability":null,"level":"info","message":"Sensor data updated:","rain":0,"soilMoisture":null,"timestamp":"2025-09-26T18:11:41.031Z","vibration":0,"waterFlow":0,"waterLevel":null}
{"accelerometer":{"x":0,"y":0,"z":0},"floodProbability":null,"landslideProbability":null,"level":"info","message":"Sensor data updated:","rain":0,"soilMoisture":null,"timestamp":"2025-09-26T18:11:43.036Z","vibration":0,"waterFlow":0,"waterLevel":null}
{"accelerometer":{"x":0,"y":0,"z":0},"floodProbability":null,"landslideProbability":null,"level":"info","message":"Sensor data updated:","rain":0,"soilMoisture":null,"timestamp":"2025-09-26T18:11:45.045Z","vibration":0,"waterFlow":0,"waterLevel":null}
{"accelerometer":{"x":0,"y":0,"z":0},"floodProbability":null,"landslideProbability":null,"level":"info","message":"Sensor data updated:","rain":0,"soilMoisture":null,"timestamp":"2025-09-26T18:11:47.062Z","vibration":0,"waterFlow":0,"waterLevel":null}
{"accelerometer":{"x":0,"y":0,"z":0},"floodProbability":null,"landslideProbability":null,"level":"info","message":"Sensor data updated:","rain":0,"soilMoisture":null,"timestamp":"2025-09-26T18:11:49.067Z","vibration":0,"waterFlow":0,"waterLevel":null}
{"accelerometer":{"x":0,"y":0,"z":0},"floodProbability":null,"landslideProbability":null,"level":"info","message":"Sensor data updated:","rain":0,"soilMoisture":null,"timestamp":"2025-09-26T18:11:51.079Z","vibration":0,"waterFlow":0,"waterLevel":null}
{"accelerometer":{"x":0,"y":0,"z":0},"floodProbability":null,"landslideProbability":null,"level":"info","message":"Sensor data updated:","rain":0,"soilMoisture":null,"timestamp":"2025-09-26T18:11:53.082Z","vibration":0,"waterFlow":0,"waterLevel":null}
{"accelerometer":{"x":0,"y":0,"z":0},"floodProbability":null,"landslideProbability":null,"level":"info","message":"Sensor data updated:","rain":0,"soilMoisture":null,"timestamp":"2025-09-26T18:11:55.092Z","vibration":0,"waterFlow":0,"waterLevel":null}
{"accelerometer":{"x":0,"y":0,"z":0},"floodProbability":null,"landslideProbability":null,"level":"info","message":"Sensor data updated:","rain":0,"soilMoisture":null,"timestamp":"2025-09-26T18:11:57.097Z","vibration":0,"waterFlow":0,"waterLevel":null}
{"accelerometer":{"x":0,"y":0,"z":0},"floodProbability":null,"landslideProbability":null,"level":"info","message":"Sensor data updated:","rain":0,"soilMoisture":null,"timestamp":"2025-09-26T18:11:59.109Z","vibration":0,"waterFlow":0,"waterLevel":null}
{"accelerometer":{"x":0,"y":0,"z":0},"floodProbability":null,"landslideProbability":null,"level":"info","message":"Sensor data updated:","rain":0,"soilMoisture":null,"timestamp":"2025-09-26T18:12:01.113Z","vibration":0,"waterFlow":0,"waterLevel":null}
{"level":"info","message":"Client disconnected:","timestamp":"2025-09-26T18:12:02.310Z"}
{"level":"info","message":"Client disconnected:","timestamp":"2025-09-26T18:12:02.312Z"}
{"level":"info","message":"Client connected:","timestamp":"2025-09-26T18:12:02.488Z"}
{"level":"info","message":"Client connected:","timestamp":"2025-09-26T18:12:02.493Z"}
{"accelerometer":{"x":0,"y":0,"z":0},"floodProbability":null,"landslideProbability":null,"level":"info","message":"Sensor data updated:","rain":0,"soilMoisture":null,"timestamp":"2025-09-26T18:12:03.114Z","vibration":0,"waterFlow":0,"waterLevel":null}
{"accelerometer":{"x":0,"y":0,"z":0},"floodProbability":null,"landslideProbability":null,"level":"info","message":"Sensor data updated:","rain":0,"soilMoisture":null,"timestamp":"2025-09-26T18:12:05.114Z","vibration":0,"waterFlow":0,"waterLevel":null}
{"accelerometer":{"x":0,"y":0,"z":0},"floodProbability":null,"landslideProbability":null,"level":"info","message":"Sensor data updated:","rain":0,"soilMoisture":null,"timestamp":"2025-09-26T18:12:07.129Z","vibration":0,"waterFlow":0,"waterLevel":null}
{"accelerometer":{"x":0,"y":0,"z":0},"floodProbability":null,"landslideProbability":null,"level":"info","message":"Sensor data updated:","rain":0,"soilMoisture":null,"timestamp":"2025-09-26T18:12:09.143Z","vibration":0,"waterFlow":0,"waterLevel":null}
{"accelerometer":{"x":0,"y":0,"z":0},"floodProbability":null,"landslideProbability":null,"level":"info","message":"Sensor data updated:","rain":0,"soilMoisture":null,"timestamp":"2025-09-26T18:12:11.146Z","vibration":0,"waterFlow":0,"waterLevel":null}
{"accelerometer":{"x":0,"y":0,"z":0},"floodProbability":null,"landslideProbability":null,"level":"info","message":"Sensor data updated:","rain":0,"soilMoisture":null,"timestamp":"2025-09-26T18:12:13.147Z","vibration":0,"waterFlow":0,"waterLevel":null}
{"accelerometer":{"x":0,"y":0,"z":0},"floodProbability":null,"landslideProbability":null,"level":"info","message":"Sensor data updated:","rain":0,"soilMoisture":null,"timestamp":"2025-09-26T18:12:15.161Z","vibration":0,"waterFlow":0,"waterLevel":null}
{"level":"info","message":"Client disconnected:","timestamp":"2025-09-26T18:12:16.049Z"}
{"level":"info","message":"Client disconnected:","timestamp":"2025-09-26T18:12:16.051Z"}
{"level":"info","message":"Client connected:","timestamp":"2025-09-26T18:12:16.167Z"}
{"level":"info","message":"Client connected:","timestamp":"2025-09-26T18:12:16.172Z"}
{"accelerometer":{"x":0,"y":0,"z":0},"floodProbability":null,"landslideProbability":null,"level":"info","message":"Sensor data updated:","rain":0,"soilMoisture":null,"timestamp":"2025-09-26T18:12:17.176Z","vibration":0,"waterFlow":0,"waterLevel":null}
{"accelerometer":{"x":0,"y":0,"z":0},"floodProbability":null,"landslideProbability":null,"level":"info","message":"Sensor data updated:","rain":0,"soilMoisture":null,"timestamp":"2025-09-26T18:12:19.189Z","vibration":0,"waterFlow":0,"waterLevel":null}
{"accelerometer":{"x":0,"y":0,"z":0},"floodProbability":null,"landslideProbability":null,"level":"info","message":"Sensor data updated:","rain":0,"soilMoisture":null,"timestamp":"2025-09-26T18:12:21.197Z","vibration":0,"waterFlow":0,"waterLevel":null}
{"accelerometer":{"x":0,"y":0,"z":0},"floodProbability":null,"landslideProbability":null,"level":"info","message":"Sensor data updated:","rain":0,"soilMoisture":null,"timestamp":"2025-09-26T18:12:23.211Z","vibration":0,"waterFlow":0,"waterLevel":null}
{"accelerometer":{"x":0,"y":0,"z":0},"floodProbability":null,"landslideProbability":null,"level":"info","message":"Sensor data updated:","rain":0,"soilMoisture":null,"timestamp":"2025-09-26T18:12:25.211Z","vibration":0,"waterFlow":0,"waterLevel":null}
{"accelerometer":{"x":0,"y":0,"z":0},"floodProbability":null,"landslideProbability":null,"level":"info","message":"Sensor data updated:","rain":0,"soilMoisture":null,"timestamp":"2025-09-26T18:12:27.226Z","vibration":0,"waterFlow":0,"waterLevel":null}
{"accelerometer":{"x":0,"y":0,"z":0},"floodProbability":null,"landslideProbability":null,"level":"info","message":"Sensor data updated:","rain":0,"soilMoisture":null,"timestamp":"2025-09-26T18:12:29.238Z","vibration":0,"waterFlow":0,"waterLevel":null}
{"accelerometer":{"x":0,"y":0,"z":0},"floodProbability":null,"landslideProbability":null,"level":"info","message":"Sensor data updated:","rain":0,"soilMoisture":null,"timestamp":"2025-09-26T18:12:31.238Z","vibration":0,"waterFlow":0,"waterLevel":null}
{"accelerometer":{"x":0,"y":0,"z":0},"floodProbability":null,"landslideProbability":null,"level":"info","message":"Sensor data updated:","rain":0,"soilMoisture":null,"timestamp":"2025-09-26T18:12:33.253Z","vibration":0,"waterFlow":0,"waterLevel":null}
{"accelerometer":{"x":0,"y":0,"z":0},"floodProbability":null,"landslideProbability":null,"level":"info","message":"Sensor data updated:","rain":0,"soilMoisture":null,"timestamp":"2025-09-26T18:12:35.256Z","vibration":0,"waterFlow":0,"waterLevel":null}
{"accelerometer":{"x":0,"y":0,"z":0},"floodProbability":null,"landslideProbability":null,"level":"info","message":"Sensor data updated:","rain":0,"soilMoisture":null,"timestamp":"2025-09-26T18:12:37.263Z","vibration":0,"waterFlow":0,"waterLevel":null}
{"accelerometer":{"x":0,"y":0,"z":0},"floodProbability":null,"landslideProbability":null,"level":"info","message":"Sensor data updated:","rain":0,"soilMoisture":null,"timestamp":"2025-09-26T18:12:39.264Z","vibration":0,"waterFlow":0,"waterLevel":null}
{"accelerometer":{"x":0,"y":0,"z":0},"floodProbability":null,"landslideProbability":null,"level":"info","message":"Sensor data updated:","rain":0,"soilMoisture":null,"timestamp":"2025-09-26T18:12:41.269Z","vibration":0,"waterFlow":0,"waterLevel":null}
{"accelerometer":{"x":0,"y":0,"z":0},"floodProbability":null,"landslideProbability":null,"level":"info","message":"Sensor data updated:","rain":0,"soilMoisture":null,"timestamp":"2025-09-26T18:12:43.279Z","vibration":0,"waterFlow":0,"waterLevel":null}
{"accelerometer":{"x":0,"y":0,"z":0},"floodProbability":null,"landslideProbability":null,"level":"info","message":"Sensor data updated:","rain":0,"soilMoisture":null,"timestamp":"2025-09-26T18:12:45.283Z","vibration":0,"waterFlow":0,"waterLevel":null}
{"accelerometer":{"x":0,"y":0,"z":0},"floodProbability":null,"landslideProbability":null,"level":"info","message":"Sensor data updated:","rain":0,"soilMoisture":null,"timestamp":"2025-09-26T18:12:47.298Z","vibration":0,"waterFlow":0,"waterLevel":null}
{"accelerometer":{"x":0,"y":0,"z":0},"floodProbability":null,"landslideProbability":null,"level":"info","message":"Sensor data updated:","rain":0,"soilMoisture":null,"timestamp":"2025-09-26T18:12:49.299Z","vibration":0,"waterFlow":0,"waterLevel":null}
{"accelerometer":{"x":0,"y":0,"z":0},"floodProbability":null,"landslideProbability":null,"level":"info","message":"Sensor data updated:","rain":0,"soilMoisture":null,"timestamp":"2025-09-26T18:12:51.304Z","vibration":0,"waterFlow":0,"waterLevel":null}
{"accelerometer":{"x":0,"y":0,"z":0},"floodProbability":null,"landslideProbability":null,"level":"info","message":"Sensor data updated:","rain":0,"soilMoisture":null,"timestamp":"2025-09-26T18:12:53.309Z","vibration":0,"waterFlow":0,"waterLevel":null}
{"accelerometer":{"x":0,"y":0,"z":0},"floodProbability":null,"landslideProbability":null,"level":"info","message":"Sensor data updated:","rain":0,"soilMoisture":null,"timestamp":"2025-09-26T18:12:55.324Z","vibration":0,"waterFlow":0,"waterLevel":null}
{"accelerometer":{"x":0,"y":0,"z":0},"floodProbability":null,"landslideProbability":null,"level":"info","message":"Sensor data updated:","rain":0,"soilMoisture":null,"timestamp":"2025-09-26T18:12:57.328Z","vibration":0,"waterFlow":0,"waterLevel":null}
{"accelerometer":{"x":0,"y":0,"z":0},"floodProbability":null,"landslideProbability":null,"level":"info","message":"Sensor data updated:","rain":0,"soilMoisture":null,"timestamp":"2025-09-26T18:12:59.332Z","vibration":0,"waterFlow":0,"waterLevel":null}
{"accelerometer":{"x":0,"y":0,"z":0},"floodProbability":null,"landslideProbability":null,"level":"info","message":"Sensor data updated:","rain":0,"soilMoisture":null,"timestamp":"2025-09-26T18:13:01.340Z","vibration":0,"waterFlow":0,"waterLevel":null}
{"accelerometer":{"x":0,"y":0,"z":0},"floodProbability":null,"landslideProbability":null,"level":"info","message":"Sensor data updated:","rain":0,"soilMoisture":null,"timestamp":"2025-09-26T18:13:03.354Z","vibration":0,"waterFlow":0,"waterLevel":null}
{"accelerometer":{"x":0,"y":0,"z":0},"floodProbability":null,"landslideProbability":null,"level":"info","message":"Sensor data updated:","rain":0,"soilMoisture":null,"timestamp":"2025-09-26T18:13:05.362Z","vibration":0,"waterFlow":0,"waterLevel":null}
{"accelerometer":{"x":0,"y":0,"z":0},"floodProbability":null,"landslideProbability":null,"level":"info","message":"Sensor data updated:","rain":0,"soilMoisture":null,"timestamp":"2025-09-26T18:13:07.369Z","vibration":0,"waterFlow":0,"waterLevel":null}
{"accelerometer":{"x":0,"y":0,"z":0},"floodProbability":null,"landslideProbability":null,"level":"info","message":"Sensor data updated:","rain":0,"soilMoisture":null,"timestamp":"2025-09-26T18:13:09.378Z","vibration":0,"waterFlow":0,"waterLevel":null}
{"accelerometer":{"x":0,"y":0,"z":0},"floodProbability":null,"landslideProbability":null,"level":"info","message":"Sensor data updated:","rain":0,"soilMoisture":null,"timestamp":"2025-09-26T18:13:11.392Z","vibration":0,"waterFlow":0,"waterLevel":null}
{"level":"info","message":"Client disconnected:","timestamp":"2025-09-26T18:13:12.726Z"}
{"level":"info","message":"Client disconnected:","timestamp":"2025-09-26T18:13:12.729Z"}
{"level":"info","message":"Client connected:","timestamp":"2025-09-26T18:13:12.948Z"}
{"level":"info","message":"Client connected:","timestamp":"2025-09-26T18:13:12.951Z"}
{"accelerometer":{"x":0,"y":0,"z":0},"floodProbability":null,"landslideProbability":null,"level":"info","message":"Sensor data updated:","rain":0,"soilMoisture":null,"timestamp":"2025-09-26T18:13:13.394Z","vibration":0,"waterFlow":0,"waterLevel":null}
{"accelerometer":{"x":0,"y":0,"z":0},"floodProbability":null,"landslideProbability":null,"level":"info","message":"Sensor data updated:","rain":0,"soilMoisture":null,"timestamp":"2025-09-26T18:13:15.394Z","vibration":0,"waterFlow":0,"waterLevel":null}
{"accelerometer":{"x":0,"y":0,"z":0},"floodProbability":null,"landslideProbability":null,"level":"info","message":"Sensor data updated:","rain":0,"soilMoisture":null,"timestamp":"2025-09-26T18:13:17.409Z","vibration":0,"waterFlow":0,"waterLevel":null}
{"accelerometer":{"x":0,"y":0,"z":0},"floodProbability":null,"landslideProbability":null,"level":"info","message":"Sensor data updated:","rain":0,"soilMoisture":null,"timestamp":"2025-09-26T18:13:19.422Z","vibration":0,"waterFlow":0,"waterLevel":null}
{"accelerometer":{"x":0,"y":0,"z":0},"floodProbability":null,"landslideProbability":null,"level":"info","message":"Sensor data updated:","rain":0,"soilMoisture":null,"timestamp":"2025-09-26T18:13:21.422Z","vibration":0,"waterFlow":0,"waterLevel":null}
{"accelerometer":{"x":0,"y":0,"z":0},"floodProbability":null,"landslideProbability":null,"level":"info","message":"Sensor data updated:","rain":0,"soilMoisture":null,"timestamp":"2025-09-26T18:13:23.429Z","vibration":0,"waterFlow":0,"waterLevel":null}
{"accelerometer":{"x":0,"y":0,"z":0},"floodProbability":null,"landslideProbability":null,"level":"info","message":"Sensor data updated:","rain":0,"soilMoisture":null,"timestamp":"2025-09-26T18:13:25.438Z","vibration":0,"waterFlow":0,"waterLevel":null}
{"accelerometer":{"x":0,"y":0,"z":0},"floodProbability":null,"landslideProbability":null,"level":"info","message":"Sensor data updated:","rain":0,"soilMoisture":null,"timestamp":"2025-09-26T18:13:27.438Z","vibration":0,"waterFlow":0,"waterLevel":null}
{"accelerometer":{"x":0,"y":0,"z":0},"floodProbability":null,"landslideProbability":null,"level":"info","message":"Sensor data updated:","rain":0,"soilMoisture":null,"timestamp":"2025-09-26T18:13:29.453Z","vibration":0,"waterFlow":0,"waterLevel":null}
{"accelerometer":{"x":0,"y":0,"z":0},"floodProbability":null,"landslideProbability":null,"level":"info","message":"Sensor data updated:","rain":0,"soilMoisture":null,"timestamp":"2025-09-26T18:13:31.462Z","vibration":0,"waterFlow":0,"waterLevel":null}
{"accelerometer":{"x":0,"y":0,"z":0},"floodProbability":null,"landslideProbability":null,"level":"info","message":"Sensor data updated:","rain":0,"soilMoisture":null,"timestamp":"2025-09-26T18:13:33.462Z","vibration":0,"waterFlow":0,"waterLevel":null}
{"accelerometer":{"x":0,"y":0,"z":0},"floodProbability":null,"landslideProbability":null,"level":"info","message":"Sensor data updated:","rain":0,"soilMoisture":null,"timestamp":"2025-09-26T18:13:35.467Z","vibration":0,"waterFlow":0,"waterLevel":null}
{"accelerometer":{"x":0,"y":0,"z":0},"floodProbability":null,"landslideProbability":null,"level":"info","message":"Sensor data updated:","rain":0,"soilMoisture":null,"timestamp":"2025-09-26T18:13:37.469Z","vibration":0,"waterFlow":0,"waterLevel":null}
{"accelerometer":{"x":0,"y":0,"z":0},"floodProbability":null,"landslideProbability":null,"level":"info","message":"Sensor data updated:","rain":0,"soilMoisture":null,"timestamp":"2025-09-26T18:13:39.478Z","vibration":0,"waterFlow":0,"waterLevel":null}
{"accelerometer":{"x":0,"y":0,"z":0},"floodProbability":null,"landslideProbability":null,"level":"info","message":"Sensor data updated:","rain":0,"soilMoisture":null,"timestamp":"2025-09-26T18:13:41.486Z","vibration":0,"waterFlow":0,"waterLevel":null}
{"accelerometer":{"x":0,"y":0,"z":0},"floodProbability":null,"landslideProbability":null,"level":"info","message":"Sensor data updated:","rain":0,"soilMoisture":null,"timestamp":"2025-09-26T18:13:43.488Z","vibration":0,"waterFlow":0,"waterLevel":null}
{"accelerometer":{"x":0,"y":0,"z":0},"floodProbability":null,"landslideProbability":null,"level":"info","message":"Sensor data updated:","rain":0,"soilMoisture":null,"timestamp":"2025-09-26T18:13:45.489Z","vibration":0,"waterFlow":0,"waterLevel":null}
{"level":"info","message":"Client disconnected:","timestamp":"2025-09-26T18:13:46.508Z"}
{"level":"info","message":"Client disconnected:","timestamp":"2025-09-26T18:13:46.511Z"}
{"accelerometer":{"x":0,"y":0,"z":0},"floodProbability":null,"landslideProbability":null,"level":"info","message":"Sensor data updated:","rain":0,"soilMoisture":null,"timestamp":"2025-09-26T18:13:47.502Z","vibration":0,"waterFlow":0,"waterLevel":null}
{"level":"info","message":"Client connected:","timestamp":"2025-09-26T18:13:48.731Z"}
{"level":"info","message":"Client connected:","timestamp":"2025-09-26T18:13:48.734Z"}
{"accelerometer":{"x":0,"y":0,"z":0},"floodProbability":null,"landslideProbability":null,"level":"info","message":"Sensor data updated:","rain":0,"soilMoisture":null,"timestamp":"2025-09-26T18:13:49.508Z","vibration":0,"waterFlow":0,"waterLevel":null}
{"accelerometer":{"x":0,"y":0,"z":0},"floodProbability":null,"landslideProbability":null,"level":"info","message":"Sensor data updated:","rain":0,"soilMoisture":null,"timestamp":"2025-09-26T18:13:51.512Z","vibration":0,"waterFlow":0,"waterLevel":null}
{"accelerometer":{"x":0,"y":0,"z":0},"floodProbability":null,"landslideProbability":null,"level":"info","message":"Sensor data updated:","rain":0,"soilMoisture":null,"timestamp":"2025-09-26T18:13:53.526Z","vibration":0,"waterFlow":0,"waterLevel":null}
{"accelerometer":{"x":0,"y":0,"z":0},"floodProbability":null,"landslideProbability":null,"level":"info","message":"Sensor data updated:","rain":0,"soilMoisture":null,"timestamp":"2025-09-26T18:13:55.536Z","vibration":0,"waterFlow":0,"waterLevel":null}
{"accelerometer":{"x":0,"y":0,"z":0},"floodProbability":null,"landslideProbability":null,"level":"info","message":"Sensor data updated:","rain":0,"soilMoisture":null,"timestamp":"2025-09-26T18:13:57.537Z","vibration":0,"waterFlow":0,"waterLevel":null}
{"accelerometer":{"x":0,"y":0,"z":0},"floodProbability":null,"landslideProbability":null,"level":"info","message":"Sensor data updated:","rain":0,"soilMoisture":null,"timestamp":"2025-09-26T18:13:59.546Z","vibration":0,"waterFlow":0,"waterLevel":null}
{"accelerometer":{"x":0,"y":0,"z":0},"floodProbability":null,"landslideProbability":null,"level":"info","message":"Sensor data updated:","rain":0,"soilMoisture":null,"timestamp":"2025-09-26T18:14:01.553Z","vibration":0,"waterFlow":0,"waterLevel":null}
{"accelerometer":{"x":0,"y":0,"z":0},"floodProbability":null,"landslideProbability":null,"level":"info","message":"Sensor data updated:","rain":0,"soilMoisture":null,"timestamp":"2025-09-26T18:14:03.557Z","vibration":0,"waterFlow":0,"waterLevel":null}
{"accelerometer":{"x":0,"y":0,"z":0},"floodProbability":null,"landslideProbability":null,"level":"info","message":"Sensor data updated:","rain":0,"soilMoisture":null,"timestamp":"2025-09-26T18:14:05.558Z","vibration":0,"waterFlow":0,"waterLevel":null}
{"accelerometer":{"x":0,"y":0,"z":0},"floodProbability":null,"landslideProbability":null,"level":"info","message":"Sensor data updated:","rain":0,"soilMoisture":null,"timestamp":"2025-09-26T18:14:07.557Z","vibration":0,"waterFlow":0,"waterLevel":null}
{"accelerometer":{"x":0,"y":0,"z":0},"floodProbability":null,"landslideProbability":null,"level":"info","message":"Sensor data updated:","rain":0,"soilMoisture":null,"timestamp":"2025-09-26T18:14:09.558Z","vibration":0,"waterFlow":0,"waterLevel":null}
{"accelerometer":{"x":0,"y":0,"z":0},"floodProbability":null,"landslideProbability":null,"level":"info","message":"Sensor data updated:","rain":0,"soilMoisture":null,"timestamp":"2025-09-26T18:14:11.573Z","vibration":0,"waterFlow":0,"waterLevel":null}
{"accelerometer":{"x":0,"y":0,"z":0},"floodProbability":null,"landslideProbability":null,"level":"info","message":"Sensor data updated:","rain":0,"soilMoisture":null,"timestamp":"2025-09-26T18:14:13.574Z","vibration":0,"waterFlow":0,"waterLevel":null}
{"accelerometer":{"x":0,"y":0,"z":0},"floodProbability":null,"landslideProbability":null,"level":"info","message":"Sensor data updated:","rain":0,"soilMoisture":null,"timestamp":"2025-09-26T18:14:15.576Z","vibration":0,"waterFlow":0,"waterLevel":null}
{"accelerometer":{"x":0,"y":0,"z":0},"floodProbability":null,"landslideProbability":null,"level":"info","message":"Sensor data updated:","rain":0,"soilMoisture":null,"timestamp":"2025-09-26T18:14:17.581Z","vibration":0,"waterFlow":0,"waterLevel":null}
{"accelerometer":{"x":0,"y":0,"z":0},"floodProbability":null,"landslideProbability":null,"level":"info","message":"Sensor data updated:","rain":0,"soilMoisture":null,"timestamp":"2025-09-26T18:14:19.586Z","vibration":0,"waterFlow":0,"waterLevel":null}
{"accelerometer":{"x":0,"y":0,"z":0},"floodProbability":null,"landslideProbability":null,"level":"info","message":"Sensor data updated:","rain":0,"soilMoisture":null,"timestamp":"2025-09-26T18:14:21.592Z","vibration":0,"waterFlow":0,"waterLevel":null}
{"accelerometer":{"x":0,"y":0,"z":0},"floodProbability":null,"landslideProbability":null,"level":"info","message":"Sensor data updated:","rain":0,"soilMoisture":null,"timestamp":"2025-09-26T18:14:23.601Z","vibration":0,"waterFlow":0,"waterLevel":null}
{"accelerometer":{"x":0,"y":0,"z":0},"floodProbability":null,"landslideProbability":null,"level":"info","message":"Sensor data updated:","rain":0,"soilMoisture":null,"timestamp":"2025-09-26T18:14:25.611Z","vibration":0,"waterFlow":0,"waterLevel":null}
{"accelerometer":{"x":0,"y":0,"z":0},"floodProbability":null,"landslideProbability":null,"level":"info","message":"Sensor data updated:","rain":0,"soilMoisture":null,"timestamp":"2025-09-26T18:14:27.617Z","vibration":0,"waterFlow":0,"waterLevel":null}
{"accelerometer":{"x":0,"y":0,"z":0},"floodProbability":null,"landslideProbability":null,"level":"info","message":"Sensor data updated:","rain":0,"soilMoisture":null,"timestamp":"2025-09-26T18:14:29.622Z","vibration":0,"waterFlow":0,"waterLevel":null}
{"accelerometer":{"x":0,"y":0,"z":0},"floodProbability":null,"landslideProbability":null,"level":"info","message":"Sensor data updated:","rain":0,"soilMoisture":null,"timestamp":"2025-09-26T18:14:31.626Z","vibration":0,"waterFlow":0,"waterLevel":null}
{"accelerometer":{"x":0,"y":0,"z":0},"floodProbability":null,"landslideProbability":null,"level":"info","message":"Sensor data updated:","rain":0,"soilMoisture":null,"timestamp":"2025-09-26T18:14:33.627Z","vibration":0,"waterFlow":0,"waterLevel":null}
{"accelerometer":{"x":0,"y":0,"z":0},"floodProbability":null,"landslideProbability":null,"level":"info","message":"Sensor data updated:","rain":0,"soilMoisture":null,"timestamp":"2025-09-26T18:14:35.634Z","vibration":0,"waterFlow":0,"waterLevel":null}
{"accelerometer":{"x":0,"y":0,"z":0},"floodProbability":null,"landslideProbability":null,"level":"info","message":"Sensor data updated:","rain":0,"soilMoisture":null,"timestamp":"2025-09-26T18:14:37.636Z","vibration":0,"waterFlow":0,"waterLevel":null}
{"accelerometer":{"x":0,"y":0,"z":0},"floodProbability":null,"landslideProbability":null,"level":"info","message":"Sensor data updated:","rain":0,"soilMoisture":null,"timestamp":"2025-09-26T18:14:39.650Z","vibration":0,"waterFlow":0,"waterLevel":null}
{"accelerometer":{"x":0,"y":0,"z":0},"floodProbability":null,"landslideProbability":null,"level":"info","message":"Sensor data updated:","rain":0,"soilMoisture":null,"timestamp":"2025-09-26T18:14:41.655Z","vibration":0,"waterFlow":0,"waterLevel":null}
{"accelerometer":{"x":0,"y":0,"z":0},"floodProbability":null,"landslideProbability":null,"level":"info","message":"Sensor data updated:","rain":0,"soilMoisture":null,"timestamp":"2025-09-26T18:14:43.657Z","vibration":0,"waterFlow":0,"waterLevel":null}
{"accelerometer":{"x":0,"y":0,"z":0},"floodProbability":null,"landslideProbability":null,"level":"info","message":"Sensor data updated:","rain":0,"soilMoisture":null,"timestamp":"2025-09-26T18:14:45.661Z","vibration":0,"waterFlow":0,"waterLevel":null}
{"accelerometer":{"x":0,"y":0,"z":0},"floodProbability":null,"landslideProbability":null,"level":"info","message":"Sensor data updated:","rain":0,"soilMoisture":null,"timestamp":"2025-09-26T18:14:47.667Z","vibration":0,"waterFlow":0,"waterLevel":null}
{"accelerometer":{"x":0,"y":0,"z":0},"floodProbability":null,"landslideProbability":null,"level":"info","message":"Sensor data updated:","rain":0,"soilMoisture":null,"timestamp":"2025-09-26T18:14:49.668Z","vibration":0,"waterFlow":0,"waterLevel":null}
{"accelerometer":{"x":0,"y":0,"z":0},"floodProbability":null,"landslideProbability":null,"level":"info","message":"Sensor data updated:","rain":0,"soilMoisture":null,"timestamp":"2025-09-26T18:14:51.672Z","vibration":0,"waterFlow":0,"waterLevel":null}
{"accelerometer":{"x":0,"y":0,"z":0},"floodProbability":null,"landslideProbability":null,"level":"info","message":"Sensor data updated:","rain":0,"soilMoisture":null,"timestamp":"2025-09-26T18:14:53.675Z","vibration":0,"waterFlow":0,"waterLevel":null}
{"accelerometer":{"x":0,"y":0,"z":0},"floodProbability":null,"landslideProbability":null,"level":"info","message":"Sensor data updated:","rain":0,"soilMoisture":null,"timestamp":"2025-09-26T18:14:55.682Z","vibration":0,"waterFlow":0,"waterLevel":null}
{"accelerometer":{"x":0,"y":0,"z":0},"floodProbability":null,"landslideProbability":null,"level":"info","message":"Sensor data updated:","rain":0,"soilMoisture":null,"timestamp":"2025-09-26T18:14:57.686Z","vibration":0,"waterFlow":0,"waterLevel":null}
{"accelerometer":{"x":0,"y":0,"z":0},"floodProbability":null,"landslideProbability":null,"level":"info","message":"Sensor data updated:","rain":0,"soilMoisture":null,"timestamp":"2025-09-26T18:14:59.697Z","vibration":0,"waterFlow":0,"waterLevel":null}
{"accelerometer":{"x":0,"y":0,"z":0},"floodProbability":null,"landslideProbability":null,"level":"info","message":"Sensor data updated:","rain":0,"soilMoisture":null,"timestamp":"2025-09-26T18:15:01.710Z","vibration":0,"waterFlow":0,"waterLevel":null}
{"accelerometer":{"x":0,"y":0,"z":0},"floodProbability":null,"landslideProbability":null,"level":"info","message":"Sensor data updated:","rain":0,"soilMoisture":null,"timestamp":"2025-09-26T18:15:03.719Z","vibration":0,"waterFlow":0,"waterLevel":null}
{"accelerometer":{"x":0,"y":0,"z":0},"floodProbability":null,"landslideProbability":null,"level":"info","message":"Sensor data updated:","rain":0,"soilMoisture":null,"timestamp":"2025-09-26T18:15:05.732Z","vibration":0,"waterFlow":0,"waterLevel":null}
{"accelerometer":{"x":0,"y":0,"z":0},"floodProbability":null,"landslideProbability":null,"level":"info","message":"Sensor data updated:","rain":0,"soilMoisture":null,"timestamp":"2025-09-26T18:15:07.738Z","vibration":0,"waterFlow":0,"waterLevel":null}
{"accelerometer":{"x":0,"y":0,"z":0},"floodProbability":null,"landslideProbability":null,"level":"info","message":"Sensor data updated:","rain":0,"soilMoisture":null,"timestamp":"2025-09-26T18:15:09.741Z","vibration":0,"waterFlow":0,"waterLevel":null}
{"accelerometer":{"x":0,"y":0,"z":0},"floodProbability":null,"landslideProbability":null,"level":"info","message":"Sensor data updated:","rain":0,"soilMoisture":null,"timestamp":"2025-09-26T18:15:11.749Z","vibration":0,"waterFlow":0,"waterLevel":null}
{"accelerometer":{"x":0,"y":0,"z":0},"floodProbability":null,"landslideProbability":null,"level":"info","message":"Sensor data updated:","rain":0,"soilMoisture":null,"timestamp":"2025-09-26T18:15:13.757Z","vibration":0,"waterFlow":0,"waterLevel":null}
{"accelerometer":{"x":0,"y":0,"z":0},"floodProbability":null,"landslideProbability":null,"level":"info","message":"Sensor data updated:","rain":0,"soilMoisture":null,"timestamp":"2025-09-26T18:15:15.757Z","vibration":0,"waterFlow":0,"waterLevel":null}
{"accelerometer":{"x":0,"y":0,"z":0},"floodProbability":null,"landslideProbability":null,"level":"info","message":"Sensor data updated:","rain":0,"soilMoisture":null,"timestamp":"2025-09-26T18:15:17.768Z","vibration":0,"waterFlow":0,"waterLevel":null}
{"accelerometer":{"x":0,"y":0,"z":0},"floodProbability":null,"landslideProbability":null,"level":"info","message":"Sensor data updated:","rain":0,"soilMoisture":null,"timestamp":"2025-09-26T18:15:19.775Z","vibration":0,"waterFlow":0,"waterLevel":null}
{"accelerometer":{"x":0,"y":0,"z":0},"floodProbability":null,"landslideProbability":null,"level":"info","message":"Sensor data updated:","rain":0,"soilMoisture":null,"timestamp":"2025-09-26T18:15:21.786Z","vibration":0,"waterFlow":0,"waterLevel":null}
{"accelerometer":{"x":0,"y":0,"z":0},"floodProbability":null,"landslideProbability":null,"level":"info","message":"Sensor data updated:","rain":0,"soilMoisture":null,"timestamp":"2025-09-26T18:15:23.796Z","vibration":0,"waterFlow":0,"waterLevel":null}
{"accelerometer":{"x":0,"y":0,"z":0},"floodProbability":null,"landslideProbability":null,"level":"info","message":"Sensor data updated:","rain":0,"soilMoisture":null,"timestamp":"2025-09-26T18:15:25.805Z","vibration":0,"waterFlow":0,"waterLevel":null}
{"accelerometer":{"x":0,"y":0,"z":0},"floodProbability":null,"landslideProbability":null,"level":"info","message":"Sensor data updated:","rain":0,"soilMoisture":null,"timestamp":"2025-09-26T18:15:27.819Z","vibration":0,"waterFlow":0,"waterLevel":null}
{"accelerometer":{"x":0,"y":0,"z":0},"floodProbability":null,"landslideProbability":null,"level":"info","message":"Sensor data updated:","rain":0,"soilMoisture":null,"timestamp":"2025-09-26T18:15:29.831Z","vibration":0,"waterFlow":0,"waterLevel":null}
{"accelerometer":{"x":0,"y":0,"z":0},"floodProbability":null,"landslideProbability":null,"level":"info","message":"Sensor data updated:","rain":0,"soilMoisture":null,"timestamp":"2025-09-26T18:15:31.839Z","vibration":0,"waterFlow":0,"waterLevel":null}
{"accelerometer":{"x":0,"y":0,"z":0},"floodProbability":null,"landslideProbability":null,"level":"info","message":"Sensor data updated:","rain":0,"soilMoisture":null,"timestamp":"2025-09-26T18:15:33.843Z","vibration":0,"waterFlow":0,"waterLevel":null}
{"accelerometer":{"x":0,"y":0,"z":0},"floodProbability":null,"landslideProbability":null,"level":"info","message":"Sensor data updated:","rain":0,"soilMoisture":null,"timestamp":"2025-09-26T18:15:35.857Z","vibration":0,"waterFlow":0,"waterLevel":null}
{"accelerometer":{"x":0,"y":0,"z":0},"floodProbability":null,"landslideProbability":null,"level":"info","message":"Sensor data updated:","rain":0,"soilMoisture":null,"timestamp":"2025-09-26T18:15:37.869Z","vibration":0,"waterFlow":0,"waterLevel":null}
{"accelerometer":{"x":0,"y":0,"z":0},"floodProbability":null,"landslideProbability":null,"level":"info","message":"Sensor data updated:","rain":0,"soilMoisture":null,"timestamp":"2025-09-26T18:15:39.881Z","vibration":0,"waterFlow":0,"waterLevel":null}
{"accelerometer":{"x":0,"y":0,"z":0},"floodProbability":null,"landslideProbability":null,"level":"info","message":"Sensor data updated:","rain":0,"soilMoisture":null,"timestamp":"2025-09-26T18:15:41.896Z","vibration":0,"waterFlow":0,"waterLevel":null}
{"accelerometer":{"x":0,"y":0,"z":0},"floodProbability":null,"landslideProbability":null,"level":"info","message":"Sensor data updated:","rain":0,"soilMoisture":null,"timestamp":"2025-09-26T18:15:43.902Z","vibration":0,"waterFlow":0,"waterLevel":null}
{"accelerometer":{"x":0,"y":0,"z":0},"floodProbability":null,"landslideProbability":null,"level":"info","message":"Sensor data updated:","rain":0,"soilMoisture":null,"timestamp":"2025-09-26T18:15:45.911Z","vibration":0,"waterFlow":0,"waterLevel":null}
{"accelerometer":{"x":0,"y":0,"z":0},"floodProbability":null,"landslideProbability":null,"level":"info","message":"Sensor data updated:","rain":0,"soilMoisture":null,"timestamp":"2025-09-26T18:15:47.912Z","vibration":0,"waterFlow":0,"waterLevel":null}
{"accelerometer":{"x":0,"y":0,"z":0},"floodProbability":null,"landslideProbability":null,"level":"info","message":"Sensor data updated:","rain":0,"soilMoisture":null,"timestamp":"2025-09-26T18:15:49.917Z","vibration":0,"waterFlow":0,"waterLevel":null}
{"accelerometer":{"x":0,"y":0,"z":0},"floodProbability":null,"landslideProbability":null,"level":"info","message":"Sensor data updated:","rain":0,"soilMoisture":null,"timestamp":"2025-09-26T18:15:51.932Z","vibration":0,"waterFlow":0,"waterLevel":null}
{"accelerometer":{"x":0,"y":0,"z":0},"floodProbability":null,"landslideProbability":null,"level":"info","message":"Sensor data updated:","rain":0,"soilMoisture":null,"timestamp":"2025-09-26T18:15:53.937Z","vibration":0,"waterFlow":0,"waterLevel":null}
{"accelerometer":{"x":0,"y":0,"z":0},"floodProbability":null,"landslideProbability":null,"level":"info","message":"Sensor data updated:","rain":0,"soilMoisture":null,"timestamp":"2025-09-26T18:15:55.952Z","vibration":0,"waterFlow":0,"waterLevel":null}
{"accelerometer":{"x":0,"y":0,"z":0},"floodProbability":null,"landslideProbability":null,"level":"info","message":"Sensor data updated:","rain":0,"soilMoisture":null,"timestamp":"2025-09-26T18:15:57.954Z","vibration":0,"waterFlow":0,"waterLevel":null}
{"accelerometer":{"x":0,"y":0,"z":0},"floodProbability":null,"landslideProbability":null,"level":"info","message":"Sensor data updated:","rain":0,"soilMoisture":null,"timestamp":"2025-09-26T18:15:59.956Z","vibration":0,"waterFlow":0,"waterLevel":null}
{"accelerometer":{"x":0,"y":0,"z":0},"floodProbability":null,"landslideProbability":null,"level":"info","message":"Sensor data updated:","rain":0,"soilMoisture":null,"timestamp":"2025-09-26T18:16:01.962Z","vibration":0,"waterFlow":0,"waterLevel":null}
{"accelerometer":{"x":0,"y":0,"z":0},"floodProbability":null,"landslideProbability":null,"level":"info","message":"Sensor data updated:","rain":0,"soilMoisture":null,"timestamp":"2025-09-26T18:16:03.963Z","vibration":0,"waterFlow":0,"waterLevel":null}
{"accelerometer":{"x":0,"y":0,"z":0},"floodProbability":null,"landslideProbability":null,"level":"info","message":"Sensor data updated:","rain":0,"soilMoisture":null,"timestamp":"2025-09-26T18:16:05.968Z","vibration":0,"waterFlow":0,"waterLevel":null}
{"accelerometer":{"x":0,"y":0,"z":0},"floodProbability":null,"landslideProbability":null,"level":"info","message":"Sensor data updated:","rain":0,"soilMoisture":null,"timestamp":"2025-09-26T18:16:07.982Z","vibration":0,"waterFlow":0,"waterLevel":null}
{"accelerometer":{"x":0,"y":0,"z":0},"floodProbability":null,"landslideProbability":null,"level":"info","message":"Sensor data updated:","rain":0,"soilMoisture":null,"timestamp":"2025-09-26T18:16:09.994Z","vibration":0,"waterFlow":0,"waterLevel":null}
{"accelerometer":{"x":0,"y":0,"z":0},"floodProbability":null,"landslideProbability":null,"level":"info","message":"Sensor data updated:","rain":0,"soilMoisture":null,"timestamp":"2025-09-26T18:16:12.003Z","vibration":0,"waterFlow":0,"waterLevel":null}
{"accelerometer":{"x":0,"y":0,"z":0},"floodProbability":null,"landslideProbability":null,"level":"info","message":"Sensor data updated:","rain":0,"soilMoisture":null,"timestamp":"2025-09-26T18:16:14.018Z","vibration":0,"waterFlow":0,"waterLevel":null}
{"accelerometer":{"x":0,"y":0,"z":0},"floodProbability":null,"landslideProbability":null,"level":"info","message":"Sensor data updated:","rain":0,"soilMoisture":null,"timestamp":"2025-09-26T18:16:16.022Z","vibration":0,"waterFlow":0,"waterLevel":null}
{"accelerometer":{"x":0,"y":0,"z":0},"floodProbability":null,"landslideProbability":null,"level":"info","message":"Sensor data updated:","rain":0,"soilMoisture":null,"timestamp":"2025-09-26T18:16:18.034Z","vibration":0,"waterFlow":0,"waterLevel":null}
{"accelerometer":{"x":0,"y":0,"z":0},"floodProbability":null,"landslideProbability":null,"level":"info","message":"Sensor data updated:","rain":0,"soilMoisture":null,"timestamp":"2025-09-26T18:16:20.042Z","vibration":0,"waterFlow":0,"waterLevel":null}
{"accelerometer":{"x":0,"y":0,"z":0},"floodProbability":null,"landslideProbability":null,"level":"info","message":"Sensor data updated:","rain":0,"soilMoisture":null,"timestamp":"2025-09-26T18:16:22.052Z","vibration":0,"waterFlow":0,"waterLevel":null}
{"accelerometer":{"x":0,"y":0,"z":0},"floodProbability":null,"landslideProbability":null,"level":"info","message":"Sensor data updated:","rain":0,"soilMoisture":null,"timestamp":"2025-09-26T18:16:24.056Z","vibration":0,"waterFlow":0,"waterLevel":null}
{"accelerometer":{"x":0,"y":0,"z":0},"floodProbability":null,"landslideProbability":null,"level":"info","message":"Sensor data updated:","rain":0,"soilMoisture":null,"timestamp":"2025-09-26T18:16:26.062Z","vibration":0,"waterFlow":0,"waterLevel":null}
{"accelerometer":{"x":0,"y":0,"z":0},"floodProbability":null,"landslideProbability":null,"level":"info","message":"Sensor data updated:","rain":0,"soilMoisture":null,"timestamp":"2025-09-26T18:16:28.071Z","vibration":0,"waterFlow":0,"waterLevel":null}
{"accelerometer":{"x":0,"y":0,"z":0},"floodProbability":null,"landslideProbability":null,"level":"info","message":"Sensor data updated:","rain":0,"soilMoisture":null,"timestamp":"2025-09-26T18:16:30.079Z","vibration":0,"waterFlow":0,"waterLevel":null}
{"accelerometer":{"x":0,"y":0,"z":0},"floodProbability":null,"landslideProbability":null,"level":"info","message":"Sensor data updated:","rain":0,"soilMoisture":null,"timestamp":"2025-09-26T18:16:32.087Z","vibration":0,"waterFlow":0,"waterLevel":null}
{"accelerometer":{"x":0,"y":0,"z":0},"floodProbability":null,"landslideProbability":null,"level":"info","message":"Sensor data updated:","rain":0,"soilMoisture":null,"timestamp":"2025-09-26T18:16:34.087Z","vibration":0,"waterFlow":0,"waterLevel":null}
{"accelerometer":{"x":0,"y":0,"z":0},"floodProbability":null,"landslideProbability":null,"level":"info","message":"Sensor data updated:","rain":0,"soilMoisture":null,"timestamp":"2025-09-26T18:16:36.088Z","vibration":0,"waterFlow":0,"waterLevel":null}
{"accelerometer":{"x":0,"y":0,"z":0},"floodProbability":null,"landslideProbability":null,"level":"info","message":"Sensor data updated:","rain":0,"soilMoisture":null,"timestamp":"2025-09-26T18:16:38.103Z","vibration":0,"waterFlow":0,"waterLevel":null}
{"accelerometer":{"x":0,"y":0,"z":0},"floodProbability":null,"landslideProbability":null,"level":"info","message":"Sensor data updated:","rain":0,"soilMoisture":null,"timestamp":"2025-09-26T18:16:40.115Z","vibration":0,"waterFlow":0,"waterLevel":null}
{"accelerometer":{"x":0,"y":0,"z":0},"floodProbability":null,"landslideProbability":null,"level":"info","message":"Sensor data updated:","rain":0,"soilMoisture":null,"timestamp":"2025-09-26T18:16:42.118Z","vibration":0,"waterFlow":0,"waterLevel":null}
{"accelerometer":{"x":0,"y":0,"z":0},"floodProbability":null,"landslideProbability":null,"level":"info","message":"Sensor data updated:","rain":0,"soilMoisture":null,"timestamp":"2025-09-26T18:16:44.124Z","vibration":0,"waterFlow":0,"waterLevel":null}
{"accelerometer":{"x":0,"y":0,"z":0},"floodProbability":null,"landslideProbability":null,"level":"info","message":"Sensor data updated:","rain":0,"soilMoisture":null,"timestamp":"2025-09-26T18:16:46.127Z","vibration":0,"waterFlow":0,"waterLevel":null}
{"accelerometer":{"x":0,"y":0,"z":0},"floodProbability":null,"landslideProbability":null,"level":"info","message":"Sensor data updated:","rain":0,"soilMoisture":null,"timestamp":"2025-09-26T18:16:48.127Z","vibration":0,"waterFlow":0,"waterLevel":null}
{"accelerometer":{"x":0,"y":0,"z":0},"floodProbability":null,"landslideProbability":null,"level":"info","message":"Sensor data updated:","rain":0,"soilMoisture":null,"timestamp":"2025-09-26T18:16:50.133Z","vibration":0,"waterFlow":0,"waterLevel":null}
{"accelerometer":{"x":0,"y":0,"z":0},"floodProbability":null,"landslideProbability":null,"level":"info","message":"Sensor data updated:","rain":0,"soilMoisture":null,"timestamp":"2025-09-26T18:16:52.139Z","vibration":0,"waterFlow":0,"waterLevel":null}
{"accelerometer":{"x":0,"y":0,"z":0},"floodProbability":null,"landslideProbability":null,"level":"info","message":"Sensor data updated:","rain":0,"soilMoisture":null,"timestamp":"2025-09-26T18:16:54.142Z","vibration":0,"waterFlow":0,"waterLevel":null}
{"accelerometer":{"x":0,"y":0,"z":0},"floodProbability":null,"landslideProbability":null,"level":"info","message":"Sensor data updated:","rain":0,"soilMoisture":null,"timestamp":"2025-09-26T18:16:56.156Z","vibration":0,"waterFlow":0,"waterLevel":null}
{"accelerometer":{"x":0,"y":0,"z":0},"floodProbability":null,"landslideProbability":null,"level":"info","message":"Sensor data updated:","rain":0,"soilMoisture":null,"timestamp":"2025-09-26T18:16:58.167Z","vibration":0,"waterFlow":0,"waterLevel":null}
{"accelerometer":{"x":0,"y":0,"z":0},"floodProbability":null,"landslideProbability":null,"level":"info","message":"Sensor data updated:","rain":0,"soilMoisture":null,"timestamp":"2025-09-26T18:17:00.176Z","vibration":0,"waterFlow":0,"waterLevel":null}
{"accelerometer":{"x":0,"y":0,"z":0},"floodProbability":null,"landslideProbability":null,"level":"info","message":"Sensor data updated:","rain":0,"soilMoisture":null,"timestamp":"2025-09-26T18:17:02.182Z","vibration":0,"waterFlow":0,"waterLevel":null}
{"accelerometer":{"x":0,"y":0,"z":0},"floodProbability":null,"landslideProbability":null,"level":"info","message":"Sensor data updated:","rain":0,"soilMoisture":null,"timestamp":"2025-09-26T18:17:04.203Z","vibration":0,"waterFlow":0,"waterLevel":null}
{"accelerometer":{"x":0,"y":0,"z":0},"floodProbability":null,"landslideProbability":null,"level":"info","message":"Sensor data updated:","rain":0,"soilMoisture":null,"timestamp":"2025-09-26T18:17:06.218Z","vibration":0,"waterFlow":0,"waterLevel":null}
{"accelerometer":{"x":0,"y":0,"z":0},"floodProbability":null,"landslideProbability":null,"level":"info","message":"Sensor data updated:","rain":0,"soilMoisture":null,"timestamp":"2025-09-26T18:17:08.236Z","vibration":0,"waterFlow":0,"waterLevel":null}
{"accelerometer":{"x":0,"y":0,"z":0},"floodProbability":null,"landslideProbability":null,"level":"info","message":"Sensor data updated:","rain":0,"soilMoisture":null,"timestamp":"2025-09-26T18:17:10.250Z","vibration":0,"waterFlow":0,"waterLevel":null}
{"accelerometer":{"x":0,"y":0,"z":0},"floodProbability":null,"landslideProbability":null,"level":"info","message":"Sensor data updated:","rain":0,"soilMoisture":null,"timestamp":"2025-09-26T18:17:12.264Z","vibration":0,"waterFlow":0,"waterLevel":null}
{"accelerometer":{"x":0,"y":0,"z":0},"floodProbability":null,"landslideProbability":null,"level":"info","message":"Sensor data updated:","rain":0,"soilMoisture":null,"timestamp":"2025-09-26T18:17:14.270Z","vibration":0,"waterFlow":0,"waterLevel":null}
{"accelerometer":{"x":0,"y":0,"z":0},"floodProbability":null,"landslideProbability":null,"level":"info","message":"Sensor data updated:","rain":0,"soilMoisture":null,"timestamp":"2025-09-26T18:17:16.272Z","vibration":0,"waterFlow":0,"waterLevel":null}
{"accelerometer":{"x":0,"y":0,"z":0},"floodProbability":null,"landslideProbability":null,"level":"info","message":"Sensor data updated:","rain":0,"soilMoisture":null,"timestamp":"2025-09-26T18:17:18.279Z","vibration":0,"waterFlow":0,"waterLevel":null}
{"accelerometer":{"x":0,"y":0,"z":0},"floodProbability":null,"landslideProbability":null,"level":"info","message":"Sensor data updated:","rain":0,"soilMoisture":null,"timestamp":"2025-09-26T18:17:20.279Z","vibration":0,"waterFlow":0,"waterLevel":null}
{"accelerometer":{"x":0,"y":0,"z":0},"floodProbability":null,"landslideProbability":null,"level":"info","message":"Sensor data updated:","rain":0,"soilMoisture":null,"timestamp":"2025-09-26T18:17:22.285Z","vibration":0,"waterFlow":0,"waterLevel":null}
{"accelerometer":{"x":0,"y":0,"z":0},"floodProbability":null,"landslideProbability":null,"level":"info","message":"Sensor data updated:","rain":0,"soilMoisture":null,"timestamp":"2025-09-26T18:17:24.285Z","vibration":0,"waterFlow":0,"waterLevel":null}
{"accelerometer":{"x":0,"y":0,"z":0},"floodProbability":null,"landslideProbability":null,"level":"info","message":"Sensor data updated:","rain":0,"soilMoisture":null,"timestamp":"2025-09-26T18:17:26.298Z","vibration":0,"waterFlow":0,"waterLevel":null}
{"accelerometer":{"x":0,"y":0,"z":0},"floodProbability":null,"landslideProbability":null,"level":"info","message":"Sensor data updated:","rain":0,"soilMoisture":null,"timestamp":"2025-09-26T18:17:28.300Z","vibration":0,"waterFlow":0,"waterLevel":null}
{"accelerometer":{"x":0,"y":0,"z":0},"floodProbability":null,"landslideProbability":null,"level":"info","message":"Sensor data updated:","rain":0,"soilMoisture":null,"timestamp":"2025-09-26T18:17:30.304Z","vibration":0,"waterFlow":0,"waterLevel":null}
{"accelerometer":{"x":0,"y":0,"z":0},"floodProbability":null,"landslideProbability":null,"level":"info","message":"Sensor data updated:","rain":0,"soilMoisture":null,"timestamp":"2025-09-26T18:17:32.316Z","vibration":0,"waterFlow":0,"waterLevel":null}
{"accelerometer":{"x":0,"y":0,"z":0},"floodProbability":null,"landslideProbability":null,"level":"info","message":"Sensor data updated:","rain":0,"soilMoisture":null,"timestamp":"2025-09-26T18:17:34.326Z","vibration":0,"waterFlow":0,"waterLevel":null}
{"accelerometer":{"x":0,"y":0,"z":0},"floodProbability":null,"landslideProbability":null,"level":"info","message":"Sensor data updated:","rain":0,"soilMoisture":null,"timestamp":"2025-09-26T18:17:36.331Z","vibration":0,"waterFlow":0,"waterLevel":null}
{"accelerometer":{"x":0,"y":0,"z":0},"floodProbability":null,"landslideProbability":null,"level":"info","message":"Sensor data updated:","rain":0,"soilMoisture":null,"timestamp":"2025-09-26T18:17:38.342Z","vibration":0,"waterFlow":0,"waterLevel":null}
{"accelerometer":{"x":0,"y":0,"z":0},"floodProbability":null,"landslideProbability":null,"level":"info","message":"Sensor data updated:","rain":0,"soilMoisture":null,"timestamp":"2025-09-26T18:17:40.357Z","vibration":0,"waterFlow":0,"waterLevel":null}
{"accelerometer":{"x":0,"y":0,"z":0},"floodProbability":null,"landslideProbability":null,"level":"info","message":"Sensor data updated:","rain":0,"soilMoisture":null,"timestamp":"2025-09-26T18:17:42.361Z","vibration":0,"waterFlow":0,"waterLevel":null}
{"accelerometer":{"x":0,"y":0,"z":0},"floodProbability":null,"landslideProbability":null,"level":"info","message":"Sensor data updated:","rain":0,"soilMoisture":null,"timestamp":"2025-09-26T18:17:44.368Z","vibration":0,"waterFlow":0,"waterLevel":null}
{"accelerometer":{"x":0,"y":0,"z":0},"floodProbability":null,"landslideProbability":null,"level":"info","message":"Sensor data updated:","rain":0,"soilMoisture":null,"timestamp":"2025-09-26T18:17:46.368Z","vibration":0,"waterFlow":0,"waterLevel":null}
{"accelerometer":{"x":0,"y":0,"z":0},"floodProbability":null,"landslideProbability":null,"level":"info","message":"Sensor data updated:","rain":0,"soilMoisture":null,"timestamp":"2025-09-26T18:17:48.383Z","vibration":0,"waterFlow":0,"waterLevel":null}
{"accelerometer":{"x":0,"y":0,"z":0},"floodProbability":null,"landslideProbability":null,"level":"info","message":"Sensor data updated:","rain":0,"soilMoisture":null,"timestamp":"2025-09-26T18:17:50.387Z","vibration":0,"waterFlow":0,"waterLevel":null}
{"accelerometer":{"x":0,"y":0,"z":0},"floodProbability":null,"landslideProbability":null,"level":"info","message":"Sensor data updated:","rain":0,"soilMoisture":null,"timestamp":"2025-09-26T18:17:52.400Z","vibration":0,"waterFlow":0,"waterLevel":null}
{"accelerometer":{"x":0,"y":0,"z":0},"floodProbability":null,"landslideProbability":null,"level":"info","message":"Sensor data updated:","rain":0,"soilMoisture":null,"timestamp":"2025-09-26T18:17:54.401Z","vibration":0,"waterFlow":0,"waterLevel":null}
{"accelerometer":{"x":0,"y":0,"z":0},"floodProbability":null,"landslideProbability":null,"level":"info","message":"Sensor data updated:","rain":0,"soilMoisture":null,"timestamp":"2025-09-26T18:17:56.406Z","vibration":0,"waterFlow":0,"waterLevel":null}
{"accelerometer":{"x":0,"y":0,"z":0},"floodProbability":null,"landslideProbability":null,"level":"info","message":"Sensor data updated:","rain":0,"soilMoisture":null,"timestamp":"2025-09-26T18:17:58.412Z","vibration":0,"waterFlow":0,"waterLevel":null}
{"accelerometer":{"x":0,"y":0,"z":0},"floodProbability":null,"landslideProbability":null,"level":"info","message":"Sensor data updated:","rain":0,"soilMoisture":null,"timestamp":"2025-09-26T18:18:00.416Z","vibration":0,"waterFlow":0,"waterLevel":null}
{"accelerometer":{"x":0,"y":0,"z":0},"floodProbability":null,"landslideProbability":null,"level":"info","message":"Sensor data updated:","rain":0,"soilMoisture":null,"timestamp":"2025-09-26T18:18:02.421Z","vibration":0,"waterFlow":0,"waterLevel":null}
{"accelerometer":{"x":0,"y":0,"z":0},"floodProbability":null,"landslideProbability":null,"level":"info","message":"Sensor data updated:","rain":0,"soilMoisture":null,"timestamp":"2025-09-26T18:18:04.427Z","vibration":0,"waterFlow":0,"waterLevel":null}
{"accelerometer":{"x":0,"y":0,"z":0},"floodProbability":null,"landslideProbability":null,"level":"info","message":"Sensor data updated:","rain":0,"soilMoisture":null,"timestamp":"2025-09-26T18:18:06.438Z","vibration":0,"waterFlow":0,"waterLevel":null}
{"accelerometer":{"x":0,"y":0,"z":0},"floodProbability":null,"landslideProbability":null,"level":"info","message":"Sensor data updated:","rain":0,"soilMoisture":null,"timestamp":"2025-09-26T18:18:08.447Z","vibration":0,"waterFlow":0,"waterLevel":null}
{"accelerometer":{"x":0,"y":0,"z":0},"floodProbability":null,"landslideProbability":null,"level":"info","message":"Sensor data updated:","rain":0,"soilMoisture":null,"timestamp":"2025-09-26T18:18:10.456Z","vibration":0,"waterFlow":0,"waterLevel":null}
{"accelerometer":{"x":0,"y":0,"z":0},"floodProbability":null,"landslideProbability":null,"level":"info","message":"Sensor data updated:","rain":0,"soilMoisture":null,"timestamp":"2025-09-26T18:18:12.462Z","vibration":0,"waterFlow":0,"waterLevel":null}
{"accelerometer":{"x":0,"y":0,"z":0},"floodProbability":null,"landslideProbability":null,"level":"info","message":"Sensor data updated:","rain":0,"soilMoisture":null,"timestamp":"2025-09-26T18:18:14.469Z","vibration":0,"waterFlow":0,"waterLevel":null}
{"accelerometer":{"x":0,"y":0,"z":0},"floodProbability":null,"landslideProbability":null,"level":"info","message":"Sensor data updated:","rain":0,"soilMoisture":null,"timestamp":"2025-09-26T18:18:16.483Z","vibration":0,"waterFlow":0,"waterLevel":null}
{"accelerometer":{"x":0,"y":0,"z":0},"floodProbability":null,"landslideProbability":null,"level":"info","message":"Sensor data updated:","rain":0,"soilMoisture":null,"timestamp":"2025-09-26T18:18:18.484Z","vibration":0,"waterFlow":0,"waterLevel":null}
{"accelerometer":{"x":0,"y":0,"z":0},"floodProbability":null,"landslideProbability":null,"level":"info","message":"Sensor data updated:","rain":0,"soilMoisture":null,"timestamp":"2025-09-26T18:18:20.498Z","vibration":0,"waterFlow":0,"waterLevel":null}
{"accelerometer":{"x":0,"y":0,"z":0},"floodProbability":null,"landslideProbability":null,"level":"info","message":"Sensor data updated:","rain":0,"soilMoisture":null,"timestamp":"2025-09-26T18:18:22.506Z","vibration":0,"waterFlow":0,"waterLevel":null}
{"accelerometer":{"x":0,"y":0,"z":0},"floodProbability":null,"landslideProbability":null,"level":"info","message":"Sensor data updated:","rain":0,"soilMoisture":null,"timestamp":"2025-09-26T18:18:24.506Z","vibration":0,"waterFlow":0,"waterLevel":null}
{"accelerometer":{"x":0,"y":0,"z":0},"floodProbability":null,"landslideProbability":null,"level":"info","message":"Sensor data updated:","rain":0,"soilMoisture":null,"timestamp":"2025-09-26T18:18:26.510Z","vibration":0,"waterFlow":0,"waterLevel":null}
{"accelerometer":{"x":0,"y":0,"z":0},"floodProbability":null,"landslideProbability":null,"level":"info","message":"Sensor data updated:","rain":0,"soilMoisture":null,"timestamp":"2025-09-26T18:18:28.511Z","vibration":0,"waterFlow":0,"waterLevel":null}
{"accelerometer":{"x":0,"y":0,"z":0},"floodProbability":null,"landslideProbability":null,"level":"info","message":"Sensor data updated:","rain":0,"soilMoisture":null,"timestamp":"2025-09-26T18:18:30.512Z","vibration":0,"waterFlow":0,"waterLevel":null}
{"accelerometer":{"x":0,"y":0,"z":0},"floodProbability":null,"landslideProbability":null,"level":"info","message":"Sensor data updated:","rain":0,"soilMoisture":null,"timestamp":"2025-09-26T18:18:32.513Z","vibration":0,"waterFlow":0,"waterLevel":null}
{"accelerometer":{"x":0,"y":0,"z":0},"floodProbability":null,"landslideProbability":null,"level":"info","message":"Sensor data updated:","rain":0,"soilMoisture":null,"timestamp":"2025-09-26T18:18:34.526Z","vibration":0,"waterFlow":0,"waterLevel":null}
{"accelerometer":{"x":0,"y":0,"z":0},"floodProbability":null,"landslideProbability":null,"level":"info","message":"Sensor data updated:","rain":0,"soilMoisture":null,"timestamp":"2025-09-26T18:18:36.527Z","vibration":0,"waterFlow":0,"waterLevel":null}
{"accelerometer":{"x":0,"y":0,"z":0},"floodProbability":null,"landslideProbability":null,"level":"info","message":"Sensor data updated:","rain":0,"soilMoisture":null,"timestamp":"2025-09-26T18:18:38.529Z","vibration":0,"waterFlow":0,"waterLevel":null}
{"accelerometer":{"x":0,"y":0,"z":0},"floodProbability":null,"landslideProbability":null,"level":"info","message":"Sensor data updated:","rain":0,"soilMoisture":null,"timestamp":"2025-09-26T18:18:40.545Z","vibration":0,"waterFlow":0,"waterLevel":null}
{"accelerometer":{"x":0,"y":0,"z":0},"floodProbability":null,"landslideProbability":null,"level":"info","message":"Sensor data updated:","rain":0,"soilMoisture":null,"timestamp":"2025-09-26T18:18:42.550Z","vibration":0,"waterFlow":0,"waterLevel":null}
{"accelerometer":{"x":0,"y":0,"z":0},"floodProbability":null,"landslideProbability":null,"level":"info","message":"Sensor data updated:","rain":0,"soilMoisture":null,"timestamp":"2025-09-26T18:18:44.564Z","vibration":0,"waterFlow":0,"waterLevel":null}
{"accelerometer":{"x":0,"y":0,"z":0},"floodProbability":null,"landslideProbability":null,"level":"info","message":"Sensor data updated:","rain":0,"soilMoisture":null,"timestamp":"2025-09-26T18:18:46.570Z","vibration":0,"waterFlow":0,"waterLevel":null}
{"accelerometer":{"x":0,"y":0,"z":0},"floodProbability":null,"landslideProbability":null,"level":"info","message":"Sensor data updated:","rain":0,"soilMoisture":null,"timestamp":"2025-09-26T18:18:48.571Z","vibration":0,"waterFlow":0,"waterLevel":null}
{"accelerometer":{"x":0,"y":0,"z":0},"floodProbability":null,"landslideProbability":null,"level":"info","message":"Sensor data updated:","rain":0,"soilMoisture":null,"timestamp":"2025-09-26T18:18:50.574Z","vibration":0,"waterFlow":0,"waterLevel":null}
{"accelerometer":{"x":0,"y":0,"z":0},"floodProbability":null,"landslideProbability":null,"level":"info","message":"Sensor data updated:","rain":0,"soilMoisture":null,"timestamp":"2025-09-26T18:18:52.584Z","vibration":0,"waterFlow":0,"waterLevel":null}
{"accelerometer":{"x":0,"y":0,"z":0},"floodProbability":null,"landslideProbability":null,"level":"info","message":"Sensor data updated:","rain":0,"soilMoisture":null,"timestamp":"2025-09-26T18:18:54.594Z","vibration":0,"waterFlow":0,"waterLevel":null}
{"accelerometer":{"x":0,"y":0,"z":0},"floodProbability":null,"landslideProbability":null,"level":"info","message":"Sensor data updated:","rain":0,"soilMoisture":null,"timestamp":"2025-09-26T18:18:56.599Z","vibration":0,"waterFlow":0,"waterLevel":null}
{"accelerometer":{"x":0,"y":0,"z":0},"floodProbability":null,"landslideProbability":null,"level":"info","message":"Sensor data updated:","rain":0,"soilMoisture":null,"timestamp":"2025-09-26T18:18:58.605Z","vibration":0,"waterFlow":0,"waterLevel":null}
{"accelerometer":{"x":0,"y":0,"z":0},"floodProbability":null,"landslideProbability":null,"level":"info","message":"Sensor data updated:","rain":0,"soilMoisture":null,"timestamp":"2025-09-26T18:19:00.620Z","vibration":0,"waterFlow":0,"waterLevel":null}
{"accelerometer":{"x":0,"y":0,"z":0},"floodProbability":null,"landslideProbability":null,"level":"info","message":"Sensor data updated:","rain":0,"soilMoisture":null,"timestamp":"2025-09-26T18:19:02.622Z","vibration":0,"waterFlow":0,"waterLevel":null}
{"accelerometer":{"x":0,"y":0,"z":0},"floodProbability":null,"landslideProbability":null,"level":"info","message":"Sensor data updated:","rain":0,"soilMoisture":null,"timestamp":"2025-09-26T18:19:04.635Z","vibration":0,"waterFlow":0,"waterLevel":null}
{"accelerometer":{"x":0,"y":0,"z":0},"floodProbability":null,"landslideProbability":null,"level":"info","message":"Sensor data updated:","rain":0,"soilMoisture":null,"timestamp":"2025-09-26T18:19:06.649Z","vibration":0,"waterFlow":0,"waterLevel":null}
{"accelerometer":{"x":0,"y":0,"z":0},"floodProbability":null,"landslideProbability":null,"level":"info","message":"Sensor data updated:","rain":0,"soilMoisture":null,"timestamp":"2025-09-26T18:19:08.650Z","vibration":0,"waterFlow":0,"waterLevel":null}
{"accelerometer":{"x":0,"y":0,"z":0},"floodProbability":null,"landslideProbability":null,"level":"info","message":"Sensor data updated:","rain":0,"soilMoisture":null,"timestamp":"2025-09-26T18:19:10.663Z","vibration":0,"waterFlow":0,"waterLevel":null}
{"accelerometer":{"x":0,"y":0,"z":0},"floodProbability":null,"landslideProbability":null,"level":"info","message":"Sensor data updated:","rain":0,"soilMoisture":null,"timestamp":"2025-09-26T18:19:12.675Z","vibration":0,"waterFlow":0,"waterLevel":null}
{"accelerometer":{"x":0,"y":0,"z":0},"floodProbability":null,"landslideProbability":null,"level":"info","message":"Sensor data updated:","rain":0,"soilMoisture":null,"timestamp":"2025-09-26T18:19:14.675Z","vibration":0,"waterFlow":0,"waterLevel":null}
{"accelerometer":{"x":0,"y":0,"z":0},"floodProbability":null,"landslideProbability":null,"level":"info","message":"Sensor data updated:","rain":0,"soilMoisture":null,"timestamp":"2025-09-26T18:19:16.687Z","vibration":0,"waterFlow":0,"waterLevel":null}
{"accelerometer":{"x":0,"y":0,"z":0},"floodProbability":null,"landslideProbability":null,"level":"info","message":"Sensor data updated:","rain":0,"soilMoisture":null,"timestamp":"2025-09-26T18:19:18.700Z","vibration":0,"waterFlow":0,"waterLevel":null}
{"accelerometer":{"x":0,"y":0,"z":0},"floodProbability":null,"landslideProbability":null,"level":"info","message":"Sensor data updated:","rain":0,"soilMoisture":null,"timestamp":"2025-09-26T18:19:20.714Z","vibration":0,"waterFlow":0,"waterLevel":null}
{"accelerometer":{"x":0,"y":0,"z":0},"floodProbability":null,"landslideProbability":null,"level":"info","message":"Sensor data updated:","rain":0,"soilMoisture":null,"timestamp":"2025-09-26T18:19:22.728Z","vibration":0,"waterFlow":0,"waterLevel":null}
{"accelerometer":{"x":0,"y":0,"z":0},"floodProbability":null,"landslideProbability":null,"level":"info","message":"Sensor data updated:","rain":0,"soilMoisture":null,"timestamp":"2025-09-26T18:19:24.728Z","vibration":0,"waterFlow":0,"waterLevel":null}
{"accelerometer":{"x":0,"y":0,"z":0},"floodProbability":null,"landslideProbability":null,"level":"info","message":"Sensor data updated:","rain":0,"soilMoisture":null,"timestamp":"2025-09-26T18:19:26.736Z","vibration":0,"waterFlow":0,"waterLevel":null}
{"accelerometer":{"x":0,"y":0,"z":0},"floodProbability":null,"landslideProbability":null,"level":"info","message":"Sensor data updated:","rain":0,"soilMoisture":null,"timestamp":"2025-09-26T18:19:28.746Z","vibration":0,"waterFlow":0,"waterLevel":null}
{"accelerometer":{"x":0,"y":0,"z":0},"floodProbability":null,"landslideProbability":null,"level":"info","message":"Sensor data updated:","rain":0,"soilMoisture":null,"timestamp":"2025-09-26T18:19:30.748Z","vibration":0,"waterFlow":0,"waterLevel":null}
{"accelerometer":{"x":0,"y":0,"z":0},"floodProbability":null,"landslideProbability":null,"level":"info","message":"Sensor data updated:","rain":0,"soilMoisture":null,"timestamp":"2025-09-26T18:19:32.762Z","vibration":0,"waterFlow":0,"waterLevel":null}
{"accelerometer":{"x":0,"y":0,"z":0},"floodProbability":null,"landslideProbability":null,"level":"info","message":"Sensor data updated:","rain":0,"soilMoisture":null,"timestamp":"2025-09-26T18:19:34.772Z","vibration":0,"waterFlow":0,"waterLevel":null}
{"accelerometer":{"x":0,"y":0,"z":0},"floodProbability":null,"landslideProbability":null,"level":"info","message":"Sensor data updated:","rain":0,"soilMoisture":null,"timestamp":"2025-09-26T18:19:36.783Z","vibration":0,"waterFlow":0,"waterLevel":null}
{"accelerometer":{"x":0,"y":0,"z":0},"floodProbability":null,"landslideProbability":null,"level":"info","message":"Sensor data updated:","rain":0,"soilMoisture":null,"timestamp":"2025-09-26T18:19:38.798Z","vibration":0,"waterFlow":0,"waterLevel":null}
{"accelerometer":{"x":0,"y":0,"z":0},"floodProbability":null,"landslideProbability":null,"level":"info","message":"Sensor data updated:","rain":0,"soilMoisture":null,"timestamp":"2025-09-26T18:19:40.798Z","vibration":0,"waterFlow":0,"waterLevel":null}
{"accelerometer":{"x":0,"y":0,"z":0},"floodProbability":null,"landslideProbability":null,"level":"info","message":"Sensor data updated:","rain":0,"soilMoisture":null,"timestamp":"2025-09-26T18:19:42.809Z","vibration":0,"waterFlow":0,"waterLevel":null}
{"accelerometer":{"x":0,"y":0,"z":0},"floodProbability":null,"landslideProbability":null,"level":"info","message":"Sensor data updated:","rain":0,"soilMoisture":null,"timestamp":"2025-09-26T18:19:44.815Z","vibration":0,"waterFlow":0,"waterLevel":null}
{"accelerometer":{"x":0,"y":0,"z":0},"floodProbability":null,"landslideProbability":null,"level":"info","message":"Sensor data updated:","rain":0,"soilMoisture":null,"timestamp":"2025-09-26T18:19:46.824Z","vibration":0,"waterFlow":0,"waterLevel":null}
{"accelerometer":{"x":0,"y":0,"z":0},"floodProbability":null,"landslideProbability":null,"level":"info","message":"Sensor data updated:","rain":0,"soilMoisture":null,"timestamp":"2025-09-26T18:19:48.830Z","vibration":0,"waterFlow":0,"waterLevel":null}
{"accelerometer":{"x":0,"y":0,"z":0},"floodProbability":null,"landslideProbability":null,"level":"info","message":"Sensor data updated:","rain":0,"soilMoisture":null,"timestamp":"2025-09-26T18:19:50.842Z","vibration":0,"waterFlow":0,"waterLevel":null}
{"accelerometer":{"x":0,"y":0,"z":0},"floodProbability":null,"landslideProbability":null,"level":"info","message":"Sensor data updated:","rain":0,"soilMoisture":null,"timestamp":"2025-09-26T18:19:52.847Z","vibration":0,"waterFlow":0,"waterLevel":null}
{"accelerometer":{"x":0,"y":0,"z":0},"floodProbability":null,"landslideProbability":null,"level":"info","message":"Sensor data updated:","rain":0,"soilMoisture":null,"timestamp":"2025-09-26T18:19:54.856Z","vibration":0,"waterFlow":0,"waterLevel":null}
{"accelerometer":{"x":0,"y":0,"z":0},"floodProbability":null,"landslideProbability":null,"level":"info","message":"Sensor data updated:","rain":0,"soilMoisture":null,"timestamp":"2025-09-26T18:19:56.868Z","vibration":0,"waterFlow":0,"waterLevel":null}
{"accelerometer":{"x":0,"y":0,"z":0},"floodProbability":null,"landslideProbability":null,"level":"info","message":"Sensor data updated:","rain":0,"soilMoisture":null,"timestamp":"2025-09-26T18:19:58.872Z","vibration":0,"waterFlow":0,"waterLevel":null}
{"accelerometer":{"x":0,"y":0,"z":0},"floodProbability":null,"landslideProbability":null,"level":"info","message":"Sensor data updated:","rain":0,"soilMoisture":null,"timestamp":"2025-09-26T18:20:00.876Z","vibration":0,"waterFlow":0,"waterLevel":null}
{"accelerometer":{"x":0,"y":0,"z":0},"floodProbability":null,"landslideProbability":null,"level":"info","message":"Sensor data updated:","rain":0,"soilMoisture":null,"timestamp":"2025-09-26T18:20:02.887Z","vibration":0,"waterFlow":0,"waterLevel":null}
{"accelerometer":{"x":0,"y":0,"z":0},"floodProbability":null,"landslideProbability":null,"level":"info","message":"Sensor data updated:","rain":0,"soilMoisture":null,"timestamp":"2025-09-26T18:20:04.888Z","vibration":0,"waterFlow":0,"waterLevel":null}
{"accelerometer":{"x":0,"y":0,"z":0},"floodProbability":null,"landslideProbability":null,"level":"info","message":"Sensor data updated:","rain":0,"soilMoisture":null,"timestamp":"2025-09-26T18:20:06.894Z","vibration":0,"waterFlow":0,"waterLevel":null}
{"accelerometer":{"x":0,"y":0,"z":0},"floodProbability":null,"landslideProbability":null,"level":"info","message":"Sensor data updated:","rain":0,"soilMoisture":null,"timestamp":"2025-09-26T18:20:08.909Z","vibration":0,"waterFlow":0,"waterLevel":null}
{"accelerometer":{"x":0,"y":0,"z":0},"floodProbability":null,"landslideProbability":null,"level":"info","message":"Sensor data updated:","rain":0,"soilMoisture":null,"timestamp":"2025-09-26T18:20:10.912Z","vibration":0,"waterFlow":0,"waterLevel":null}
{"accelerometer":{"x":0,"y":0,"z":0},"floodProbability":null,"landslideProbability":null,"level":"info","message":"Sensor data updated:","rain":0,"soilMoisture":null,"timestamp":"2025-09-26T18:20:12.918Z","vibration":0,"waterFlow":0,"waterLevel":null}
{"accelerometer":{"x":0,"y":0,"z":0},"floodProbability":null,"landslideProbability":null,"level":"info","message":"Sensor data updated:","rain":0,"soilMoisture":null,"timestamp":"2025-09-26T18:20:14.930Z","vibration":0,"waterFlow":0,"waterLevel":null}
{"accelerometer":{"x":0,"y":0,"z":0},"floodProbability":null,"landslideProbability":null,"level":"info","message":"Sensor data updated:","rain":0,"soilMoisture":null,"timestamp":"2025-09-26T18:20:16.942Z","vibration":0,"waterFlow":0,"waterLevel":null}
{"accelerometer":{"x":0,"y":0,"z":0},"floodProbability":null,"landslideProbability":null,"level":"info","message":"Sensor data updated:","rain":0,"soilMoisture":null,"timestamp":"2025-09-26T18:20:18.955Z","vibration":0,"waterFlow":0,"waterLevel":null}
{"accelerometer":{"x":0,"y":0,"z":0},"floodProbability":null,"landslideProbability":null,"level":"info","message":"Sensor data updated:","rain":0,"soilMoisture":null,"timestamp":"2025-09-26T18:20:20.959Z","vibration":0,"waterFlow":0,"waterLevel":null}
{"accelerometer":{"x":0,"y":0,"z":0},"floodProbability":null,"landslideProbability":null,"level":"info","message":"Sensor data updated:","rain":0,"soilMoisture":null,"timestamp":"2025-09-26T18:20:22.970Z","vibration":0,"waterFlow":0,"waterLevel":null}
{"accelerometer":{"x":0,"y":0,"z":0},"floodProbability":null,"landslideProbability":null,"level":"info","message":"Sensor data updated:","rain":0,"soilMoisture":null,"timestamp":"2025-09-26T18:20:24.972Z","vibration":0,"waterFlow":0,"waterLevel":null}
{"accelerometer":{"x":0,"y":0,"z":0},"floodProbability":null,"landslideProbability":null,"level":"info","message":"Sensor data updated:","rain":0,"soilMoisture":null,"timestamp":"2025-09-26T18:20:26.979Z","vibration":0,"waterFlow":0,"waterLevel":null}
{"accelerometer":{"x":0,"y":0,"z":0},"floodProbability":null,"landslideProbability":null,"level":"info","message":"Sensor data updated:","rain":0,"soilMoisture":null,"timestamp":"2025-09-26T18:20:28.989Z","vibration":0,"waterFlow":0,"waterLevel":null}
{"accelerometer":{"x":0,"y":0,"z":0},"floodProbability":null,"landslideProbability":null,"level":"info","message":"Sensor data updated:","rain":0,"soilMoisture":null,"timestamp":"2025-09-26T18:20:30.993Z","vibration":0,"waterFlow":0,"waterLevel":null}
{"accelerometer":{"x":0,"y":0,"z":0},"floodProbability":null,"landslideProbability":null,"level":"info","message":"Sensor data updated:","rain":0,"soilMoisture":null,"timestamp":"2025-09-26T18:20:33.003Z","vibration":0,"waterFlow":0,"waterLevel":null}
{"accelerometer":{"x":0,"y":0,"z":0},"floodProbability":null,"landslideProbability":null,"level":"info","message":"Sensor data updated:","rain":0,"soilMoisture":null,"timestamp":"2025-09-26T18:20:35.013Z","vibration":0,"waterFlow":0,"waterLevel":null}
{"accelerometer":{"x":0,"y":0,"z":0},"floodProbability":null,"landslideProbability":null,"level":"info","message":"Sensor data updated:","rain":0,"soilMoisture":null,"timestamp":"2025-09-26T18:20:37.015Z","vibration":0,"waterFlow":0,"waterLevel":null}
{"accelerometer":{"x":0,"y":0,"z":0},"floodProbability":null,"landslideProbability":null,"level":"info","message":"Sensor data updated:","rain":0,"soilMoisture":null,"timestamp":"2025-09-26T18:20:39.021Z","vibration":0,"waterFlow":0,"waterLevel":null}
{"accelerometer":{"x":0,"y":0,"z":0},"floodProbability":null,"landslideProbability":null,"level":"info","message":"Sensor data updated:","rain":0,"soilMoisture":null,"timestamp":"2025-09-26T18:20:41.033Z","vibration":0,"waterFlow":0,"waterLevel":null}
{"accelerometer":{"x":0,"y":0,"z":0},"floodProbability":null,"landslideProbability":null,"level":"info","message":"Sensor data updated:","rain":0,"soilMoisture":null,"timestamp":"2025-09-26T18:20:43.038Z","vibration":0,"waterFlow":0,"waterLevel":null}
{"accelerometer":{"x":0,"y":0,"z":0},"floodProbability":null,"landslideProbability":null,"level":"info","message":"Sensor data updated:","rain":0,"soilMoisture":null,"timestamp":"2025-09-26T18:20:45.042Z","vibration":0,"waterFlow":0,"waterLevel":null}
{"accelerometer":{"x":0,"y":0,"z":0},"floodProbability":null,"landslideProbability":null,"level":"info","message":"Sensor data updated:","rain":0,"soilMoisture":null,"timestamp":"2025-09-26T18:20:47.046Z","vibration":0,"waterFlow":0,"waterLevel":null}
{"level":"info","message":"Client disconnected:","timestamp":"2025-09-26T18:20:48.939Z"}
{"level":"info","message":"Client disconnected:","timestamp":"2025-09-26T18:20:48.940Z"}
{"accelerometer":{"x":0,"y":0,"z":0},"floodProbability":null,"landslideProbability":null,"level":"info","message":"Sensor data updated:","rain":0,"soilMoisture":null,"timestamp":"2025-09-26T18:20:49.060Z","vibration":0,"waterFlow":0,"waterLevel":null}
{"accelerometer":{"x":0,"y":0,"z":0},"floodProbability":null,"landslideProbability":null,"level":"info","message":"Sensor data updated:","rain":0,"soilMoisture":null,"timestamp":"2025-09-26T18:20:51.068Z","vibration":0,"waterFlow":0,"waterLevel":null}
{"accelerometer":{"x":0,"y":0,"z":0},"floodProbability":null,"landslideProbability":null,"level":"info","message":"Sensor data updated:","rain":0,"soilMoisture":null,"timestamp":"2025-09-26T18:20:53.080Z","vibration":0,"waterFlow":0,"waterLevel":null}
{"accelerometer":{"x":0,"y":0,"z":0},"floodProbability":null,"landslideProbability":null,"level":"info","message":"Sensor data updated:","rain":0,"soilMoisture":null,"timestamp":"2025-09-26T18:20:55.083Z","vibration":0,"waterFlow":0,"waterLevel":null}
{"accelerometer":{"x":0,"y":0,"z":0},"floodProbability":null,"landslideProbability":null,"level":"info","message":"Sensor data updated:","rain":0,"soilMoisture":null,"timestamp":"2025-09-26T18:20:57.086Z","vibration":0,"waterFlow":0,"waterLevel":null}
{"accelerometer":{"x":0,"y":0,"z":0},"floodProbability":null,"landslideProbability":null,"level":"info","message":"Sensor data updated:","rain":0,"soilMoisture":null,"timestamp":"2025-09-26T18:20:59.089Z","vibration":0,"waterFlow":0,"waterLevel":null}
{"accelerometer":{"x":0,"y":0,"z":0},"floodProbability":null,"landslideProbability":null,"level":"info","message":"Sensor data updated:","rain":0,"soilMoisture":null,"timestamp":"2025-09-26T18:21:01.097Z","vibration":0,"waterFlow":0,"waterLevel":null}
{"accelerometer":{"x":0,"y":0,"z":0},"floodProbability":null,"landslideProbability":null,"level":"info","message":"Sensor data updated:","rain":0,"soilMoisture":null,"timestamp":"2025-09-26T18:21:03.111Z","vibration":0,"waterFlow":0,"waterLevel":null}
{"accelerometer":{"x":0,"y":0,"z":0},"floodProbability":null,"landslideProbability":null,"level":"info","message":"Sensor data updated:","rain":0,"soilMoisture":null,"timestamp":"2025-09-26T18:21:05.115Z","vibration":0,"waterFlow":0,"waterLevel":null}
{"accelerometer":{"x":0,"y":0,"z":0},"floodProbability":null,"landslideProbability":null,"level":"info","message":"Sensor data updated:","rain":0,"soilMoisture":null,"timestamp":"2025-09-26T18:21:07.121Z","vibration":0,"waterFlow":0,"waterLevel":null}
{"accelerometer":{"x":0,"y":0,"z":0},"floodProbability":null,"landslideProbability":null,"level":"info","message":"Sensor data updated:","rain":0,"soilMoisture":null,"timestamp":"2025-09-26T18:21:09.121Z","vibration":0,"waterFlow":0,"waterLevel":null}
{"accelerometer":{"x":0,"y":0,"z":0},"floodProbability":null,"landslideProbability":null,"level":"info","message":"Sensor data updated:","rain":0,"soilMoisture":null,"timestamp":"2025-09-26T18:21:11.133Z","vibration":0,"waterFlow":0,"waterLevel":null}
{"accelerometer":{"x":0,"y":0,"z":0},"floodProbability":null,"landslideProbability":null,"level":"info","message":"Sensor data updated:","rain":0,"soilMoisture":null,"timestamp":"2025-09-26T18:21:13.145Z","vibration":0,"waterFlow":0,"waterLevel":null}
{"accelerometer":{"x":0,"y":0,"z":0},"floodProbability":null,"landslideProbability":null,"level":"info","message":"Sensor data updated:","rain":0,"soilMoisture":null,"timestamp":"2025-09-26T18:21:15.151Z","vibration":0,"waterFlow":0,"waterLevel":null}
{"accelerometer":{"x":0,"y":0,"z":0},"floodProbability":null,"landslideProbability":null,"level":"info","message":"Sensor data updated:","rain":0,"soilMoisture":null,"timestamp":"2025-09-26T18:21:17.152Z","vibration":0,"waterFlow":0,"waterLevel":null}
{"accelerometer":{"x":0,"y":0,"z":0},"floodProbability":null,"landslideProbability":null,"level":"info","message":"Sensor data updated:","rain":0,"soilMoisture":null,"timestamp":"2025-09-26T18:21:19.159Z","vibration":0,"waterFlow":0,"waterLevel":null}
{"accelerometer":{"x":0,"y":0,"z":0},"floodProbability":null,"landslideProbability":null,"level":"info","message":"Sensor data updated:","rain":0,"soilMoisture":null,"timestamp":"2025-09-26T18:21:21.165Z","vibration":0,"waterFlow":0,"waterLevel":null}
{"accelerometer":{"x":0,"y":0,"z":0},"floodProbability":null,"landslideProbability":null,"level":"info","message":"Sensor data updated:","rain":0,"soilMoisture":null,"timestamp":"2025-09-26T18:21:23.178Z","vibration":0,"waterFlow":0,"waterLevel":null}
{"accelerometer":{"x":0,"y":0,"z":0},"floodProbability":null,"landslideProbability":null,"level":"info","message":"Sensor data updated:","rain":0,"soilMoisture":null,"timestamp":"2025-09-26T18:21:25.183Z","vibration":0,"waterFlow":0,"waterLevel":null}
{"accelerometer":{"x":0,"y":0,"z":0},"floodProbability":null,"landslideProbability":null,"level":"info","message":"Sensor data updated:","rain":0,"soilMoisture":null,"timestamp":"2025-09-26T18:21:27.186Z","vibration":0,"waterFlow":0,"waterLevel":null}
{"accelerometer":{"x":0,"y":0,"z":0},"floodProbability":null,"landslideProbability":null,"level":"info","message":"Sensor data updated:","rain":0,"soilMoisture":null,"timestamp":"2025-09-26T18:21:29.189Z","vibration":0,"waterFlow":0,"waterLevel":null}
{"accelerometer":{"x":0,"y":0,"z":0},"floodProbability":null,"landslideProbability":null,"level":"info","message":"Sensor data updated:","rain":0,"soilMoisture":null,"timestamp":"2025-09-26T18:21:31.195Z","vibration":0,"waterFlow":0,"waterLevel":null}
{"accelerometer":{"x":0,"y":0,"z":0},"floodProbability":null,"landslideProbability":null,"level":"info","message":"Sensor data updated:","rain":0,"soilMoisture":null,"timestamp":"2025-09-26T18:21:33.208Z","vibration":0,"waterFlow":0,"waterLevel":null}
{"accelerometer":{"x":0,"y":0,"z":0},"floodProbability":null,"landslideProbability":null,"level":"info","message":"Sensor data updated:","rain":0,"soilMoisture":null,"timestamp":"2025-09-26T18:21:35.215Z","vibration":0,"waterFlow":0,"waterLevel":null}
{"accelerometer":{"x":0,"y":0,"z":0},"floodProbability":null,"landslideProbability":null,"level":"info","message":"Sensor data updated:","rain":0,"soilMoisture":null,"timestamp":"2025-09-26T18:21:37.223Z","vibration":0,"waterFlow":0,"waterLevel":null}
{"accelerometer":{"x":0,"y":0,"z":0},"floodProbability":null,"landslideProbability":null,"level":"info","message":"Sensor data updated:","rain":0,"soilMoisture":null,"timestamp":"2025-09-26T18:21:39.229Z","vibration":0,"waterFlow":0,"waterLevel":null}
{"accelerometer":{"x":0,"y":0,"z":0},"floodProbability":null,"landslideProbability":null,"level":"info","message":"Sensor data updated:","rain":0,"soilMoisture":null,"timestamp":"2025-09-26T18:21:41.237Z","vibration":0,"waterFlow":0,"waterLevel":null}
{"accelerometer":{"x":0,"y":0,"z":0},"floodProbability":null,"landslideProbability":null,"level":"info","message":"Sensor data updated:","rain":0,"soilMoisture":null,"timestamp":"2025-09-26T18:21:43.250Z","vibration":0,"waterFlow":0,"waterLevel":null}
{"accelerometer":{"x":0,"y":0,"z":0},"floodProbability":null,"landslideProbability":null,"level":"info","message":"Sensor data updated:","rain":0,"soilMoisture":null,"timestamp":"2025-09-26T18:21:45.265Z","vibration":0,"waterFlow":0,"waterLevel":null}
{"accelerometer":{"x":0,"y":0,"z":0},"floodProbability":null,"landslideProbability":null,"level":"info","message":"Sensor data updated:","rain":0,"soilMoisture":null,"timestamp":"2025-09-26T18:21:47.276Z","vibration":0,"waterFlow":0,"waterLevel":null}
{"accelerometer":{"x":0,"y":0,"z":0},"floodProbability":null,"landslideProbability":null,"level":"info","message":"Sensor data updated:","rain":0,"soilMoisture":null,"timestamp":"2025-09-26T18:21:49.291Z","vibration":0,"waterFlow":0,"waterLevel":null}
{"accelerometer":{"x":0,"y":0,"z":0},"floodProbability":null,"landslideProbability":null,"level":"info","message":"Sensor data updated:","rain":0,"soilMoisture":null,"timestamp":"2025-09-26T18:21:51.302Z","vibration":0,"waterFlow":0,"waterLevel":null}
{"accelerometer":{"x":0,"y":0,"z":0},"floodProbability":null,"landslideProbability":null,"level":"info","message":"Sensor data updated:","rain":0,"soilMoisture":null,"timestamp":"2025-09-26T18:21:53.308Z","vibration":0,"waterFlow":0,"waterLevel":null}
{"accelerometer":{"x":0,"y":0,"z":0},"floodProbability":null,"landslideProbability":null,"level":"info","message":"Sensor data updated:","rain":0,"soilMoisture":null,"timestamp":"2025-09-26T18:21:55.315Z","vibration":0,"waterFlow":0,"waterLevel":null}
{"accelerometer":{"x":0,"y":0,"z":0},"floodProbability":null,"landslideProbability":null,"level":"info","message":"Sensor data updated:","rain":0,"soilMoisture":null,"timestamp":"2025-09-26T18:21:57.326Z","vibration":0,"waterFlow":0,"waterLevel":null}
{"accelerometer":{"x":0,"y":0,"z":0},"floodProbability":null,"landslideProbability":null,"level":"info","message":"Sensor data updated:","rain":0,"soilMoisture":null,"timestamp":"2025-09-26T18:21:59.336Z","vibration":0,"waterFlow":0,"waterLevel":null}
{"accelerometer":{"x":0,"y":0,"z":0},"floodProbability":null,"landslideProbability":null,"level":"info","message":"Sensor data updated:","rain":0,"soilMoisture":null,"timestamp":"2025-09-26T18:22:01.336Z","vibration":0,"waterFlow":0,"waterLevel":null}
{"accelerometer":{"x":0,"y":0,"z":0},"floodProbability":null,"landslideProbability":null,"level":"info","message":"Sensor data updated:","rain":0,"soilMoisture":null,"timestamp":"2025-09-26T18:22:03.336Z","vibration":0,"waterFlow":0,"waterLevel":null}
{"accelerometer":{"x":0,"y":0,"z":0},"floodProbability":null,"landslideProbability":null,"level":"info","message":"Sensor data updated:","rain":0,"soilMoisture":null,"timestamp":"2025-09-26T18:22:05.342Z","vibration":0,"waterFlow":0,"waterLevel":null}
{"accelerometer":{"x":0,"y":0,"z":0},"floodProbability":null,"landslideProbability":null,"level":"info","message":"Sensor data updated:","rain":0,"soilMoisture":null,"timestamp":"2025-09-26T18:22:07.347Z","vibration":0,"waterFlow":0,"waterLevel":null}
{"accelerometer":{"x":0,"y":0,"z":0},"floodProbability":null,"landslideProbability":null,"level":"info","message":"Sensor data updated:","rain":0,"soilMoisture":null,"timestamp":"2025-09-26T18:22:09.356Z","vibration":0,"waterFlow":0,"waterLevel":null}
{"accelerometer":{"x":0,"y":0,"z":0},"floodProbability":null,"landslideProbability":null,"level":"info","message":"Sensor data updated:","rain":0,"soilMoisture":null,"timestamp":"2025-09-26T18:22:11.364Z","vibration":0,"waterFlow":0,"waterLevel":null}
{"accelerometer":{"x":0,"y":0,"z":0},"floodProbability":null,"landslideProbability":null,"level":"info","message":"Sensor data updated:","rain":0,"soilMoisture":null,"timestamp":"2025-09-26T18:22:13.372Z","vibration":0,"waterFlow":0,"waterLevel":null}
{"accelerometer":{"x":0,"y":0,"z":0},"floodProbability":null,"landslideProbability":null,"level":"info","message":"Sensor data updated:","rain":0,"soilMoisture":null,"timestamp":"2025-09-26T18:22:15.373Z","vibration":0,"waterFlow":0,"waterLevel":null}
{"accelerometer":{"x":0,"y":0,"z":0},"floodProbability":null,"landslideProbability":null,"level":"info","message":"Sensor data updated:","rain":0,"soilMoisture":null,"timestamp":"2025-09-26T18:22:17.376Z","vibration":0,"waterFlow":0,"waterLevel":null}
{"accelerometer":{"x":0,"y":0,"z":0},"floodProbability":null,"landslideProbability":null,"level":"info","message":"Sensor data updated:","rain":0,"soilMoisture":null,"timestamp":"2025-09-26T18:22:19.389Z","vibration":0,"waterFlow":0,"waterLevel":null}
{"accelerometer":{"x":0,"y":0,"z":0},"floodProbability":null,"landslideProbability":null,"level":"info","message":"Sensor data updated:","rain":0,"soilMoisture":null,"timestamp":"2025-09-26T18:22:21.403Z","vibration":0,"waterFlow":0,"waterLevel":null}
{"accelerometer":{"x":0,"y":0,"z":0},"floodProbability":null,"landslideProbability":null,"level":"info","message":"Sensor data updated:","rain":0,"soilMoisture":null,"timestamp":"2025-09-26T18:22:23.416Z","vibration":0,"waterFlow":0,"waterLevel":null}
{"accelerometer":{"x":0,"y":0,"z":0},"floodProbability":null,"landslideProbability":null,"level":"info","message":"Sensor data updated:","rain":0,"soilMoisture":null,"timestamp":"2025-09-26T18:22:25.420Z","vibration":0,"waterFlow":0,"waterLevel":null}
{"accelerometer":{"x":0,"y":0,"z":0},"floodProbability":null,"landslideProbability":null,"level":"info","message":"Sensor data updated:","rain":0,"soilMoisture":null,"timestamp":"2025-09-26T18:22:27.422Z","vibration":0,"waterFlow":0,"waterLevel":null}
{"accelerometer":{"x":0,"y":0,"z":0},"floodProbability":null,"landslideProbability":null,"level":"info","message":"Sensor data updated:","rain":0,"soilMoisture":null,"timestamp":"2025-09-26T18:22:29.438Z","vibration":0,"waterFlow":0,"waterLevel":null}
{"accelerometer":{"x":0,"y":0,"z":0},"floodProbability":null,"landslideProbability":null,"level":"info","message":"Sensor data updated:","rain":0,"soilMoisture":null,"timestamp":"2025-09-26T18:22:31.449Z","vibration":0,"waterFlow":0,"waterLevel":null}
{"accelerometer":{"x":0,"y":0,"z":0},"floodProbability":null,"landslideProbability":null,"level":"info","message":"Sensor data updated:","rain":0,"soilMoisture":null,"timestamp":"2025-09-26T18:22:33.459Z","vibration":0,"waterFlow":0,"waterLevel":null}
{"accelerometer":{"x":0,"y":0,"z":0},"floodProbability":null,"landslideProbability":null,"level":"info","message":"Sensor data updated:","rain":0,"soilMoisture":null,"timestamp":"2025-09-26T18:22:35.466Z","vibration":0,"waterFlow":0,"waterLevel":null}
{"accelerometer":{"x":0,"y":0,"z":0},"floodProbability":null,"landslideProbability":null,"level":"info","message":"Sensor data updated:","rain":0,"soilMoisture":null,"timestamp":"2025-09-26T18:22:37.470Z","vibration":0,"waterFlow":0,"waterLevel":null}
{"accelerometer":{"x":0,"y":0,"z":0},"floodProbability":null,"landslideProbability":null,"level":"info","message":"Sensor data updated:","rain":0,"soilMoisture":null,"timestamp":"2025-09-26T18:22:39.471Z","vibration":0,"waterFlow":0,"waterLevel":null}
{"accelerometer":{"x":0,"y":0,"z":0},"floodProbability":null,"landslideProbability":null,"level":"info","message":"Sensor data updated:","rain":0,"soilMoisture":null,"timestamp":"2025-09-26T18:22:41.483Z","vibration":0,"waterFlow":0,"waterLevel":null}
{"accelerometer":{"x":0,"y":0,"z":0},"floodProbability":null,"landslideProbability":null,"level":"info","message":"Sensor data updated:","rain":0,"soilMoisture":null,"timestamp":"2025-09-26T18:22:43.497Z","vibration":0,"waterFlow":0,"waterLevel":null}
{"accelerometer":{"x":0,"y":0,"z":0},"floodProbability":null,"landslideProbability":null,"level":"info","message":"Sensor data updated:","rain":0,"soilMoisture":null,"timestamp":"2025-09-26T18:22:45.507Z","vibration":0,"waterFlow":0,"waterLevel":null}
{"accelerometer":{"x":0,"y":0,"z":0},"floodProbability":null,"landslideProbability":null,"level":"info","message":"Sensor data updated:","rain":0,"soilMoisture":null,"timestamp":"2025-09-26T18:22:47.518Z","vibration":0,"waterFlow":0,"waterLevel":null}
{"accelerometer":{"x":0,"y":0,"z":0},"floodProbability":null,"landslideProbability":null,"level":"info","message":"Sensor data updated:","rain":0,"soilMoisture":null,"timestamp":"2025-09-26T18:22:49.529Z","vibration":0,"waterFlow":0,"waterLevel":null}
{"accelerometer":{"x":0,"y":0,"z":0},"floodProbability":null,"landslideProbability":null,"level":"info","message":"Sensor data updated:","rain":0,"soilMoisture":null,"timestamp":"2025-09-26T18:22:51.540Z","vibration":0,"waterFlow":0,"waterLevel":null}
{"accelerometer":{"x":0,"y":0,"z":0},"floodProbability":null,"landslideProbability":null,"level":"info","message":"Sensor data updated:","rain":0,"soilMoisture":null,"timestamp":"2025-09-26T18:22:53.543Z","vibration":0,"waterFlow":0,"waterLevel":null}
{"accelerometer":{"x":0,"y":0,"z":0},"floodProbability":null,"landslideProbability":null,"level":"info","message":"Sensor data updated:","rain":0,"soilMoisture":null,"timestamp":"2025-09-26T18:22:55.545Z","vibration":0,"waterFlow":0,"waterLevel":null}
{"accelerometer":{"x":0,"y":0,"z":0},"floodProbability":null,"landslideProbability":null,"level":"info","message":"Sensor data updated:","rain":0,"soilMoisture":null,"timestamp":"2025-09-26T18:22:57.556Z","vibration":0,"waterFlow":0,"waterLevel":null}
{"accelerometer":{"x":0,"y":0,"z":0},"floodProbability":null,"landslideProbability":null,"level":"info","message":"Sensor data updated:","rain":0,"soilMoisture":null,"timestamp":"2025-09-26T18:22:59.566Z","vibration":0,"waterFlow":0,"waterLevel":null}
{"accelerometer":{"x":0,"y":0,"z":0},"floodProbability":null,"landslideProbability":null,"level":"info","message":"Sensor data updated:","rain":0,"soilMoisture":null,"timestamp":"2025-09-26T18:23:01.575Z","vibration":0,"waterFlow":0,"waterLevel":null}
{"accelerometer":{"x":0,"y":0,"z":0},"floodProbability":null,"landslideProbability":null,"level":"info","message":"Sensor data updated:","rain":0,"soilMoisture":null,"timestamp":"2025-09-26T18:23:03.583Z","vibration":0,"waterFlow":0,"waterLevel":null}
{"accelerometer":{"x":0,"y":0,"z":0},"floodProbability":null,"landslideProbability":null,"level":"info","message":"Sensor data updated:","rain":0,"soilMoisture":null,"timestamp":"2025-09-26T18:23:05.596Z","vibration":0,"waterFlow":0,"waterLevel":null}
{"accelerometer":{"x":0,"y":0,"z":0},"floodProbability":null,"landslideProbability":null,"level":"info","message":"Sensor data updated:","rain":0,"soilMoisture":null,"timestamp":"2025-09-26T18:23:07.603Z","vibration":0,"waterFlow":0,"waterLevel":null}
{"accelerometer":{"x":0,"y":0,"z":0},"floodProbability":null,"landslideProbability":null,"level":"info","message":"Sensor data updated:","rain":0,"soilMoisture":null,"timestamp":"2025-09-26T18:23:09.606Z","vibration":0,"waterFlow":0,"waterLevel":null}
{"accelerometer":{"x":0,"y":0,"z":0},"floodProbability":null,"landslideProbability":null,"level":"info","message":"Sensor data updated:","rain":0,"soilMoisture":null,"timestamp":"2025-09-26T18:23:11.621Z","vibration":0,"waterFlow":0,"waterLevel":null}
{"accelerometer":{"x":0,"y":0,"z":0},"floodProbability":null,"landslideProbability":null,"level":"info","message":"Sensor data updated:","rain":0,"soilMoisture":null,"timestamp":"2025-09-26T18:23:13.631Z","vibration":0,"waterFlow":0,"waterLevel":null}
{"accelerometer":{"x":0,"y":0,"z":0},"floodProbability":null,"landslideProbability":null,"level":"info","message":"Sensor data updated:","rain":0,"soilMoisture":null,"timestamp":"2025-09-26T18:23:15.633Z","vibration":0,"waterFlow":0,"waterLevel":null}
{"accelerometer":{"x":0,"y":0,"z":0},"floodProbability":null,"landslideProbability":null,"level":"info","message":"Sensor data updated:","rain":0,"soilMoisture":null,"timestamp":"2025-09-26T18:23:17.648Z","vibration":0,"waterFlow":0,"waterLevel":null}
{"accelerometer":{"x":0,"y":0,"z":0},"floodProbability":null,"landslideProbability":null,"level":"info","message":"Sensor data updated:","rain":0,"soilMoisture":null,"timestamp":"2025-09-26T18:23:19.659Z","vibration":0,"waterFlow":0,"waterLevel":null}
{"accelerometer":{"x":0,"y":0,"z":0},"floodProbability":null,"landslideProbability":null,"level":"info","message":"Sensor data updated:","rain":0,"soilMoisture":null,"timestamp":"2025-09-26T18:23:21.663Z","vibration":0,"waterFlow":0,"waterLevel":null}
{"accelerometer":{"x":0,"y":0,"z":0},"floodProbability":null,"landslideProbability":null,"level":"info","message":"Sensor data updated:","rain":0,"soilMoisture":null,"timestamp":"2025-09-26T18:23:23.667Z","vibration":0,"waterFlow":0,"waterLevel":null}
{"accelerometer":{"x":0,"y":0,"z":0},"floodProbability":null,"landslideProbability":null,"level":"info","message":"Sensor data updated:","rain":0,"soilMoisture":null,"timestamp":"2025-09-26T18:23:25.678Z","vibration":0,"waterFlow":0,"waterLevel":null}
{"accelerometer":{"x":0,"y":0,"z":0},"floodProbability":null,"landslideProbability":null,"level":"info","message":"Sensor data updated:","rain":0,"soilMoisture":null,"timestamp":"2025-09-26T18:23:27.696Z","vibration":0,"waterFlow":0,"waterLevel":null}
{"accelerometer":{"x":0,"y":0,"z":0},"floodProbability":null,"landslideProbability":null,"level":"info","message":"Sensor data updated:","rain":0,"soilMoisture":null,"timestamp":"2025-09-26T18:23:29.699Z","vibration":0,"waterFlow":0,"waterLevel":null}
{"accelerometer":{"x":0,"y":0,"z":0},"floodProbability":null,"landslideProbability":null,"level":"info","message":"Sensor data updated:","rain":0,"soilMoisture":null,"timestamp":"2025-09-26T18:23:31.703Z","vibration":0,"waterFlow":0,"waterLevel":null}
{"accelerometer":{"x":0,"y":0,"z":0},"floodProbability":null,"landslideProbability":null,"level":"info","message":"Sensor data updated:","rain":0,"soilMoisture":null,"timestamp":"2025-09-26T18:23:33.711Z","vibration":0,"waterFlow":0,"waterLevel":null}
{"accelerometer":{"x":0,"y":0,"z":0},"floodProbability":null,"landslideProbability":null,"level":"info","message":"Sensor data updated:","rain":0,"soilMoisture":null,"timestamp":"2025-09-26T18:23:35.711Z","vibration":0,"waterFlow":0,"waterLevel":null}
{"accelerometer":{"x":0,"y":0,"z":0},"floodProbability":null,"landslideProbability":null,"level":"info","message":"Sensor data updated:","rain":0,"soilMoisture":null,"timestamp":"2025-09-26T18:23:37.715Z","vibration":0,"waterFlow":0,"waterLevel":null}
{"accelerometer":{"x":0,"y":0,"z":0},"floodProbability":null,"landslideProbability":null,"level":"info","message":"Sensor data updated:","rain":0,"soilMoisture":null,"timestamp":"2025-09-26T18:23:39.719Z","vibration":0,"waterFlow":0,"waterLevel":null}
{"accelerometer":{"x":0,"y":0,"z":0},"floodProbability":null,"landslideProbability":null,"level":"info","message":"Sensor data updated:","rain":0,"soilMoisture":null,"timestamp":"2025-09-26T18:23:41.722Z","vibration":0,"waterFlow":0,"waterLevel":null}
{"accelerometer":{"x":0,"y":0,"z":0},"floodProbability":null,"landslideProbability":null,"level":"info","message":"Sensor data updated:","rain":0,"soilMoisture":null,"timestamp":"2025-09-26T18:23:43.735Z","vibration":0,"waterFlow":0,"waterLevel":null}
{"accelerometer":{"x":0,"y":0,"z":0},"floodProbability":null,"landslideProbability":null,"level":"info","message":"Sensor data updated:","rain":0,"soilMoisture":null,"timestamp":"2025-09-26T18:23:45.747Z","vibration":0,"waterFlow":0,"waterLevel":null}
{"accelerometer":{"x":0,"y":0,"z":0},"floodProbability":null,"landslideProbability":null,"level":"info","message":"Sensor data updated:","rain":0,"soilMoisture":null,"timestamp":"2025-09-26T18:23:47.752Z","vibration":0,"waterFlow":0,"waterLevel":null}
{"accelerometer":{"x":0,"y":0,"z":0},"floodProbability":null,"landslideProbability":null,"level":"info","message":"Sensor data updated:","rain":0,"soilMoisture":null,"timestamp":"2025-09-26T18:23:49.760Z","vibration":0,"waterFlow":0,"waterLevel":null}
{"accelerometer":{"x":0,"y":0,"z":0},"floodProbability":null,"landslideProbability":null,"level":"info","message":"Sensor data updated:","rain":0,"soilMoisture":null,"timestamp":"2025-09-26T18:23:51.769Z","vibration":0,"waterFlow":0,"waterLevel":null}
{"accelerometer":{"x":0,"y":0,"z":0},"floodProbability":null,"landslideProbability":null,"level":"info","message":"Sensor data updated:","rain":0,"soilMoisture":null,"timestamp":"2025-09-26T18:23:53.770Z","vibration":0,"waterFlow":0,"waterLevel":null}
{"accelerometer":{"x":0,"y":0,"z":0},"floodProbability":null,"landslideProbability":null,"level":"info","message":"Sensor data updated:","rain":0,"soilMoisture":null,"timestamp":"2025-09-26T18:23:55.780Z","vibration":0,"waterFlow":0,"waterLevel":null}
{"accelerometer":{"x":0,"y":0,"z":0},"floodProbability":null,"landslideProbability":null,"level":"info","message":"Sensor data updated:","rain":0,"soilMoisture":null,"timestamp":"2025-09-26T18:23:57.787Z","vibration":0,"waterFlow":0,"waterLevel":null}
{"accelerometer":{"x":0,"y":0,"z":0},"floodProbability":null,"landslideProbability":null,"level":"info","message":"Sensor data updated:","rain":0,"soilMoisture":null,"timestamp":"2025-09-26T18:23:59.788Z","vibration":0,"waterFlow":0,"waterLevel":null}
{"accelerometer":{"x":0,"y":0,"z":0},"floodProbability":null,"landslideProbability":null,"level":"info","message":"Sensor data updated:","rain":0,"soilMoisture":null,"timestamp":"2025-09-26T18:24:01.789Z","vibration":0,"waterFlow":0,"waterLevel":null}
{"accelerometer":{"x":0,"y":0,"z":0},"floodProbability":null,"landslideProbability":null,"level":"info","message":"Sensor data updated:","rain":0,"soilMoisture":null,"timestamp":"2025-09-26T18:24:03.792Z","vibration":0,"waterFlow":0,"waterLevel":null}
{"accelerometer":{"x":0,"y":0,"z":0},"floodProbability":null,"landslideProbability":null,"level":"info","message":"Sensor data updated:","rain":0,"soilMoisture":null,"timestamp":"2025-09-26T18:24:05.806Z","vibration":0,"waterFlow":0,"waterLevel":null}
{"accelerometer":{"x":0,"y":0,"z":0},"floodProbability":null,"landslideProbability":null,"level":"info","message":"Sensor data updated:","rain":0,"soilMoisture":null,"timestamp":"2025-09-26T18:24:07.813Z","vibration":0,"waterFlow":0,"waterLevel":null}
{"accelerometer":{"x":0,"y":0,"z":0},"floodProbability":null,"landslideProbability":null,"level":"info","message":"Sensor data updated:","rain":0,"soilMoisture":null,"timestamp":"2025-09-26T18:24:09.813Z","vibration":0,"waterFlow":0,"waterLevel":null}
{"accelerometer":{"x":0,"y":0,"z":0},"floodProbability":null,"landslideProbability":null,"level":"info","message":"Sensor data updated:","rain":0,"soilMoisture":null,"timestamp":"2025-09-26T18:24:11.828Z","vibration":0,"waterFlow":0,"waterLevel":null}
{"accelerometer":{"x":0,"y":0,"z":0},"floodProbability":null,"landslideProbability":null,"level":"info","message":"Sensor data updated:","rain":0,"soilMoisture":null,"timestamp":"2025-09-26T18:24:13.831Z","vibration":0,"waterFlow":0,"waterLevel":null}
{"accelerometer":{"x":0,"y":0,"z":0},"floodProbability":null,"landslideProbability":null,"level":"info","message":"Sensor data updated:","rain":0,"soilMoisture":null,"timestamp":"2025-09-26T18:24:15.845Z","vibration":0,"waterFlow":0,"waterLevel":null}
{"accelerometer":{"x":0,"y":0,"z":0},"floodProbability":null,"landslideProbability":null,"level":"info","message":"Sensor data updated:","rain":0,"soilMoisture":null,"timestamp":"2025-09-26T18:24:17.853Z","vibration":0,"waterFlow":0,"waterLevel":null}
{"accelerometer":{"x":0,"y":0,"z":0},"floodProbability":null,"landslideProbability":null,"level":"info","message":"Sensor data updated:","rain":0,"soilMoisture":null,"timestamp":"2025-09-26T18:24:19.856Z","vibration":0,"waterFlow":0,"waterLevel":null}
{"accelerometer":{"x":0,"y":0,"z":0},"floodProbability":null,"landslideProbability":null,"level":"info","message":"Sensor data updated:","rain":0,"soilMoisture":null,"timestamp":"2025-09-26T18:24:21.865Z","vibration":0,"waterFlow":0,"waterLevel":null}
{"accelerometer":{"x":0,"y":0,"z":0},"floodProbability":null,"landslideProbability":null,"level":"info","message":"Sensor data updated:","rain":0,"soilMoisture":null,"timestamp":"2025-09-26T18:24:23.868Z","vibration":0,"waterFlow":0,"waterLevel":null}
{"accelerometer":{"x":0,"y":0,"z":0},"floodProbability":null,"landslideProbability":null,"level":"info","message":"Sensor data updated:","rain":0,"soilMoisture":null,"timestamp":"2025-09-26T18:24:25.878Z","vibration":0,"waterFlow":0,"waterLevel":null}
{"accelerometer":{"x":0,"y":0,"z":0},"floodProbability":null,"landslideProbability":null,"level":"info","message":"Sensor data updated:","rain":0,"soilMoisture":null,"timestamp":"2025-09-26T18:24:27.882Z","vibration":0,"waterFlow":0,"waterLevel":null}
{"accelerometer":{"x":0,"y":0,"z":0},"floodProbability":null,"landslideProbability":null,"level":"info","message":"Sensor data updated:","rain":0,"soilMoisture":null,"timestamp":"2025-09-26T18:24:29.889Z","vibration":0,"waterFlow":0,"waterLevel":null}
{"accelerometer":{"x":0,"y":0,"z":0},"floodProbability":null,"landslideProbability":null,"level":"info","message":"Sensor data updated:","rain":0,"soilMoisture":null,"timestamp":"2025-09-26T18:24:31.894Z","vibration":0,"waterFlow":0,"waterLevel":null}
{"accelerometer":{"x":0,"y":0,"z":0},"floodProbability":null,"landslideProbability":null,"level":"info","message":"Sensor data updated:","rain":0,"soilMoisture":null,"timestamp":"2025-09-26T18:24:33.905Z","vibration":0,"waterFlow":0,"waterLevel":null}
{"accelerometer":{"x":0,"y":0,"z":0},"floodProbability":null,"landslideProbability":null,"level":"info","message":"Sensor data updated:","rain":0,"soilMoisture":null,"timestamp":"2025-09-26T18:24:35.911Z","vibration":0,"waterFlow":0,"waterLevel":null}
{"accelerometer":{"x":0,"y":0,"z":0},"floodProbability":null,"landslideProbability":null,"level":"info","message":"Sensor data updated:","rain":0,"soilMoisture":null,"timestamp":"2025-09-26T18:24:37.923Z","vibration":0,"waterFlow":0,"waterLevel":null}
{"accelerometer":{"x":0,"y":0,"z":0},"floodProbability":null,"landslideProbability":null,"level":"info","message":"Sensor data updated:","rain":0,"soilMoisture":null,"timestamp":"2025-09-26T18:24:39.932Z","vibration":0,"waterFlow":0,"waterLevel":null}
{"accelerometer":{"x":0,"y":0,"z":0},"floodProbability":null,"landslideProbability":null,"level":"info","message":"Sensor data updated:","rain":0,"soilMoisture":null,"timestamp":"2025-09-26T18:24:41.944Z","vibration":0,"waterFlow":0,"waterLevel":null}
{"accelerometer":{"x":0,"y":0,"z":0},"floodProbability":null,"landslideProbability":null,"level":"info","message":"Sensor data updated:","rain":0,"soilMoisture":null,"timestamp":"2025-09-26T18:24:43.945Z","vibration":0,"waterFlow":0,"waterLevel":null}
{"accelerometer":{"x":0,"y":0,"z":0},"floodProbability":null,"landslideProbability":null,"level":"info","message":"Sensor data updated:","rain":0,"soilMoisture":null,"timestamp":"2025-09-26T18:24:45.950Z","vibration":0,"waterFlow":0,"waterLevel":null}
{"accelerometer":{"x":0,"y":0,"z":0},"floodProbability":null,"landslideProbability":null,"level":"info","message":"Sensor data updated:","rain":0,"soilMoisture":null,"timestamp":"2025-09-26T18:24:47.963Z","vibration":0,"waterFlow":0,"waterLevel":null}
{"accelerometer":{"x":0,"y":0,"z":0},"floodProbability":null,"landslideProbability":null,"level":"info","message":"Sensor data updated:","rain":0,"soilMoisture":null,"timestamp":"2025-09-26T18:24:49.964Z","vibration":0,"waterFlow":0,"waterLevel":null}
{"accelerometer":{"x":0,"y":0,"z":0},"floodProbability":null,"landslideProbability":null,"level":"info","message":"Sensor data updated:","rain":0,"soilMoisture":null,"timestamp":"2025-09-26T18:24:51.967Z","vibration":0,"waterFlow":0,"waterLevel":null}
{"accelerometer":{"x":0,"y":0,"z":0},"floodProbability":null,"landslideProbability":null,"level":"info","message":"Sensor data updated:","rain":0,"soilMoisture":null,"timestamp":"2025-09-26T18:24:53.969Z","vibration":0,"waterFlow":0,"waterLevel":null}
{"accelerometer":{"x":0,"y":0,"z":0},"floodProbability":null,"landslideProbability":null,"level":"info","message":"Sensor data updated:","rain":0,"soilMoisture":null,"timestamp":"2025-09-26T18:24:55.971Z","vibration":0,"waterFlow":0,"waterLevel":null}
{"accelerometer":{"x":0,"y":0,"z":0},"floodProbability":null,"landslideProbability":null,"level":"info","message":"Sensor data updated:","rain":0,"soilMoisture":null,"timestamp":"2025-09-26T18:24:57.978Z","vibration":0,"waterFlow":0,"waterLevel":null}
{"accelerometer":{"x":0,"y":0,"z":0},"floodProbability":null,"landslideProbability":null,"level":"info","message":"Sensor data updated:","rain":0,"soilMoisture":null,"timestamp":"2025-09-26T18:24:59.984Z","vibration":0,"waterFlow":0,"waterLevel":null}
{"accelerometer":{"x":0,"y":0,"z":0},"floodProbability":null,"landslideProbability":null,"level":"info","message":"Sensor data updated:","rain":0,"soilMoisture":null,"timestamp":"2025-09-26T18:25:01.997Z","vibration":0,"waterFlow":0,"waterLevel":null}
{"accelerometer":{"x":0,"y":0,"z":0},"floodProbability":null,"landslideProbability":null,"level":"info","message":"Sensor data updated:","rain":0,"soilMoisture":null,"timestamp":"2025-09-26T18:25:04.004Z","vibration":0,"waterFlow":0,"waterLevel":null}
{"accelerometer":{"x":0,"y":0,"z":0},"floodProbability":null,"landslideProbability":null,"level":"info","message":"Sensor data updated:","rain":0,"soilMoisture":null,"timestamp":"2025-09-26T18:25:06.012Z","vibration":0,"waterFlow":0,"waterLevel":null}
{"accelerometer":{"x":0,"y":0,"z":0},"floodProbability":null,"landslideProbability":null,"level":"info","message":"Sensor data updated:","rain":0,"soilMoisture":null,"timestamp":"2025-09-26T18:25:08.019Z","vibration":0,"waterFlow":0,"waterLevel":null}
{"accelerometer":{"x":0,"y":0,"z":0},"floodProbability":null,"landslideProbability":null,"level":"info","message":"Sensor data updated:","rain":0,"soilMoisture":null,"timestamp":"2025-09-26T18:25:10.032Z","vibration":0,"waterFlow":0,"waterLevel":null}
{"accelerometer":{"x":0,"y":0,"z":0},"floodProbability":null,"landslideProbability":null,"level":"info","message":"Sensor data updated:","rain":0,"soilMoisture":null,"timestamp":"2025-09-26T18:25:12.034Z","vibration":0,"waterFlow":0,"waterLevel":null}
{"accelerometer":{"x":0,"y":0,"z":0},"floodProbability":null,"landslideProbability":null,"level":"info","message":"Sensor data updated:","rain":0,"soilMoisture":null,"timestamp":"2025-09-26T18:25:14.035Z","vibration":0,"waterFlow":0,"waterLevel":null}
{"accelerometer":{"x":0,"y":0,"z":0},"floodProbability":null,"landslideProbability":null,"level":"info","message":"Sensor data updated:","rain":0,"soilMoisture":null,"timestamp":"2025-09-26T18:25:16.051Z","vibration":0,"waterFlow":0,"waterLevel":null}
{"accelerometer":{"x":0,"y":0,"z":0},"floodProbability":null,"landslideProbability":null,"level":"info","message":"Sensor data updated:","rain":0,"soilMoisture":null,"timestamp":"2025-09-26T18:25:18.066Z","vibration":0,"waterFlow":0,"waterLevel":null}
{"accelerometer":{"x":0,"y":0,"z":0},"floodProbability":null,"landslideProbability":null,"level":"info","message":"Sensor data updated:","rain":0,"soilMoisture":null,"timestamp":"2025-09-26T18:25:20.068Z","vibration":0,"waterFlow":0,"waterLevel":null}
{"accelerometer":{"x":0,"y":0,"z":0},"floodProbability":null,"landslideProbability":null,"level":"info","message":"Sensor data updated:","rain":0,"soilMoisture":null,"timestamp":"2025-09-26T18:25:22.068Z","vibration":0,"waterFlow":0,"waterLevel":null}
{"accelerometer":{"x":0,"y":0,"z":0},"floodProbability":null,"landslideProbability":null,"level":"info","message":"Sensor data updated:","rain":0,"soilMoisture":null,"timestamp":"2025-09-26T18:25:24.083Z","vibration":0,"waterFlow":0,"waterLevel":null}
{"level":"info","message":"Client connected:","timestamp":"2025-09-26T18:25:25.453Z"}
{"level":"info","message":"Client connected:","timestamp":"2025-09-26T18:25:25.458Z"}
{"accelerometer":{"x":0,"y":0,"z":0},"floodProbability":null,"landslideProbability":null,"level":"info","message":"Sensor data updated:","rain":0,"soilMoisture":null,"timestamp":"2025-09-26T18:25:26.087Z","vibration":0,"waterFlow":0,"waterLevel":null}
{"accelerometer":{"x":0,"y":0,"z":0},"floodProbability":null,"landslideProbability":null,"level":"info","message":"Sensor data updated:","rain":0,"soilMoisture":null,"timestamp":"2025-09-26T18:25:28.100Z","vibration":0,"waterFlow":0,"waterLevel":null}
{"accelerometer":{"x":0,"y":0,"z":0},"floodProbability":null,"landslideProbability":null,"level":"info","message":"Sensor data updated:","rain":0,"soilMoisture":null,"timestamp":"2025-09-26T18:25:30.113Z","vibration":0,"waterFlow":0,"waterLevel":null}
{"accelerometer":{"x":0,"y":0,"z":0},"floodProbability":null,"landslideProbability":null,"level":"info","message":"Sensor data updated:","rain":0,"soilMoisture":null,"timestamp":"2025-09-26T18:25:32.114Z","vibration":0,"waterFlow":0,"waterLevel":null}
{"accelerometer":{"x":0,"y":0,"z":0},"floodProbability":null,"landslideProbability":null,"level":"info","message":"Sensor data updated:","rain":0,"soilMoisture":null,"timestamp":"2025-09-26T18:25:34.120Z","vibration":0,"waterFlow":0,"waterLevel":null}
{"accelerometer":{"x":0,"y":0,"z":0},"floodProbability":null,"landslideProbability":null,"level":"info","message":"Sensor data updated:","rain":0,"soilMoisture":null,"timestamp":"2025-09-26T18:25:36.128Z","vibration":0,"waterFlow":0,"waterLevel":null}
{"accelerometer":{"x":0,"y":0,"z":0},"floodProbability":null,"landslideProbability":null,"level":"info","message":"Sensor data updated:","rain":0,"soilMoisture":null,"timestamp":"2025-09-26T18:25:38.135Z","vibration":0,"waterFlow":0,"waterLevel":null}
{"accelerometer":{"x":0,"y":0,"z":0},"floodProbability":null,"landslideProbability":null,"level":"info","message":"Sensor data updated:","rain":0,"soilMoisture":null,"timestamp":"2025-09-26T18:25:40.140Z","vibration":0,"waterFlow":0,"waterLevel":null}
{"level":"info","message":"Client disconnected:","timestamp":"2025-09-26T18:25:40.462Z"}
{"level":"info","message":"Client disconnected:","timestamp":"2025-09-26T18:25:40.464Z"}
{"level":"info","message":"Client connected:","timestamp":"2025-09-26T18:25:40.580Z"}
{"level":"info","message":"Client connected:","timestamp":"2025-09-26T18:25:40.585Z"}
{"accelerometer":{"x":0,"y":0,"z":0},"floodProbability":null,"landslideProbability":null,"level":"info","message":"Sensor data updated:","rain":0,"soilMoisture":null,"timestamp":"2025-09-26T18:25:42.144Z","vibration":0,"waterFlow":0,"waterLevel":null}
{"accelerometer":{"x":0,"y":0,"z":0},"floodProbability":null,"landslideProbability":null,"level":"info","message":"Sensor data updated:","rain":0,"soilMoisture":null,"timestamp":"2025-09-26T18:25:44.146Z","vibration":0,"waterFlow":0,"waterLevel":null}
{"accelerometer":{"x":0,"y":0,"z":0},"floodProbability":null,"landslideProbability":null,"level":"info","message":"Sensor data updated:","rain":0,"soilMoisture":null,"timestamp":"2025-09-26T18:25:46.156Z","vibration":0,"waterFlow":0,"waterLevel":null}
{"accelerometer":{"x":0,"y":0,"z":0},"floodProbability":null,"landslideProbability":null,"level":"info","message":"Sensor data updated:","rain":0,"soilMoisture":null,"timestamp":"2025-09-26T18:25:48.157Z","vibration":0,"waterFlow":0,"waterLevel":null}
{"accelerometer":{"x":0,"y":0,"z":0},"floodProbability":null,"landslideProbability":null,"level":"info","message":"Sensor data updated:","rain":0,"soilMoisture":null,"timestamp":"2025-09-26T18:25:50.170Z","vibration":0,"waterFlow":0,"waterLevel":null}
{"accelerometer":{"x":0,"y":0,"z":0},"floodProbability":null,"landslideProbability":null,"level":"info","message":"Sensor data updated:","rain":0,"soilMoisture":null,"timestamp":"2025-09-26T18:25:52.184Z","vibration":0,"waterFlow":0,"waterLevel":null}
{"accelerometer":{"x":0,"y":0,"z":0},"floodProbability":null,"landslideProbability":null,"level":"info","message":"Sensor data updated:","rain":0,"soilMoisture":null,"timestamp":"2025-09-26T18:25:54.185Z","vibration":0,"waterFlow":0,"waterLevel":null}
{"accelerometer":{"x":0,"y":0,"z":0},"floodProbability":null,"landslideProbability":null,"level":"info","message":"Sensor data updated:","rain":0,"soilMoisture":null,"timestamp":"2025-09-26T18:25:56.193Z","vibration":0,"waterFlow":0,"waterLevel":null}
{"accelerometer":{"x":0,"y":0,"z":0},"floodProbability":null,"landslideProbability":null,"level":"info","message":"Sensor data updated:","rain":0,"soilMoisture":null,"timestamp":"2025-09-26T18:25:58.205Z","vibration":0,"waterFlow":0,"waterLevel":null}
{"accelerometer":{"x":0,"y":0,"z":0},"floodProbability":null,"landslideProbability":null,"level":"info","message":"Sensor data updated:","rain":0,"soilMoisture":null,"timestamp":"2025-09-26T18:26:00.218Z","vibration":0,"waterFlow":0,"waterLevel":null}
{"accelerometer":{"x":0,"y":0,"z":0},"floodProbability":null,"landslideProbability":null,"level":"info","message":"Sensor data updated:","rain":0,"soilMoisture":null,"timestamp":"2025-09-26T18:26:02.227Z","vibration":0,"waterFlow":0,"waterLevel":null}
{"accelerometer":{"x":0,"y":0,"z":0},"floodProbability":null,"landslideProbability":null,"level":"info","message":"Sensor data updated:","rain":0,"soilMoisture":null,"timestamp":"2025-09-26T18:26:04.234Z","vibration":0,"waterFlow":0,"waterLevel":null}
{"accelerometer":{"x":0,"y":0,"z":0},"floodProbability":null,"landslideProbability":null,"level":"info","message":"Sensor data updated:","rain":0,"soilMoisture":null,"timestamp":"2025-09-26T18:26:06.245Z","vibration":0,"waterFlow":0,"waterLevel":null}
{"accelerometer":{"x":0,"y":0,"z":0},"floodProbability":null,"landslideProbability":null,"level":"info","message":"Sensor data updated:","rain":0,"soilMoisture":null,"timestamp":"2025-09-26T18:26:08.253Z","vibration":0,"waterFlow":0,"waterLevel":null}
{"accelerometer":{"x":0,"y":0,"z":0},"floodProbability":null,"landslideProbability":null,"level":"info","message":"Sensor data updated:","rain":0,"soilMoisture":null,"timestamp":"2025-09-26T18:26:10.262Z","vibration":0,"waterFlow":0,"waterLevel":null}
{"accelerometer":{"x":0,"y":0,"z":0},"floodProbability":null,"landslideProbability":null,"level":"info","message":"Sensor data updated:","rain":0,"soilMoisture":null,"timestamp":"2025-09-26T18:26:12.276Z","vibration":0,"waterFlow":0,"waterLevel":null}
{"accelerometer":{"x":0,"y":0,"z":0},"floodProbability":null,"landslideProbability":null,"level":"info","message":"Sensor data updated:","rain":0,"soilMoisture":null,"timestamp":"2025-09-26T18:26:14.283Z","vibration":0,"waterFlow":0,"waterLevel":null}
{"accelerometer":{"x":0,"y":0,"z":0},"floodProbability":null,"landslideProbability":null,"level":"info","message":"Sensor data updated:","rain":0,"soilMoisture":null,"timestamp":"2025-09-26T18:26:16.293Z","vibration":0,"waterFlow":0,"waterLevel":null}
{"accelerometer":{"x":0,"y":0,"z":0},"floodProbability":null,"landslideProbability":null,"level":"info","message":"Sensor data updated:","rain":0,"soilMoisture":null,"timestamp":"2025-09-26T18:26:18.296Z","vibration":0,"waterFlow":0,"waterLevel":null}
{"accelerometer":{"x":0,"y":0,"z":0},"floodProbability":null,"landslideProbability":null,"level":"info","message":"Sensor data updated:","rain":0,"soilMoisture":null,"timestamp":"2025-09-26T18:26:20.300Z","vibration":0,"waterFlow":0,"waterLevel":null}
{"accelerometer":{"x":0,"y":0,"z":0},"floodProbability":null,"landslideProbability":null,"level":"info","message":"Sensor data updated:","rain":0,"soilMoisture":null,"timestamp":"2025-09-26T18:26:22.313Z","vibration":0,"waterFlow":0,"waterLevel":null}
{"accelerometer":{"x":0,"y":0,"z":0},"floodProbability":null,"landslideProbability":null,"level":"info","message":"Sensor data updated:","rain":0,"soilMoisture":null,"timestamp":"2025-09-26T18:26:24.313Z","vibration":0,"waterFlow":0,"waterLevel":null}
{"accelerometer":{"x":0,"y":0,"z":0},"floodProbability":null,"landslideProbability":null,"level":"info","message":"Sensor data updated:","rain":0,"soilMoisture":null,"timestamp":"2025-09-26T18:26:26.315Z","vibration":0,"waterFlow":0,"waterLevel":null}
{"accelerometer":{"x":0,"y":0,"z":0},"floodProbability":null,"landslideProbability":null,"level":"info","message":"Sensor data updated:","rain":0,"soilMoisture":null,"timestamp":"2025-09-26T18:26:28.323Z","vibration":0,"waterFlow":0,"waterLevel":null}
{"accelerometer":{"x":0,"y":0,"z":0},"floodProbability":null,"landslideProbability":null,"level":"info","message":"Sensor data updated:","rain":0,"soilMoisture":null,"timestamp":"2025-09-26T18:26:30.331Z","vibration":0,"waterFlow":0,"waterLevel":null}
{"accelerometer":{"x":0,"y":0,"z":0},"floodProbability":null,"landslideProbability":null,"level":"info","message":"Sensor data updated:","rain":0,"soilMoisture":null,"timestamp":"2025-09-26T18:26:32.337Z","vibration":0,"waterFlow":0,"waterLevel":null}
{"accelerometer":{"x":0,"y":0,"z":0},"floodProbability":null,"landslideProbability":null,"level":"info","message":"Sensor data updated:","rain":0,"soilMoisture":null,"timestamp":"2025-09-26T18:26:34.342Z","vibration":0,"waterFlow":0,"waterLevel":null}
{"accelerometer":{"x":0,"y":0,"z":0},"floodProbability":null,"landslideProbability":null,"level":"info","message":"Sensor data updated:","rain":0,"soilMoisture":null,"timestamp":"2025-09-26T18:26:36.344Z","vibration":0,"waterFlow":0,"waterLevel":null}
{"accelerometer":{"x":0,"y":0,"z":0},"floodProbability":null,"landslideProbability":null,"level":"info","message":"Sensor data updated:","rain":0,"soilMoisture":null,"timestamp":"2025-09-26T18:26:38.356Z","vibration":0,"waterFlow":0,"waterLevel":null}
{"accelerometer":{"x":0,"y":0,"z":0},"floodProbability":null,"landslideProbability":null,"level":"info","message":"Sensor data updated:","rain":0,"soilMoisture":null,"timestamp":"2025-09-26T18:26:40.368Z","vibration":0,"waterFlow":0,"waterLevel":null}
{"accelerometer":{"x":0,"y":0,"z":0},"floodProbability":null,"landslideProbability":null,"level":"info","message":"Sensor data updated:","rain":0,"soilMoisture":null,"timestamp":"2025-09-26T18:26:42.381Z","vibration":0,"waterFlow":0,"waterLevel":null}
{"accelerometer":{"x":0,"y":0,"z":0},"floodProbability":null,"landslideProbability":null,"level":"info","message":"Sensor data updated:","rain":0,"soilMoisture":null,"timestamp":"2025-09-26T18:26:44.389Z","vibration":0,"waterFlow":0,"waterLevel":null}
{"accelerometer":{"x":0,"y":0,"z":0},"floodProbability":null,"landslideProbability":null,"level":"info","message":"Sensor data updated:","rain":0,"soilMoisture":null,"timestamp":"2025-09-26T18:26:46.390Z","vibration":0,"waterFlow":0,"waterLevel":null}
{"accelerometer":{"x":0,"y":0,"z":0},"floodProbability":null,"landslideProbability":null,"level":"info","message":"Sensor data updated:","rain":0,"soilMoisture":null,"timestamp":"2025-09-26T18:26:48.397Z","vibration":0,"waterFlow":0,"waterLevel":null}
{"accelerometer":{"x":0,"y":0,"z":0},"floodProbability":null,"landslideProbability":null,"level":"info","message":"Sensor data updated:","rain":0,"soilMoisture":null,"timestamp":"2025-09-26T18:26:50.405Z","vibration":0,"waterFlow":0,"waterLevel":null}
{"accelerometer":{"x":0,"y":0,"z":0},"floodProbability":null,"landslideProbability":null,"level":"info","message":"Sensor data updated:","rain":0,"soilMoisture":null,"timestamp":"2025-09-26T18:26:52.406Z","vibration":0,"waterFlow":0,"waterLevel":null}
{"accelerometer":{"x":0,"y":0,"z":0},"floodProbability":null,"landslideProbability":null,"level":"info","message":"Sensor data updated:","rain":0,"soilMoisture":null,"timestamp":"2025-09-26T18:26:54.420Z","vibration":0,"waterFlow":0,"waterLevel":null}
{"accelerometer":{"x":0,"y":0,"z":0},"floodProbability":null,"landslideProbability":null,"level":"info","message":"Sensor data updated:","rain":0,"soilMoisture":null,"timestamp":"2025-09-26T18:26:56.422Z","vibration":0,"waterFlow":0,"waterLevel":null}
{"accelerometer":{"x":0,"y":0,"z":0},"floodProbability":null,"landslideProbability":null,"level":"info","message":"Sensor data updated:","rain":0,"soilMoisture":null,"timestamp":"2025-09-26T18:26:58.427Z","vibration":0,"waterFlow":0,"waterLevel":null}
{"accelerometer":{"x":0,"y":0,"z":0},"floodProbability":null,"landslideProbability":null,"level":"info","message":"Sensor data updated:","rain":0,"soilMoisture":null,"timestamp":"2025-09-26T18:27:00.439Z","vibration":0,"waterFlow":0,"waterLevel":null}
{"accelerometer":{"x":0,"y":0,"z":0},"floodProbability":null,"landslideProbability":null,"level":"info","message":"Sensor data updated:","rain":0,"soilMoisture":null,"timestamp":"2025-09-26T18:27:02.442Z","vibration":0,"waterFlow":0,"waterLevel":null}
{"accelerometer":{"x":0,"y":0,"z":0},"floodProbability":null,"landslideProbability":null,"level":"info","message":"Sensor data updated:","rain":0,"soilMoisture":null,"timestamp":"2025-09-26T18:27:04.443Z","vibration":0,"waterFlow":0,"waterLevel":null}
{"accelerometer":{"x":0,"y":0,"z":0},"floodProbability":null,"landslideProbability":null,"level":"info","message":"Sensor data updated:","rain":0,"soilMoisture":null,"timestamp":"2025-09-26T18:27:06.450Z","vibration":0,"waterFlow":0,"waterLevel":null}
{"accelerometer":{"x":0,"y":0,"z":0},"floodProbability":null,"landslideProbability":null,"level":"info","message":"Sensor data updated:","rain":0,"soilMoisture":null,"timestamp":"2025-09-26T18:27:08.460Z","vibration":0,"waterFlow":0,"waterLevel":null}
{"accelerometer":{"x":0,"y":0,"z":0},"floodProbability":null,"landslideProbability":null,"level":"info","message":"Sensor data updated:","rain":0,"soilMoisture":null,"timestamp":"2025-09-26T18:27:10.468Z","vibration":0,"waterFlow":0,"waterLevel":null}
{"accelerometer":{"x":0,"y":0,"z":0},"floodProbability":null,"landslideProbability":null,"level":"info","message":"Sensor data updated:","rain":0,"soilMoisture":null,"timestamp":"2025-09-26T18:27:12.468Z","vibration":0,"waterFlow":0,"waterLevel":null}
{"accelerometer":{"x":0,"y":0,"z":0},"floodProbability":null,"landslideProbability":null,"level":"info","message":"Sensor data updated:","rain":0,"soilMoisture":null,"timestamp":"2025-09-26T18:27:14.481Z","vibration":0,"waterFlow":0,"waterLevel":null}
{"accelerometer":{"x":0,"y":0,"z":0},"floodProbability":null,"landslideProbability":null,"level":"info","message":"Sensor data updated:","rain":0,"soilMoisture":null,"timestamp":"2025-09-26T18:27:16.492Z","vibration":0,"waterFlow":0,"waterLevel":null}
{"accelerometer":{"x":0,"y":0,"z":0},"floodProbability":null,"landslideProbability":null,"level":"info","message":"Sensor data updated:","rain":0,"soilMoisture":null,"timestamp":"2025-09-26T18:27:18.493Z","vibration":0,"waterFlow":0,"waterLevel":null}
{"accelerometer":{"x":0,"y":0,"z":0},"floodProbability":null,"landslideProbability":null,"level":"info","message":"Sensor data updated:","rain":0,"soilMoisture":null,"timestamp":"2025-09-26T18:27:20.497Z","vibration":0,"waterFlow":0,"waterLevel":null}
{"accelerometer":{"x":0,"y":0,"z":0},"floodProbability":null,"landslideProbability":null,"level":"info","message":"Sensor data updated:","rain":0,"soilMoisture":null,"timestamp":"2025-09-26T18:27:22.503Z","vibration":0,"waterFlow":0,"waterLevel":null}
{"accelerometer":{"x":0,"y":0,"z":0},"floodProbability":null,"landslideProbability":null,"level":"info","message":"Sensor data updated:","rain":0,"soilMoisture":null,"timestamp":"2025-09-26T18:27:24.508Z","vibration":0,"waterFlow":0,"waterLevel":null}
{"accelerometer":{"x":0,"y":0,"z":0},"floodProbability":null,"landslideProbability":null,"level":"info","message":"Sensor data updated:","rain":0,"soilMoisture":null,"timestamp":"2025-09-26T18:27:26.512Z","vibration":0,"waterFlow":0,"waterLevel":null}
{"accelerometer":{"x":0,"y":0,"z":0},"floodProbability":null,"landslideProbability":null,"level":"info","message":"Sensor data updated:","rain":0,"soilMoisture":null,"timestamp":"2025-09-26T18:27:28.523Z","vibration":0,"waterFlow":0,"waterLevel":null}
{"accelerometer":{"x":0,"y":0,"z":0},"floodProbability":null,"landslideProbability":null,"level":"info","message":"Sensor data updated:","rain":0,"soilMoisture":null,"timestamp":"2025-09-26T18:27:30.526Z","vibration":0,"waterFlow":0,"waterLevel":null}
{"accelerometer":{"x":0,"y":0,"z":0},"floodProbability":null,"landslideProbability":null,"level":"info","message":"Sensor data updated:","rain":0,"soilMoisture":null,"timestamp":"2025-09-26T18:27:32.541Z","vibration":0,"waterFlow":0,"waterLevel":null}
{"accelerometer":{"x":0,"y":0,"z":0},"floodProbability":null,"landslideProbability":null,"level":"info","message":"Sensor data updated:","rain":0,"soilMoisture":null,"timestamp":"2025-09-26T18:27:34.543Z","vibration":0,"waterFlow":0,"waterLevel":null}
{"accelerometer":{"x":0,"y":0,"z":0},"floodProbability":null,"landslideProbability":null,"level":"info","message":"Sensor data updated:","rain":0,"soilMoisture":null,"timestamp":"2025-09-26T18:27:36.548Z","vibration":0,"waterFlow":0,"waterLevel":null}
{"accelerometer":{"x":0,"y":0,"z":0},"floodProbability":null,"landslideProbability":null,"level":"info","message":"Sensor data updated:","rain":0,"soilMoisture":null,"timestamp":"2025-09-26T18:27:38.560Z","vibration":0,"waterFlow":0,"waterLevel":null}
{"accelerometer":{"x":0,"y":0,"z":0},"floodProbability":null,"landslideProbability":null,"level":"info","message":"Sensor data updated:","rain":0,"soilMoisture":null,"timestamp":"2025-09-26T18:27:40.573Z","vibration":0,"waterFlow":0,"waterLevel":null}
{"accelerometer":{"x":0,"y":0,"z":0},"floodProbability":null,"landslideProbability":null,"level":"info","message":"Sensor data updated:","rain":0,"soilMoisture":null,"timestamp":"2025-09-26T18:27:42.573Z","vibration":0,"waterFlow":0,"waterLevel":null}
{"accelerometer":{"x":0,"y":0,"z":0},"floodProbability":null,"landslideProbability":null,"level":"info","message":"Sensor data updated:","rain":0,"soilMoisture":null,"timestamp":"2025-09-26T18:27:44.579Z","vibration":0,"waterFlow":0,"waterLevel":null}
{"accelerometer":{"x":0,"y":0,"z":0},"floodProbability":null,"landslideProbability":null,"level":"info","message":"Sensor data updated:","rain":0,"soilMoisture":null,"timestamp":"2025-09-26T18:27:46.594Z","vibration":0,"waterFlow":0,"waterLevel":null}
{"accelerometer":{"x":0,"y":0,"z":0},"floodProbability":null,"landslideProbability":null,"level":"info","message":"Sensor data updated:","rain":0,"soilMoisture":null,"timestamp":"2025-09-26T18:27:48.602Z","vibration":0,"waterFlow":0,"waterLevel":null}
{"accelerometer":{"x":0,"y":0,"z":0},"floodProbability":null,"landslideProbability":null,"level":"info","message":"Sensor data updated:","rain":0,"soilMoisture":null,"timestamp":"2025-09-26T18:27:50.607Z","vibration":0,"waterFlow":0,"waterLevel":null}
{"accelerometer":{"x":0,"y":0,"z":0},"floodProbability":null,"landslideProbability":null,"level":"info","message":"Sensor data updated:","rain":0,"soilMoisture":null,"timestamp":"2025-09-26T18:27:52.613Z","vibration":0,"waterFlow":0,"waterLevel":null}
{"accelerometer":{"x":0,"y":0,"z":0},"floodProbability":null,"landslideProbability":null,"level":"info","message":"Sensor data updated:","rain":0,"soilMoisture":null,"timestamp":"2025-09-26T18:27:54.623Z","vibration":0,"waterFlow":0,"waterLevel":null}
{"accelerometer":{"x":0,"y":0,"z":0},"floodProbability":null,"landslideProbability":null,"level":"info","message":"Sensor data updated:","rain":0,"soilMoisture":null,"timestamp":"2025-09-26T18:27:56.633Z","vibration":0,"waterFlow":0,"waterLevel":null}
{"accelerometer":{"x":0,"y":0,"z":0},"floodProbability":null,"landslideProbability":null,"level":"info","message":"Sensor data updated:","rain":0,"soilMoisture":null,"timestamp":"2025-09-26T18:27:58.640Z","vibration":0,"waterFlow":0,"waterLevel":null}
{"accelerometer":{"x":0,"y":0,"z":0},"floodProbability":null,"landslideProbability":null,"level":"info","message":"Sensor data updated:","rain":0,"soilMoisture":null,"timestamp":"2025-09-26T18:28:00.644Z","vibration":0,"waterFlow":0,"waterLevel":null}
{"accelerometer":{"x":0,"y":0,"z":0},"floodProbability":null,"landslideProbability":null,"level":"info","message":"Sensor data updated:","rain":0,"soilMoisture":null,"timestamp":"2025-09-26T18:28:02.656Z","vibration":0,"waterFlow":0,"waterLevel":null}
{"accelerometer":{"x":0,"y":0,"z":0},"floodProbability":null,"landslideProbability":null,"level":"info","message":"Sensor data updated:","rain":0,"soilMoisture":null,"timestamp":"2025-09-26T18:28:04.661Z","vibration":0,"waterFlow":0,"waterLevel":null}
{"accelerometer":{"x":0,"y":0,"z":0},"floodProbability":null,"landslideProbability":null,"level":"info","message":"Sensor data updated:","rain":0,"soilMoisture":null,"timestamp":"2025-09-26T18:28:06.675Z","vibration":0,"waterFlow":0,"waterLevel":null}
{"accelerometer":{"x":0,"y":0,"z":0},"floodProbability":null,"landslideProbability":null,"level":"info","message":"Sensor data updated:","rain":0,"soilMoisture":null,"timestamp":"2025-09-26T18:28:08.688Z","vibration":0,"waterFlow":0,"waterLevel":null}
{"accelerometer":{"x":0,"y":0,"z":0},"floodProbability":null,"landslideProbability":null,"level":"info","message":"Sensor data updated:","rain":0,"soilMoisture":null,"timestamp":"2025-09-26T18:28:10.694Z","vibration":0,"waterFlow":0,"waterLevel":null}
{"accelerometer":{"x":0,"y":0,"z":0},"floodProbability":null,"landslideProbability":null,"level":"info","message":"Sensor data updated:","rain":0,"soilMoisture":null,"timestamp":"2025-09-26T18:28:12.710Z","vibration":0,"waterFlow":0,"waterLevel":null}
{"accelerometer":{"x":0,"y":0,"z":0},"floodProbability":null,"landslideProbability":null,"level":"info","message":"Sensor data updated:","rain":0,"soilMoisture":null,"timestamp":"2025-09-26T18:28:14.724Z","vibration":0,"waterFlow":0,"waterLevel":null}
{"accelerometer":{"x":0,"y":0,"z":0},"floodProbability":null,"landslideProbability":null,"level":"info","message":"Sensor data updated:","rain":0,"soilMoisture":null,"timestamp":"2025-09-26T18:28:16.732Z","vibration":0,"waterFlow":0,"waterLevel":null}
{"accelerometer":{"x":0,"y":0,"z":0},"floodProbability":null,"landslideProbability":null,"level":"info","message":"Sensor data updated:","rain":0,"soilMoisture":null,"timestamp":"2025-09-26T18:28:18.735Z","vibration":0,"waterFlow":0,"waterLevel":null}
{"accelerometer":{"x":0,"y":0,"z":0},"floodProbability":null,"landslideProbability":null,"level":"info","message":"Sensor data updated:","rain":0,"soilMoisture":null,"timestamp":"2025-09-26T18:28:20.741Z","vibration":0,"waterFlow":0,"waterLevel":null}
{"accelerometer":{"x":0,"y":0,"z":0},"floodProbability":null,"landslideProbability":null,"level":"info","message":"Sensor data updated:","rain":0,"soilMoisture":null,"timestamp":"2025-09-26T18:28:22.745Z","vibration":0,"waterFlow":0,"waterLevel":null}
{"accelerometer":{"x":0,"y":0,"z":0},"floodProbability":null,"landslideProbability":null,"level":"info","message":"Sensor data updated:","rain":0,"soilMoisture":null,"timestamp":"2025-09-26T18:28:24.755Z","vibration":0,"waterFlow":0,"waterLevel":null}
{"accelerometer":{"x":0,"y":0,"z":0},"floodProbability":null,"landslideProbability":null,"level":"info","message":"Sensor data updated:","rain":0,"soilMoisture":null,"timestamp":"2025-09-26T18:28:26.760Z","vibration":0,"waterFlow":0,"waterLevel":null}
{"accelerometer":{"x":0,"y":0,"z":0},"floodProbability":null,"landslideProbability":null,"level":"info","message":"Sensor data updated:","rain":0,"soilMoisture":null,"timestamp":"2025-09-26T18:28:28.762Z","vibration":0,"waterFlow":0,"waterLevel":null}
{"accelerometer":{"x":0,"y":0,"z":0},"floodProbability":null,"landslideProbability":null,"level":"info","message":"Sensor data updated:","rain":0,"soilMoisture":null,"timestamp":"2025-09-26T18:28:30.763Z","vibration":0,"waterFlow":0,"waterLevel":null}
{"accelerometer":{"x":0,"y":0,"z":0},"floodProbability":null,"landslideProbability":null,"level":"info","message":"Sensor data updated:","rain":0,"soilMoisture":null,"timestamp":"2025-09-26T18:28:32.773Z","vibration":0,"waterFlow":0,"waterLevel":null}
{"accelerometer":{"x":0,"y":0,"z":0},"floodProbability":null,"landslideProbability":null,"level":"info","message":"Sensor data updated:","rain":0,"soilMoisture":null,"timestamp":"2025-09-26T18:28:34.774Z","vibration":0,"waterFlow":0,"waterLevel":null}
{"accelerometer":{"x":0,"y":0,"z":0},"floodProbability":null,"landslideProbability":null,"level":"info","message":"Sensor data updated:","rain":0,"soilMoisture":null,"timestamp":"2025-09-26T18:28:36.778Z","vibration":0,"waterFlow":0,"waterLevel":null}
{"accelerometer":{"x":0,"y":0,"z":0},"floodProbability":null,"landslideProbability":null,"level":"info","message":"Sensor data updated:","rain":0,"soilMoisture":null,"timestamp":"2025-09-26T18:28:38.778Z","vibration":0,"waterFlow":0,"waterLevel":null}
{"accelerometer":{"x":0,"y":0,"z":0},"floodProbability":null,"landslideProbability":null,"level":"info","message":"Sensor data updated:","rain":0,"soilMoisture":null,"timestamp":"2025-09-26T18:28:40.784Z","vibration":0,"waterFlow":0,"waterLevel":null}
{"accelerometer":{"x":0,"y":0,"z":0},"floodProbability":null,"landslideProbability":null,"level":"info","message":"Sensor data updated:","rain":0,"soilMoisture":null,"timestamp":"2025-09-26T18:28:42.785Z","vibration":0,"waterFlow":0,"waterLevel":null}
{"accelerometer":{"x":0,"y":0,"z":0},"floodProbability":null,"landslideProbability":null,"level":"info","message":"Sensor data updated:","rain":0,"soilMoisture":null,"timestamp":"2025-09-26T18:28:44.798Z","vibration":0,"waterFlow":0,"waterLevel":null}
{"accelerometer":{"x":0,"y":0,"z":0},"floodProbability":null,"landslideProbability":null,"level":"info","message":"Sensor data updated:","rain":0,"soilMoisture":null,"timestamp":"2025-09-26T18:28:46.810Z","vibration":0,"waterFlow":0,"waterLevel":null}
{"accelerometer":{"x":0,"y":0,"z":0},"floodProbability":null,"landslideProbability":null,"level":"info","message":"Sensor data updated:","rain":0,"soilMoisture":null,"timestamp":"2025-09-26T18:28:48.815Z","vibration":0,"waterFlow":0,"waterLevel":null}
{"accelerometer":{"x":0,"y":0,"z":0},"floodProbability":null,"landslideProbability":null,"level":"info","message":"Sensor data updated:","rain":0,"soilMoisture":null,"timestamp":"2025-09-26T18:28:50.828Z","vibration":0,"waterFlow":0,"waterLevel":null}
{"accelerometer":{"x":0,"y":0,"z":0},"floodProbability":null,"landslideProbability":null,"level":"info","message":"Sensor data updated:","rain":0,"soilMoisture":null,"timestamp":"2025-09-26T18:28:52.841Z","vibration":0,"waterFlow":0,"waterLevel":null}
{"accelerometer":{"x":0,"y":0,"z":0},"floodProbability":null,"landslideProbability":null,"level":"info","message":"Sensor data updated:","rain":0,"soilMoisture":null,"timestamp":"2025-09-26T18:28:54.843Z","vibration":0,"waterFlow":0,"waterLevel":null}
{"accelerometer":{"x":0,"y":0,"z":0},"floodProbability":null,"landslideProbability":null,"level":"info","message":"Sensor data updated:","rain":0,"soilMoisture":null,"timestamp":"2025-09-26T18:28:56.843Z","vibration":0,"waterFlow":0,"waterLevel":null}
{"accelerometer":{"x":0,"y":0,"z":0},"floodProbability":null,"landslideProbability":null,"level":"info","message":"Sensor data updated:","rain":0,"soilMoisture":null,"timestamp":"2025-09-26T18:28:58.846Z","vibration":0,"waterFlow":0,"waterLevel":null}
{"accelerometer":{"x":0,"y":0,"z":0},"floodProbability":null,"landslideProbability":null,"level":"info","message":"Sensor data updated:","rain":0,"soilMoisture":null,"timestamp":"2025-09-26T18:29:00.857Z","vibration":0,"waterFlow":0,"waterLevel":null}
{"accelerometer":{"x":0,"y":0,"z":0},"floodProbability":null,"landslideProbability":null,"level":"info","message":"Sensor data updated:","rain":0,"soilMoisture":null,"timestamp":"2025-09-26T18:29:02.860Z","vibration":0,"waterFlow":0,"waterLevel":null}
{"accelerometer":{"x":0,"y":0,"z":0},"floodProbability":null,"landslideProbability":null,"level":"info","message":"Sensor data updated:","rain":0,"soilMoisture":null,"timestamp":"2025-09-26T18:29:04.868Z","vibration":0,"waterFlow":0,"waterLevel":null}
{"accelerometer":{"x":0,"y":0,"z":0},"floodProbability":null,"landslideProbability":null,"level":"info","message":"Sensor data updated:","rain":0,"soilMoisture":null,"timestamp":"2025-09-26T18:29:06.882Z","vibration":0,"waterFlow":0,"waterLevel":null}
{"accelerometer":{"x":0,"y":0,"z":0},"floodProbability":null,"landslideProbability":null,"level":"info","message":"Sensor data updated:","rain":0,"soilMoisture":null,"timestamp":"2025-09-26T18:29:08.895Z","vibration":0,"waterFlow":0,"waterLevel":null}
{"accelerometer":{"x":0,"y":0,"z":0},"floodProbability":null,"landslideProbability":null,"level":"info","message":"Sensor data updated:","rain":0,"soilMoisture":null,"timestamp":"2025-09-26T18:29:10.904Z","vibration":0,"waterFlow":0,"waterLevel":null}
{"accelerometer":{"x":0,"y":0,"z":0},"floodProbability":null,"landslideProbability":null,"level":"info","message":"Sensor data updated:","rain":0,"soilMoisture":null,"timestamp":"2025-09-26T18:29:12.914Z","vibration":0,"waterFlow":0,"waterLevel":null}
{"accelerometer":{"x":0,"y":0,"z":0},"floodProbability":null,"landslideProbability":null,"level":"info","message":"Sensor data updated:","rain":0,"soilMoisture":null,"timestamp":"2025-09-26T18:29:14.919Z","vibration":0,"waterFlow":0,"waterLevel":null}
{"accelerometer":{"x":0,"y":0,"z":0},"floodProbability":null,"landslideProbability":null,"level":"info","message":"Sensor data updated:","rain":0,"soilMoisture":null,"timestamp":"2025-09-26T18:29:16.921Z","vibration":0,"waterFlow":0,"waterLevel":null}
{"accelerometer":{"x":0,"y":0,"z":0},"floodProbability":null,"landslideProbability":null,"level":"info","message":"Sensor data updated:","rain":0,"soilMoisture":null,"timestamp":"2025-09-26T18:29:18.930Z","vibration":0,"waterFlow":0,"waterLevel":null}
{"accelerometer":{"x":0,"y":0,"z":0},"floodProbability":null,"landslideProbability":null,"level":"info","message":"Sensor data updated:","rain":0,"soilMoisture":null,"timestamp":"2025-09-26T18:29:20.932Z","vibration":0,"waterFlow":0,"waterLevel":null}
{"accelerometer":{"x":0,"y":0,"z":0},"floodProbability":null,"landslideProbability":null,"level":"info","message":"Sensor data updated:","rain":0,"soilMoisture":null,"timestamp":"2025-09-26T18:29:22.939Z","vibration":0,"waterFlow":0,"waterLevel":null}
{"accelerometer":{"x":0,"y":0,"z":0},"floodProbability":null,"landslideProbability":null,"level":"info","message":"Sensor data updated:","rain":0,"soilMoisture":null,"timestamp":"2025-09-26T18:29:24.944Z","vibration":0,"waterFlow":0,"waterLevel":null}
{"accelerometer":{"x":0,"y":0,"z":0},"floodProbability":null,"landslideProbability":null,"level":"info","message":"Sensor data updated:","rain":0,"soilMoisture":null,"timestamp":"2025-09-26T18:29:26.952Z","vibration":0,"waterFlow":0,"waterLevel":null}
{"accelerometer":{"x":0,"y":0,"z":0},"floodProbability":null,"landslideProbability":null,"level":"info","message":"Sensor data updated:","rain":0,"soilMoisture":null,"timestamp":"2025-09-26T18:29:28.972Z","vibration":0,"waterFlow":0,"waterLevel":null}
{"accelerometer":{"x":0,"y":0,"z":0},"floodProbability":null,"landslideProbability":null,"level":"info","message":"Sensor data updated:","rain":0,"soilMoisture":null,"timestamp":"2025-09-26T18:29:30.975Z","vibration":0,"waterFlow":0,"waterLevel":null}
{"accelerometer":{"x":0,"y":0,"z":0},"floodProbability":null,"landslideProbability":null,"level":"info","message":"Sensor data updated:","rain":0,"soilMoisture":null,"timestamp":"2025-09-26T18:29:32.985Z","vibration":0,"waterFlow":0,"waterLevel":null}
{"accelerometer":{"x":0,"y":0,"z":0},"floodProbability":null,"landslideProbability":null,"level":"info","message":"Sensor data updated:","rain":0,"soilMoisture":null,"timestamp":"2025-09-26T18:29:34.992Z","vibration":0,"waterFlow":0,"waterLevel":null}
{"accelerometer":{"x":0,"y":0,"z":0},"floodProbability":null,"landslideProbability":null,"level":"info","message":"Sensor data updated:","rain":0,"soilMoisture":null,"timestamp":"2025-09-26T18:29:37.007Z","vibration":0,"waterFlow":0,"waterLevel":null}
{"accelerometer":{"x":0,"y":0,"z":0},"floodProbability":null,"landslideProbability":null,"level":"info","message":"Sensor data updated:","rain":0,"soilMoisture":null,"timestamp":"2025-09-26T18:29:39.007Z","vibration":0,"waterFlow":0,"waterLevel":null}
{"accelerometer":{"x":0,"y":0,"z":0},"floodProbability":null,"landslideProbability":null,"level":"info","message":"Sensor data updated:","rain":0,"soilMoisture":null,"timestamp":"2025-09-26T18:29:41.021Z","vibration":0,"waterFlow":0,"waterLevel":null}
{"accelerometer":{"x":0,"y":0,"z":0},"floodProbability":null,"landslideProbability":null,"level":"info","message":"Sensor data updated:","rain":0,"soilMoisture":null,"timestamp":"2025-09-26T18:29:43.030Z","vibration":0,"waterFlow":0,"waterLevel":null}
{"accelerometer":{"x":0,"y":0,"z":0},"floodProbability":null,"landslideProbability":null,"level":"info","message":"Sensor data updated:","rain":0,"soilMoisture":null,"timestamp":"2025-09-26T18:29:45.037Z","vibration":0,"waterFlow":0,"waterLevel":null}
{"accelerometer":{"x":0,"y":0,"z":0},"floodProbability":null,"landslideProbability":null,"level":"info","message":"Sensor data updated:","rain":0,"soilMoisture":null,"timestamp":"2025-09-26T18:29:47.042Z","vibration":0,"waterFlow":0,"waterLevel":null}
{"accelerometer":{"x":0,"y":0,"z":0},"floodProbability":null,"landslideProbability":null,"level":"info","message":"Sensor data updated:","rain":0,"soilMoisture":null,"timestamp":"2025-09-26T18:29:49.052Z","vibration":0,"waterFlow":0,"waterLevel":null}
{"accelerometer":{"x":0,"y":0,"z":0},"floodProbability":null,"landslideProbability":null,"level":"info","message":"Sensor data updated:","rain":0,"soilMoisture":null,"timestamp":"2025-09-26T18:29:51.057Z","vibration":0,"waterFlow":0,"waterLevel":null}
{"accelerometer":{"x":0,"y":0,"z":0},"floodProbability":null,"landslideProbability":null,"level":"info","message":"Sensor data updated:","rain":0,"soilMoisture":null,"timestamp":"2025-09-26T18:29:53.070Z","vibration":0,"waterFlow":0,"waterLevel":null}
{"accelerometer":{"x":0,"y":0,"z":0},"floodProbability":null,"landslideProbability":null,"level":"info","message":"Sensor data updated:","rain":0,"soilMoisture":null,"timestamp":"2025-09-26T18:29:55.079Z","vibration":0,"waterFlow":0,"waterLevel":null}
{"accelerometer":{"x":0,"y":0,"z":0},"floodProbability":null,"landslideProbability":null,"level":"info","message":"Sensor data updated:","rain":0,"soilMoisture":null,"timestamp":"2025-09-26T18:29:57.082Z","vibration":0,"waterFlow":0,"waterLevel":null}
{"accelerometer":{"x":0,"y":0,"z":0},"floodProbability":null,"landslideProbability":null,"level":"info","message":"Sensor data updated:","rain":0,"soilMoisture":null,"timestamp":"2025-09-26T18:29:59.086Z","vibration":0,"waterFlow":0,"waterLevel":null}
{"accelerometer":{"x":0,"y":0,"z":0},"floodProbability":null,"landslideProbability":null,"level":"info","message":"Sensor data updated:","rain":0,"soilMoisture":null,"timestamp":"2025-09-26T18:30:01.098Z","vibration":0,"waterFlow":0,"waterLevel":null}
{"accelerometer":{"x":0,"y":0,"z":0},"floodProbability":null,"landslideProbability":null,"level":"info","message":"Sensor data updated:","rain":0,"soilMoisture":null,"timestamp":"2025-09-26T18:30:03.113Z","vibration":0,"waterFlow":0,"waterLevel":null}
{"accelerometer":{"x":0,"y":0,"z":0},"floodProbability":null,"landslideProbability":null,"level":"info","message":"Sensor data updated:","rain":0,"soilMoisture":null,"timestamp":"2025-09-26T18:30:05.129Z","vibration":0,"waterFlow":0,"waterLevel":null}
{"accelerometer":{"x":0,"y":0,"z":0},"floodProbability":null,"landslideProbability":null,"level":"info","message":"Sensor data updated:","rain":0,"soilMoisture":null,"timestamp":"2025-09-26T18:30:07.140Z","vibration":0,"waterFlow":0,"waterLevel":null}
{"accelerometer":{"x":0,"y":0,"z":0},"floodProbability":null,"landslideProbability":null,"level":"info","message":"Sensor data updated:","rain":0,"soilMoisture":null,"timestamp":"2025-09-26T18:30:09.142Z","vibration":0,"waterFlow":0,"waterLevel":null}
{"accelerometer":{"x":0,"y":0,"z":0},"floodProbability":null,"landslideProbability":null,"level":"info","message":"Sensor data updated:","rain":0,"soilMoisture":null,"timestamp":"2025-09-26T18:30:11.142Z","vibration":0,"waterFlow":0,"waterLevel":null}
{"accelerometer":{"x":0,"y":0,"z":0},"floodProbability":null,"landslideProbability":null,"level":"info","message":"Sensor data updated:","rain":0,"soilMoisture":null,"timestamp":"2025-09-26T18:30:13.151Z","vibration":0,"waterFlow":0,"waterLevel":null}
{"accelerometer":{"x":0,"y":0,"z":0},"floodProbability":null,"landslideProbability":null,"level":"info","message":"Sensor data updated:","rain":0,"soilMoisture":null,"timestamp":"2025-09-26T18:30:15.166Z","vibration":0,"waterFlow":0,"waterLevel":null}
{"accelerometer":{"x":0,"y":0,"z":0},"floodProbability":null,"landslideProbability":null,"level":"info","message":"Sensor data updated:","rain":0,"soilMoisture":null,"timestamp":"2025-09-26T18:30:17.180Z","vibration":0,"waterFlow":0,"waterLevel":null}
{"accelerometer":{"x":0,"y":0,"z":0},"floodProbability":null,"landslideProbability":null,"level":"info","message":"Sensor data updated:","rain":0,"soilMoisture":null,"timestamp":"2025-09-26T18:30:19.184Z","vibration":0,"waterFlow":0,"waterLevel":null}
{"accelerometer":{"x":0,"y":0,"z":0},"floodProbability":null,"landslideProbability":null,"level":"info","message":"Sensor data updated:","rain":0,"soilMoisture":null,"timestamp":"2025-09-26T18:30:21.190Z","vibration":0,"waterFlow":0,"waterLevel":null}
{"accelerometer":{"x":0,"y":0,"z":0},"floodProbability":null,"landslideProbability":null,"level":"info","message":"Sensor data updated:","rain":0,"soilMoisture":null,"timestamp":"2025-09-26T18:30:23.191Z","vibration":0,"waterFlow":0,"waterLevel":null}
{"accelerometer":{"x":0,"y":0,"z":0},"floodProbability":null,"landslideProbability":null,"level":"info","message":"Sensor data updated:","rain":0,"soilMoisture":null,"timestamp":"2025-09-26T18:30:25.203Z","vibration":0,"waterFlow":0,"waterLevel":null}
{"accelerometer":{"x":0,"y":0,"z":0},"floodProbability":null,"landslideProbability":null,"level":"info","message":"Sensor data updated:","rain":0,"soilMoisture":null,"timestamp":"2025-09-26T18:30:27.208Z","vibration":0,"waterFlow":0,"waterLevel":null}
{"accelerometer":{"x":0,"y":0,"z":0},"floodProbability":null,"landslideProbability":null,"level":"info","message":"Sensor data updated:","rain":0,"soilMoisture":null,"timestamp":"2025-09-26T18:30:29.212Z","vibration":0,"waterFlow":0,"waterLevel":null}
{"accelerometer":{"x":0,"y":0,"z":0},"floodProbability":null,"landslideProbability":null,"level":"info","message":"Sensor data updated:","rain":0,"soilMoisture":null,"timestamp":"2025-09-26T18:30:31.215Z","vibration":0,"waterFlow":0,"waterLevel":null}
{"accelerometer":{"x":0,"y":0,"z":0},"floodProbability":null,"landslideProbability":null,"level":"info","message":"Sensor data updated:","rain":0,"soilMoisture":null,"timestamp":"2025-09-26T18:30:33.226Z","vibration":0,"waterFlow":0,"waterLevel":null}
{"accelerometer":{"x":0,"y":0,"z":0},"floodProbability":null,"landslideProbability":null,"level":"info","message":"Sensor data updated:","rain":0,"soilMoisture":null,"timestamp":"2025-09-26T18:30:35.233Z","vibration":0,"waterFlow":0,"waterLevel":null}
{"accelerometer":{"x":0,"y":0,"z":0},"floodProbability":null,"landslideProbability":null,"level":"info","message":"Sensor data updated:","rain":0,"soilMoisture":null,"timestamp":"2025-09-26T18:30:37.234Z","vibration":0,"waterFlow":0,"waterLevel":null}
{"accelerometer":{"x":0,"y":0,"z":0},"floodProbability":null,"landslideProbability":null,"level":"info","message":"Sensor data updated:","rain":0,"soilMoisture":null,"timestamp":"2025-09-26T18:30:39.246Z","vibration":0,"waterFlow":0,"waterLevel":null}
{"accelerometer":{"x":0,"y":0,"z":0},"floodProbability":null,"landslideProbability":null,"level":"info","message":"Sensor data updated:","rain":0,"soilMoisture":null,"timestamp":"2025-09-26T18:30:41.251Z","vibration":0,"waterFlow":0,"waterLevel":null}
{"accelerometer":{"x":0,"y":0,"z":0},"floodProbability":null,"landslideProbability":null,"level":"info","message":"Sensor data updated:","rain":0,"soilMoisture":null,"timestamp":"2025-09-26T18:30:43.256Z","vibration":0,"waterFlow":0,"waterLevel":null}
{"accelerometer":{"x":0,"y":0,"z":0},"floodProbability":null,"landslideProbability":null,"level":"info","message":"Sensor data updated:","rain":0,"soilMoisture":null,"timestamp":"2025-09-26T18:30:45.269Z","vibration":0,"waterFlow":0,"waterLevel":null}
{"accelerometer":{"x":0,"y":0,"z":0},"floodProbability":null,"landslideProbability":null,"level":"info","message":"Sensor data updated:","rain":0,"soilMoisture":null,"timestamp":"2025-09-26T18:30:47.283Z","vibration":0,"waterFlow":0,"waterLevel":null}
{"accelerometer":{"x":0,"y":0,"z":0},"floodProbability":null,"landslideProbability":null,"level":"info","message":"Sensor data updated:","rain":0,"soilMoisture":null,"timestamp":"2025-09-26T18:30:49.282Z","vibration":0,"waterFlow":0,"waterLevel":null}
{"accelerometer":{"x":0,"y":0,"z":0},"floodProbability":null,"landslideProbability":null,"level":"info","message":"Sensor data updated:","rain":0,"soilMoisture":null,"timestamp":"2025-09-26T18:30:51.294Z","vibration":0,"waterFlow":0,"waterLevel":null}
{"accelerometer":{"x":0,"y":0,"z":0},"floodProbability":null,"landslideProbability":null,"level":"info","message":"Sensor data updated:","rain":0,"soilMoisture":null,"timestamp":"2025-09-26T18:30:53.298Z","vibration":0,"waterFlow":0,"waterLevel":null}
{"accelerometer":{"x":0,"y":0,"z":0},"floodProbability":null,"landslideProbability":null,"level":"info","message":"Sensor data updated:","rain":0,"soilMoisture":null,"timestamp":"2025-09-26T18:30:55.306Z","vibration":0,"waterFlow":0,"waterLevel":null}
{"accelerometer":{"x":0,"y":0,"z":0},"floodProbability":null,"landslideProbability":null,"level":"info","message":"Sensor data updated:","rain":0,"soilMoisture":null,"timestamp":"2025-09-26T18:30:57.319Z","vibration":0,"waterFlow":0,"waterLevel":null}
{"accelerometer":{"x":0,"y":0,"z":0},"floodProbability":null,"landslideProbability":null,"level":"info","message":"Sensor data updated:","rain":0,"soilMoisture":null,"timestamp":"2025-09-26T18:30:59.320Z","vibration":0,"waterFlow":0,"waterLevel":null}
{"accelerometer":{"x":0,"y":0,"z":0},"floodProbability":null,"landslideProbability":null,"level":"info","message":"Sensor data updated:","rain":0,"soilMoisture":null,"timestamp":"2025-09-26T18:31:01.332Z","vibration":0,"waterFlow":0,"waterLevel":null}
{"accelerometer":{"x":0,"y":0,"z":0},"floodProbability":null,"landslideProbability":null,"level":"info","message":"Sensor data updated:","rain":0,"soilMoisture":null,"timestamp":"2025-09-26T18:31:03.344Z","vibration":0,"waterFlow":0,"waterLevel":null}
{"accelerometer":{"x":0,"y":0,"z":0},"floodProbability":null,"landslideProbability":null,"level":"info","message":"Sensor data updated:","rain":0,"soilMoisture":null,"timestamp":"2025-09-26T18:31:05.349Z","vibration":0,"waterFlow":0,"waterLevel":null}
{"accelerometer":{"x":0,"y":0,"z":0},"floodProbability":null,"landslideProbability":null,"level":"info","message":"Sensor data updated:","rain":0,"soilMoisture":null,"timestamp":"2025-09-26T18:31:07.354Z","vibration":0,"waterFlow":0,"waterLevel":null}
{"accelerometer":{"x":0,"y":0,"z":0},"floodProbability":null,"landslideProbability":null,"level":"info","message":"Sensor data updated:","rain":0,"soilMoisture":null,"timestamp":"2025-09-26T18:31:09.355Z","vibration":0,"waterFlow":0,"waterLevel":null}
{"accelerometer":{"x":0,"y":0,"z":0},"floodProbability":null,"landslideProbability":null,"level":"info","message":"Sensor data updated:","rain":0,"soilMoisture":null,"timestamp":"2025-09-26T18:31:11.360Z","vibration":0,"waterFlow":0,"waterLevel":null}
{"accelerometer":{"x":0,"y":0,"z":0},"floodProbability":null,"landslideProbability":null,"level":"info","message":"Sensor data updated:","rain":0,"soilMoisture":null,"timestamp":"2025-09-26T18:31:13.366Z","vibration":0,"waterFlow":0,"waterLevel":null}
{"level":"info","message":"Server running on port 3001","timestamp":"2025-09-26T18:31:29.857Z"}
{"level":"info","message":"Serial port COM7 connected","timestamp":"2025-09-26T18:31:29.878Z"}
{"level":"error","message":"Serial port error: Opening COM7: File not found","stack":"Error: Opening COM7: File not found","timestamp":"2025-09-26T18:31:29.887Z"}
{"level":"info","message":"Simulator mode activated","timestamp":"2025-09-26T18:31:29.888Z"}
{"accelerometer":{"x":0,"y":0,"z":0},"floodProbability":0,"landslideProbability":0,"level":"info","message":"Sensor data updated:","rain":0,"soilMoisture":null,"timestamp":"2025-09-26T18:31:31.892Z","vibration":0,"waterFlow":0,"waterLevel":null}
{"accelerometer":{"x":0,"y":0,"z":0},"floodProbability":null,"landslideProbability":null,"level":"info","message":"Sensor data updated:","rain":0,"soilMoisture":null,"timestamp":"2025-09-26T18:31:33.897Z","vibration":0,"waterFlow":0,"waterLevel":null}
{"level":"info","message":"Client connected:","timestamp":"2025-09-26T18:31:34.711Z"}
{"level":"info","message":"Client connected:","timestamp":"2025-09-26T18:31:34.727Z"}
{"accelerometer":{"x":0,"y":0,"z":0},"floodProbability":null,"landslideProbability":null,"level":"info","message":"Sensor data updated:","rain":0,"soilMoisture":null,"timestamp":"2025-09-26T18:31:35.904Z","vibration":0,"waterFlow":0,"waterLevel":null}
{"accelerometer":{"x":0,"y":0,"z":0},"floodProbability":null,"landslideProbability":null,"level":"info","message":"Sensor data updated:","rain":0,"soilMoisture":null,"timestamp":"2025-09-26T18:31:37.912Z","vibration":0,"waterFlow":0,"waterLevel":null}
{"accelerometer":{"x":0,"y":0,"z":0},"floodProbability":null,"landslideProbability":null,"level":"info","message":"Sensor data updated:","rain":0,"soilMoisture":null,"timestamp":"2025-09-26T18:31:39.919Z","vibration":0,"waterFlow":0,"waterLevel":null}
{"accelerometer":{"x":0,"y":0,"z":0},"floodProbability":null,"landslideProbability":null,"level":"info","message":"Sensor data updated:","rain":0,"soilMoisture":null,"timestamp":"2025-09-26T18:31:41.925Z","vibration":0,"waterFlow":0,"waterLevel":null}
{"accelerometer":{"x":0,"y":0,"z":0},"floodProbability":null,"landslideProbability":null,"level":"info","message":"Sensor data updated:","rain":0,"soilMoisture":null,"timestamp":"2025-09-26T18:31:43.934Z","vibration":0,"waterFlow":0,"waterLevel":null}
{"accelerometer":{"x":0,"y":0,"z":0},"floodProbability":null,"landslideProbability":null,"level":"info","message":"Sensor data updated:","rain":0,"soilMoisture":null,"timestamp":"2025-09-26T18:31:45.936Z","vibration":0,"waterFlow":0,"waterLevel":null}
{"accelerometer":{"x":0,"y":0,"z":0},"floodProbability":null,"landslideProbability":null,"level":"info","message":"Sensor data updated:","rain":0,"soilMoisture":null,"timestamp":"2025-09-26T18:31:47.938Z","vibration":0,"waterFlow":0,"waterLevel":null}
{"accelerometer":{"x":0,"y":0,"z":0},"floodProbability":null,"landslideProbability":null,"level":"info","message":"Sensor data updated:","rain":0,"soilMoisture":null,"timestamp":"2025-09-26T18:31:49.947Z","vibration":0,"waterFlow":0,"waterLevel":null}
{"accelerometer":{"x":0,"y":0,"z":0},"floodProbability":null,"landslideProbability":null,"level":"info","message":"Sensor data updated:","rain":0,"soilMoisture":null,"timestamp":"2025-09-26T18:31:51.953Z","vibration":0,"waterFlow":0,"waterLevel":null}
{"accelerometer":{"x":0,"y":0,"z":0},"floodProbability":null,"landslideProbability":null,"level":"info","message":"Sensor data updated:","rain":0,"soilMoisture":null,"timestamp":"2025-09-26T18:31:53.955Z","vibration":0,"waterFlow":0,"waterLevel":null}
{"accelerometer":{"x":0,"y":0,"z":0},"floodProbability":null,"landslideProbability":null,"level":"info","message":"Sensor data updated:","rain":0,"soilMoisture":null,"timestamp":"2025-09-26T18:31:55.969Z","vibration":0,"waterFlow":0,"waterLevel":null}
{"accelerometer":{"x":0,"y":0,"z":0},"floodProbability":null,"landslideProbability":null,"level":"info","message":"Sensor data updated:","rain":0,"soilMoisture":null,"timestamp":"2025-09-26T18:31:57.972Z","vibration":0,"waterFlow":0,"waterLevel":null}
{"accelerometer":{"x":0,"y":0,"z":0},"floodProbability":null,"landslideProbability":null,"level":"info","message":"Sensor data updated:","rain":0,"soilMoisture":null,"timestamp":"2025-09-26T18:31:59.981Z","vibration":0,"waterFlow":0,"waterLevel":null}
{"accelerometer":{"x":0,"y":0,"z":0},"floodProbability":null,"landslideProbability":null,"level":"info","message":"Sensor data updated:","rain":0,"soilMoisture":null,"timestamp":"2025-09-26T18:32:01.995Z","vibration":0,"waterFlow":0,"waterLevel":null}
{"accelerometer":{"x":0,"y":0,"z":0},"floodProbability":null,"landslideProbability":null,"level":"info","message":"Sensor data updated:","rain":0,"soilMoisture":null,"timestamp":"2025-09-26T18:32:03.999Z","vibration":0,"waterFlow":0,"waterLevel":null}
{"accelerometer":{"x":0,"y":0,"z":0},"floodProbability":null,"landslideProbability":null,"level":"info","message":"Sensor data updated:","rain":0,"soilMoisture":null,"timestamp":"2025-09-26T18:32:06.002Z","vibration":0,"waterFlow":0,"waterLevel":null}
{"accelerometer":{"x":0,"y":0,"z":0},"floodProbability":null,"landslideProbability":null,"level":"info","message":"Sensor data updated:","rain":0,"soilMoisture":null,"timestamp":"2025-09-26T18:32:08.003Z","vibration":0,"waterFlow":0,"waterLevel":null}
{"accelerometer":{"x":0,"y":0,"z":0},"floodProbability":null,"landslideProbability":null,"level":"info","message":"Sensor data updated:","rain":0,"soilMoisture":null,"timestamp":"2025-09-26T18:32:10.017Z","vibration":0,"waterFlow":0,"waterLevel":null}
{"level":"info","message":"Client disconnected:","timestamp":"2025-09-26T18:32:11.146Z"}
{"level":"info","message":"Client disconnected:","timestamp":"2025-09-26T18:32:11.148Z"}
{"accelerometer":{"x":0,"y":0,"z":0},"floodProbability":null,"landslideProbability":null,"level":"info","message":"Sensor data updated:","rain":0,"soilMoisture":null,"timestamp":"2025-09-26T18:32:12.020Z","vibration":0,"waterFlow":0,"waterLevel":null}
{"accelerometer":{"x":0,"y":0,"z":0},"floodProbability":null,"landslideProbability":null,"level":"info","message":"Sensor data updated:","rain":0,"soilMoisture":null,"timestamp":"2025-09-26T18:32:14.026Z","vibration":0,"waterFlow":0,"waterLevel":null}
{"accelerometer":{"x":0,"y":0,"z":0},"floodProbability":null,"landslideProbability":null,"level":"info","message":"Sensor data updated:","rain":0,"soilMoisture":null,"timestamp":"2025-09-26T18:32:16.041Z","vibration":0,"waterFlow":0,"waterLevel":null}
{"accelerometer":{"x":0,"y":0,"z":0},"floodProbability":null,"landslideProbability":null,"level":"info","message":"Sensor data updated:","rain":0,"soilMoisture":null,"timestamp":"2025-09-26T18:32:18.050Z","vibration":0,"waterFlow":0,"waterLevel":null}
{"accelerometer":{"x":0,"y":0,"z":0},"floodProbability":null,"landslideProbability":null,"level":"info","message":"Sensor data updated:","rain":0,"soilMoisture":null,"timestamp":"2025-09-26T18:32:20.051Z","vibration":0,"waterFlow":0,"waterLevel":null}
{"accelerometer":{"x":0,"y":0,"z":0},"floodProbability":null,"landslideProbability":null,"level":"info","message":"Sensor data updated:","rain":0,"soilMoisture":null,"timestamp":"2025-09-26T18:32:22.057Z","vibration":0,"waterFlow":0,"waterLevel":null}
{"accelerometer":{"x":0,"y":0,"z":0},"floodProbability":null,"landslideProbability":null,"level":"info","message":"Sensor data updated:","rain":0,"soilMoisture":null,"timestamp":"2025-09-26T18:32:24.066Z","vibration":0,"waterFlow":0,"waterLevel":null}
{"accelerometer":{"x":0,"y":0,"z":0},"floodProbability":null,"landslideProbability":null,"level":"info","message":"Sensor data updated:","rain":0,"soilMoisture":null,"timestamp":"2025-09-26T18:32:26.068Z","vibration":0,"waterFlow":0,"waterLevel":null}
{"accelerometer":{"x":0,"y":0,"z":0},"floodProbability":null,"landslideProbability":null,"level":"info","message":"Sensor data updated:","rain":0,"soilMoisture":null,"timestamp":"2025-09-26T18:32:28.067Z","vibration":0,"waterFlow":0,"waterLevel":null}
{"accelerometer":{"x":0,"y":0,"z":0},"floodProbability":null,"landslideProbability":null,"level":"info","message":"Sensor data updated:","rain":0,"soilMoisture":null,"timestamp":"2025-09-26T18:32:30.075Z","vibration":0,"waterFlow":0,"waterLevel":null}
{"accelerometer":{"x":0,"y":0,"z":0},"floodProbability":null,"landslideProbability":null,"level":"info","message":"Sensor data updated:","rain":0,"soilMoisture":null,"timestamp":"2025-09-26T18:32:32.085Z","vibration":0,"waterFlow":0,"waterLevel":null}
{"accelerometer":{"x":0,"y":0,"z":0},"floodProbability":null,"landslideProbability":null,"level":"info","message":"Sensor data updated:","rain":0,"soilMoisture":null,"timestamp":"2025-09-26T18:32:34.100Z","vibration":0,"waterFlow":0,"waterLevel":null}
{"accelerometer":{"x":0,"y":0,"z":0},"floodProbability":null,"landslideProbability":null,"level":"info","message":"Sensor data updated:","rain":0,"soilMoisture":null,"timestamp":"2025-09-26T18:32:36.101Z","vibration":0,"waterFlow":0,"waterLevel":null}
{"accelerometer":{"x":0,"y":0,"z":0},"floodProbability":null,"landslideProbability":null,"level":"info","message":"Sensor data updated:","rain":0,"soilMoisture":null,"timestamp":"2025-09-26T18:32:38.108Z","vibration":0,"waterFlow":0,"waterLevel":null}
{"accelerometer":{"x":0,"y":0,"z":0},"floodProbability":null,"landslideProbability":null,"level":"info","message":"Sensor data updated:","rain":0,"soilMoisture":null,"timestamp":"2025-09-26T18:32:40.109Z","vibration":0,"waterFlow":0,"waterLevel":null}
{"accelerometer":{"x":0,"y":0,"z":0},"floodProbability":null,"landslideProbability":null,"level":"info","message":"Sensor data updated:","rain":0,"soilMoisture":null,"timestamp":"2025-09-26T18:32:42.117Z","vibration":0,"waterFlow":0,"waterLevel":null}
{"accelerometer":{"x":0,"y":0,"z":0},"floodProbability":null,"landslideProbability":null,"level":"info","message":"Sensor data updated:","rain":0,"soilMoisture":null,"timestamp":"2025-09-26T18:32:44.124Z","vibration":0,"waterFlow":0,"waterLevel":null}
{"accelerometer":{"x":0,"y":0,"z":0},"floodProbability":null,"landslideProbability":null,"level":"info","message":"Sensor data updated:","rain":0,"soilMoisture":null,"timestamp":"2025-09-26T18:32:46.133Z","vibration":0,"waterFlow":0,"waterLevel":null}
{"accelerometer":{"x":0,"y":0,"z":0},"floodProbability":null,"landslideProbability":null,"level":"info","message":"Sensor data updated:","rain":0,"soilMoisture":null,"timestamp":"2025-09-26T18:32:48.143Z","vibration":0,"waterFlow":0,"waterLevel":null}
{"accelerometer":{"x":0,"y":0,"z":0},"floodProbability":null,"landslideProbability":null,"level":"info","message":"Sensor data updated:","rain":0,"soilMoisture":null,"timestamp":"2025-09-26T18:32:50.147Z","vibration":0,"waterFlow":0,"waterLevel":null}
{"accelerometer":{"x":0,"y":0,"z":0},"floodProbability":null,"landslideProbability":null,"level":"info","message":"Sensor data updated:","rain":0,"soilMoisture":null,"timestamp":"2025-09-26T18:32:52.154Z","vibration":0,"waterFlow":0,"waterLevel":null}
{"accelerometer":{"x":0,"y":0,"z":0},"floodProbability":null,"landslideProbability":null,"level":"info","message":"Sensor data updated:","rain":0,"soilMoisture":null,"timestamp":"2025-09-26T18:32:54.156Z","vibration":0,"waterFlow":0,"waterLevel":null}
{"accelerometer":{"x":0,"y":0,"z":0},"floodProbability":null,"landslideProbability":null,"level":"info","message":"Sensor data updated:","rain":0,"soilMoisture":null,"timestamp":"2025-09-26T18:32:56.158Z","vibration":0,"waterFlow":0,"waterLevel":null}
{"accelerometer":{"x":0,"y":0,"z":0},"floodProbability":null,"landslideProbability":null,"level":"info","message":"Sensor data updated:","rain":0,"soilMoisture":null,"timestamp":"2025-09-26T18:32:58.166Z","vibration":0,"waterFlow":0,"waterLevel":null}
{"accelerometer":{"x":0,"y":0,"z":0},"floodProbability":null,"landslideProbability":null,"level":"info","message":"Sensor data updated:","rain":0,"soilMoisture":null,"timestamp":"2025-09-26T18:33:00.167Z","vibration":0,"waterFlow":0,"waterLevel":null}
{"accelerometer":{"x":0,"y":0,"z":0},"floodProbability":null,"landslideProbability":null,"level":"info","message":"Sensor data updated:","rain":0,"soilMoisture":null,"timestamp":"2025-09-26T18:33:02.175Z","vibration":0,"waterFlow":0,"waterLevel":null}
{"accelerometer":{"x":0,"y":0,"z":0},"floodProbability":null,"landslideProbability":null,"level":"info","message":"Sensor data updated:","rain":0,"soilMoisture":null,"timestamp":"2025-09-26T18:33:04.180Z","vibration":0,"waterFlow":0,"waterLevel":null}
{"accelerometer":{"x":0,"y":0,"z":0},"floodProbability":null,"landslideProbability":null,"level":"info","message":"Sensor data updated:","rain":0,"soilMoisture":null,"timestamp":"2025-09-26T18:33:06.187Z","vibration":0,"waterFlow":0,"waterLevel":null}
{"accelerometer":{"x":0,"y":0,"z":0},"floodProbability":null,"landslideProbability":null,"level":"info","message":"Sensor data updated:","rain":0,"soilMoisture":null,"timestamp":"2025-09-26T18:33:08.200Z","vibration":0,"waterFlow":0,"waterLevel":null}
{"accelerometer":{"x":0,"y":0,"z":0},"floodProbability":null,"landslideProbability":null,"level":"info","message":"Sensor data updated:","rain":0,"soilMoisture":null,"timestamp":"2025-09-26T18:33:10.210Z","vibration":0,"waterFlow":0,"waterLevel":null}
{"accelerometer":{"x":0,"y":0,"z":0},"floodProbability":null,"landslideProbability":null,"level":"info","message":"Sensor data updated:","rain":0,"soilMoisture":null,"timestamp":"2025-09-26T18:33:12.211Z","vibration":0,"waterFlow":0,"waterLevel":null}
{"accelerometer":{"x":0,"y":0,"z":0},"floodProbability":null,"landslideProbability":null,"level":"info","message":"Sensor data updated:","rain":0,"soilMoisture":null,"timestamp":"2025-09-26T18:33:14.218Z","vibration":0,"waterFlow":0,"waterLevel":null}
{"accelerometer":{"x":0,"y":0,"z":0},"floodProbability":null,"landslideProbability":null,"level":"info","message":"Sensor data updated:","rain":0,"soilMoisture":null,"timestamp":"2025-09-26T18:33:16.218Z","vibration":0,"waterFlow":0,"waterLevel":null}
{"accelerometer":{"x":0,"y":0,"z":0},"floodProbability":null,"landslideProbability":null,"level":"info","message":"Sensor data updated:","rain":0,"soilMoisture":null,"timestamp":"2025-09-26T18:33:18.223Z","vibration":0,"waterFlow":0,"waterLevel":null}
{"accelerometer":{"x":0,"y":0,"z":0},"floodProbability":null,"landslideProbability":null,"level":"info","message":"Sensor data updated:","rain":0,"soilMoisture":null,"timestamp":"2025-09-26T18:33:20.228Z","vibration":0,"waterFlow":0,"waterLevel":null}
{"accelerometer":{"x":0,"y":0,"z":0},"floodProbability":null,"landslideProbability":null,"level":"info","message":"Sensor data updated:","rain":0,"soilMoisture":null,"timestamp":"2025-09-26T18:33:22.235Z","vibration":0,"waterFlow":0,"waterLevel":null}
{"accelerometer":{"x":0,"y":0,"z":0},"floodProbability":null,"landslideProbability":null,"level":"info","message":"Sensor data updated:","rain":0,"soilMoisture":null,"timestamp":"2025-09-26T18:33:24.248Z","vibration":0,"waterFlow":0,"waterLevel":null}
{"accelerometer":{"x":0,"y":0,"z":0},"floodProbability":null,"landslideProbability":null,"level":"info","message":"Sensor data updated:","rain":0,"soilMoisture":null,"timestamp":"2025-09-26T18:33:26.251Z","vibration":0,"waterFlow":0,"waterLevel":null}
{"accelerometer":{"x":0,"y":0,"z":0},"floodProbability":null,"landslideProbability":null,"level":"info","message":"Sensor data updated:","rain":0,"soilMoisture":null,"timestamp":"2025-09-26T18:33:28.265Z","vibration":0,"waterFlow":0,"waterLevel":null}
{"accelerometer":{"x":0,"y":0,"z":0},"floodProbability":null,"landslideProbability":null,"level":"info","message":"Sensor data updated:","rain":0,"soilMoisture":null,"timestamp":"2025-09-26T18:33:30.279Z","vibration":0,"waterFlow":0,"waterLevel":null}
{"accelerometer":{"x":0,"y":0,"z":0},"floodProbability":null,"landslideProbability":null,"level":"info","message":"Sensor data updated:","rain":0,"soilMoisture":null,"timestamp":"2025-09-26T18:33:32.286Z","vibration":0,"waterFlow":0,"waterLevel":null}
{"accelerometer":{"x":0,"y":0,"z":0},"floodProbability":null,"landslideProbability":null,"level":"info","message":"Sensor data updated:","rain":0,"soilMoisture":null,"timestamp":"2025-09-26T18:33:34.295Z","vibration":0,"waterFlow":0,"waterLevel":null}
{"accelerometer":{"x":0,"y":0,"z":0},"floodProbability":null,"landslideProbability":null,"level":"info","message":"Sensor data updated:","rain":0,"soilMoisture":null,"timestamp":"2025-09-26T18:33:36.301Z","vibration":0,"waterFlow":0,"waterLevel":null}
{"accelerometer":{"x":0,"y":0,"z":0},"floodProbability":null,"landslideProbability":null,"level":"info","message":"Sensor data updated:","rain":0,"soilMoisture":null,"timestamp":"2025-09-26T18:33:38.302Z","vibration":0,"waterFlow":0,"waterLevel":null}
{"accelerometer":{"x":0,"y":0,"z":0},"floodProbability":null,"landslideProbability":null,"level":"info","message":"Sensor data updated:","rain":0,"soilMoisture":null,"timestamp":"2025-09-26T18:33:40.307Z","vibration":0,"waterFlow":0,"waterLevel":null}
{"accelerometer":{"x":0,"y":0,"z":0},"floodProbability":null,"landslideProbability":null,"level":"info","message":"Sensor data updated:","rain":0,"soilMoisture":null,"timestamp":"2025-09-26T18:33:42.321Z","vibration":0,"waterFlow":0,"waterLevel":null}
{"accelerometer":{"x":0,"y":0,"z":0},"floodProbability":null,"landslideProbability":null,"level":"info","message":"Sensor data updated:","rain":0,"soilMoisture":null,"timestamp":"2025-09-26T18:33:44.334Z","vibration":0,"waterFlow":0,"waterLevel":null}
{"accelerometer":{"x":0,"y":0,"z":0},"floodProbability":null,"landslideProbability":null,"level":"info","message":"Sensor data updated:","rain":0,"soilMoisture":null,"timestamp":"2025-09-26T18:33:46.344Z","vibration":0,"waterFlow":0,"waterLevel":null}
{"accelerometer":{"x":0,"y":0,"z":0},"floodProbability":null,"landslideProbability":null,"level":"info","message":"Sensor data updated:","rain":0,"soilMoisture":null,"timestamp":"2025-09-26T18:33:48.347Z","vibration":0,"waterFlow":0,"waterLevel":null}
{"accelerometer":{"x":0,"y":0,"z":0},"floodProbability":null,"landslideProbability":null,"level":"info","message":"Sensor data updated:","rain":0,"soilMoisture":null,"timestamp":"2025-09-26T18:33:50.353Z","vibration":0,"waterFlow":0,"waterLevel":null}
{"accelerometer":{"x":0,"y":0,"z":0},"floodProbability":null,"landslideProbability":null,"level":"info","message":"Sensor data updated:","rain":0,"soilMoisture":null,"timestamp":"2025-09-26T18:33:52.358Z","vibration":0,"waterFlow":0,"waterLevel":null}
{"accelerometer":{"x":0,"y":0,"z":0},"floodProbability":null,"landslideProbability":null,"level":"info","message":"Sensor data updated:","rain":0,"soilMoisture":null,"timestamp":"2025-09-26T18:33:54.362Z","vibration":0,"waterFlow":0,"waterLevel":null}
{"accelerometer":{"x":0,"y":0,"z":0},"floodProbability":null,"landslideProbability":null,"level":"info","message":"Sensor data updated:","rain":0,"soilMoisture":null,"timestamp":"2025-09-26T18:33:56.367Z","vibration":0,"waterFlow":0,"waterLevel":null}
{"accelerometer":{"x":0,"y":0,"z":0},"floodProbability":null,"landslideProbability":null,"level":"info","message":"Sensor data updated:","rain":0,"soilMoisture":null,"timestamp":"2025-09-26T18:33:58.372Z","vibration":0,"waterFlow":0,"waterLevel":null}
{"accelerometer":{"x":0,"y":0,"z":0},"floodProbability":null,"landslideProbability":null,"level":"info","message":"Sensor data updated:","rain":0,"soilMoisture":null,"timestamp":"2025-09-26T18:34:00.383Z","vibration":0,"waterFlow":0,"waterLevel":null}
{"accelerometer":{"x":0,"y":0,"z":0},"floodProbability":null,"landslideProbability":null,"level":"info","message":"Sensor data updated:","rain":0,"soilMoisture":null,"timestamp":"2025-09-26T18:34:02.395Z","vibration":0,"waterFlow":0,"waterLevel":null}
{"accelerometer":{"x":0,"y":0,"z":0},"floodProbability":null,"landslideProbability":null,"level":"info","message":"Sensor data updated:","rain":0,"soilMoisture":null,"timestamp":"2025-09-26T18:34:04.405Z","vibration":0,"waterFlow":0,"waterLevel":null}
{"accelerometer":{"x":0,"y":0,"z":0},"floodProbability":null,"landslideProbability":null,"level":"info","message":"Sensor data updated:","rain":0,"soilMoisture":null,"timestamp":"2025-09-26T18:34:06.415Z","vibration":0,"waterFlow":0,"waterLevel":null}
{"accelerometer":{"x":0,"y":0,"z":0},"floodProbability":null,"landslideProbability":null,"level":"info","message":"Sensor data updated:","rain":0,"soilMoisture":null,"timestamp":"2025-09-26T18:34:08.422Z","vibration":0,"waterFlow":0,"waterLevel":null}
{"accelerometer":{"x":0,"y":0,"z":0},"floodProbability":null,"landslideProbability":null,"level":"info","message":"Sensor data updated:","rain":0,"soilMoisture":null,"timestamp":"2025-09-26T18:34:10.431Z","vibration":0,"waterFlow":0,"waterLevel":null}
{"accelerometer":{"x":0,"y":0,"z":0},"floodProbability":null,"landslideProbability":null,"level":"info","message":"Sensor data updated:","rain":0,"soilMoisture":null,"timestamp":"2025-09-26T18:34:12.442Z","vibration":0,"waterFlow":0,"waterLevel":null}
{"accelerometer":{"x":0,"y":0,"z":0},"floodProbability":null,"landslideProbability":null,"level":"info","message":"Sensor data updated:","rain":0,"soilMoisture":null,"timestamp":"2025-09-26T18:34:14.451Z","vibration":0,"waterFlow":0,"waterLevel":null}
{"accelerometer":{"x":0,"y":0,"z":0},"floodProbability":null,"landslideProbability":null,"level":"info","message":"Sensor data updated:","rain":0,"soilMoisture":null,"timestamp":"2025-09-26T18:34:16.463Z","vibration":0,"waterFlow":0,"waterLevel":null}
{"accelerometer":{"x":0,"y":0,"z":0},"floodProbability":null,"landslideProbability":null,"level":"info","message":"Sensor data updated:","rain":0,"soilMoisture":null,"timestamp":"2025-09-26T18:34:18.466Z","vibration":0,"waterFlow":0,"waterLevel":null}
{"accelerometer":{"x":0,"y":0,"z":0},"floodProbability":null,"landslideProbability":null,"level":"info","message":"Sensor data updated:","rain":0,"soilMoisture":null,"timestamp":"2025-09-26T18:34:20.475Z","vibration":0,"waterFlow":0,"waterLevel":null}
{"accelerometer":{"x":0,"y":0,"z":0},"floodProbability":null,"landslideProbability":null,"level":"info","message":"Sensor data updated:","rain":0,"soilMoisture":null,"timestamp":"2025-09-26T18:34:22.487Z","vibration":0,"waterFlow":0,"waterLevel":null}
{"accelerometer":{"x":0,"y":0,"z":0},"floodProbability":null,"landslideProbability":null,"level":"info","message":"Sensor data updated:","rain":0,"soilMoisture":null,"timestamp":"2025-09-26T18:34:24.497Z","vibration":0,"waterFlow":0,"waterLevel":null}
{"accelerometer":{"x":0,"y":0,"z":0},"floodProbability":null,"landslideProbability":null,"level":"info","message":"Sensor data updated:","rain":0,"soilMoisture":null,"timestamp":"2025-09-26T18:34:26.501Z","vibration":0,"waterFlow":0,"waterLevel":null}
{"accelerometer":{"x":0,"y":0,"z":0},"floodProbability":null,"landslideProbability":null,"level":"info","message":"Sensor data updated:","rain":0,"soilMoisture":null,"timestamp":"2025-09-26T18:34:28.502Z","vibration":0,"waterFlow":0,"waterLevel":null}
{"accelerometer":{"x":0,"y":0,"z":0},"floodProbability":null,"landslideProbability":null,"level":"info","message":"Sensor data updated:","rain":0,"soilMoisture":null,"timestamp":"2025-09-26T18:34:30.511Z","vibration":0,"waterFlow":0,"waterLevel":null}
{"accelerometer":{"x":0,"y":0,"z":0},"floodProbability":null,"landslideProbability":null,"level":"info","message":"Sensor data updated:","rain":0,"soilMoisture":null,"timestamp":"2025-09-26T18:34:32.525Z","vibration":0,"waterFlow":0,"waterLevel":null}
{"accelerometer":{"x":0,"y":0,"z":0},"floodProbability":null,"landslideProbability":null,"level":"info","message":"Sensor data updated:","rain":0,"soilMoisture":null,"timestamp":"2025-09-26T18:34:34.529Z","vibration":0,"waterFlow":0,"waterLevel":null}
{"accelerometer":{"x":0,"y":0,"z":0},"floodProbability":null,"landslideProbability":null,"level":"info","message":"Sensor data updated:","rain":0,"soilMoisture":null,"timestamp":"2025-09-26T18:34:36.537Z","vibration":0,"waterFlow":0,"waterLevel":null}
{"accelerometer":{"x":0,"y":0,"z":0},"floodProbability":null,"landslideProbability":null,"level":"info","message":"Sensor data updated:","rain":0,"soilMoisture":null,"timestamp":"2025-09-26T18:34:38.548Z","vibration":0,"waterFlow":0,"waterLevel":null}
{"accelerometer":{"x":0,"y":0,"z":0},"floodProbability":null,"landslideProbability":null,"level":"info","message":"Sensor data updated:","rain":0,"soilMoisture":null,"timestamp":"2025-09-26T18:34:40.550Z","vibration":0,"waterFlow":0,"waterLevel":null}
{"accelerometer":{"x":0,"y":0,"z":0},"floodProbability":null,"landslideProbability":null,"level":"info","message":"Sensor data updated:","rain":0,"soilMoisture":null,"timestamp":"2025-09-26T18:34:42.566Z","vibration":0,"waterFlow":0,"waterLevel":null}
{"accelerometer":{"x":0,"y":0,"z":0},"floodProbability":null,"landslideProbability":null,"level":"info","message":"Sensor data updated:","rain":0,"soilMoisture":null,"timestamp":"2025-09-26T18:34:44.568Z","vibration":0,"waterFlow":0,"waterLevel":null}
{"accelerometer":{"x":0,"y":0,"z":0},"floodProbability":null,"landslideProbability":null,"level":"info","message":"Sensor data updated:","rain":0,"soilMoisture":null,"timestamp":"2025-09-26T18:34:46.582Z","vibration":0,"waterFlow":0,"waterLevel":null}
{"accelerometer":{"x":0,"y":0,"z":0},"floodProbability":null,"landslideProbability":null,"level":"info","message":"Sensor data updated:","rain":0,"soilMoisture":null,"timestamp":"2025-09-26T18:34:48.582Z","vibration":0,"waterFlow":0,"waterLevel":null}
{"accelerometer":{"x":0,"y":0,"z":0},"floodProbability":null,"landslideProbability":null,"level":"info","message":"Sensor data updated:","rain":0,"soilMoisture":null,"timestamp":"2025-09-26T18:34:50.593Z","vibration":0,"waterFlow":0,"waterLevel":null}
{"accelerometer":{"x":0,"y":0,"z":0},"floodProbability":null,"landslideProbability":null,"level":"info","message":"Sensor data updated:","rain":0,"soilMoisture":null,"timestamp":"2025-09-26T18:34:52.593Z","vibration":0,"waterFlow":0,"waterLevel":null}
{"accelerometer":{"x":0,"y":0,"z":0},"floodProbability":null,"landslideProbability":null,"level":"info","message":"Sensor data updated:","rain":0,"soilMoisture":null,"timestamp":"2025-09-26T18:34:54.604Z","vibration":0,"waterFlow":0,"waterLevel":null}
{"accelerometer":{"x":0,"y":0,"z":0},"floodProbability":null,"landslideProbability":null,"level":"info","message":"Sensor data updated:","rain":0,"soilMoisture":null,"timestamp":"2025-09-26T18:34:56.618Z","vibration":0,"waterFlow":0,"waterLevel":null}
{"accelerometer":{"x":0,"y":0,"z":0},"floodProbability":null,"landslideProbability":null,"level":"info","message":"Sensor data updated:","rain":0,"soilMoisture":null,"timestamp":"2025-09-26T18:34:58.627Z","vibration":0,"waterFlow":0,"waterLevel":null}
{"accelerometer":{"x":0,"y":0,"z":0},"floodProbability":null,"landslideProbability":null,"level":"info","message":"Sensor data updated:","rain":0,"soilMoisture":null,"timestamp":"2025-09-26T18:35:00.638Z","vibration":0,"waterFlow":0,"waterLevel":null}
{"accelerometer":{"x":0,"y":0,"z":0},"floodProbability":null,"landslideProbability":null,"level":"info","message":"Sensor data updated:","rain":0,"soilMoisture":null,"timestamp":"2025-09-26T18:35:02.650Z","vibration":0,"waterFlow":0,"waterLevel":null}
{"accelerometer":{"x":0,"y":0,"z":0},"floodProbability":null,"landslideProbability":null,"level":"info","message":"Sensor data updated:","rain":0,"soilMoisture":null,"timestamp":"2025-09-26T18:35:04.651Z","vibration":0,"waterFlow":0,"waterLevel":null}
{"accelerometer":{"x":0,"y":0,"z":0},"floodProbability":null,"landslideProbability":null,"level":"info","message":"Sensor data updated:","rain":0,"soilMoisture":null,"timestamp":"2025-09-26T18:35:06.665Z","vibration":0,"waterFlow":0,"waterLevel":null}
{"accelerometer":{"x":0,"y":0,"z":0},"floodProbability":null,"landslideProbability":null,"level":"info","message":"Sensor data updated:","rain":0,"soilMoisture":null,"timestamp":"2025-09-26T18:35:08.672Z","vibration":0,"waterFlow":0,"waterLevel":null}
{"accelerometer":{"x":0,"y":0,"z":0},"floodProbability":null,"landslideProbability":null,"level":"info","message":"Sensor data updated:","rain":0,"soilMoisture":null,"timestamp":"2025-09-26T18:35:10.686Z","vibration":0,"waterFlow":0,"waterLevel":null}
{"level":"info","message":"Server running on port 3001","timestamp":"2025-09-26T18:36:12.628Z"}
{"level":"info","message":"Serial port COM7 connected","timestamp":"2025-09-26T18:36:12.635Z"}
{"level":"info","message":"Server running on port 3001","timestamp":"2025-09-26T18:36:31.114Z"}
{"level":"info","message":"Serial port COM7 connected","timestamp":"2025-09-26T18:36:31.120Z"}
{"level":"info","message":"Server running on port 3001","timestamp":"2025-09-26T18:37:33.611Z"}
{"level":"info","message":"Serial port COM7 connected","timestamp":"2025-09-26T18:37:33.619Z"}
{"level":"info","message":"Server running on port 3001","timestamp":"2025-09-26T18:38:53.200Z"}
{"level":"info","message":"Serial port COM7 connected","timestamp":"2025-09-26T18:38:53.206Z"}
{"level":"info","message":"Server running on port 3001","timestamp":"2025-09-26T18:40:10.701Z"}
{"level":"info","message":"Serial port COM7 connected","timestamp":"2025-09-26T18:40:10.708Z"}
{"level":"info","message":"Client connected:","timestamp":"2025-09-26T18:40:15.289Z"}
{"level":"info","message":"Client connected:","timestamp":"2025-09-26T18:40:15.296Z"}
{"accelerometer":{"x":3.79,"y":-3.59,"z":0},"floodProbability":0,"landslideProbability":28,"level":"info","message":"Sensor data updated:","rain":0,"soilMoisture":70,"timestamp":"2025-09-26T18:40:22.365Z","vibration":0,"waterFlow":0,"waterLevel":0}
{"accelerometer":{"x":3.76,"y":-3.57,"z":0},"floodProbability":0,"landslideProbability":24,"level":"info","message":"Sensor data updated:","rain":0,"soilMoisture":60,"timestamp":"2025-09-26T18:40:23.409Z","vibration":0,"waterFlow":0,"waterLevel":0}
{"accelerometer":{"x":3.82,"y":-3.65,"z":0},"floodProbability":0,"landslideProbability":24,"level":"info","message":"Sensor data updated:","rain":0,"soilMoisture":60,"timestamp":"2025-09-26T18:40:24.453Z","vibration":0,"waterFlow":0,"waterLevel":0}
{"accelerometer":{"x":3.81,"y":-3.57,"z":0},"floodProbability":0,"landslideProbability":24,"level":"info","message":"Sensor data updated:","rain":0,"soilMoisture":60,"timestamp":"2025-09-26T18:40:25.497Z","vibration":0,"waterFlow":0,"waterLevel":0}
{"accelerometer":{"x":3.83,"y":-3.59,"z":0},"floodProbability":0,"landslideProbability":24,"level":"info","message":"Sensor data updated:","rain":0,"soilMoisture":60,"timestamp":"2025-09-26T18:40:26.541Z","vibration":0,"waterFlow":0,"waterLevel":0}
{"accelerometer":{"x":3.76,"y":-3.58,"z":0},"floodProbability":0,"landslideProbability":24,"level":"info","message":"Sensor data updated:","rain":0,"soilMoisture":60,"timestamp":"2025-09-26T18:40:27.585Z","vibration":0,"waterFlow":0,"waterLevel":0}
{"accelerometer":{"x":3.82,"y":-3.62,"z":0},"floodProbability":0,"landslideProbability":24,"level":"info","message":"Sensor data updated:","rain":0,"soilMoisture":60,"timestamp":"2025-09-26T18:40:28.629Z","vibration":0,"waterFlow":0,"waterLevel":0}
{"accelerometer":{"x":3.79,"y":-3.68,"z":0},"floodProbability":0,"landslideProbability":24,"level":"info","message":"Sensor data updated:","rain":0,"soilMoisture":60,"timestamp":"2025-09-26T18:40:29.673Z","vibration":0,"waterFlow":0,"waterLevel":0}
{"accelerometer":{"x":3.86,"y":-3.64,"z":0},"floodProbability":0,"landslideProbability":24,"level":"info","message":"Sensor data updated:","rain":0,"soilMoisture":60,"timestamp":"2025-09-26T18:40:30.717Z","vibration":0,"waterFlow":0,"waterLevel":0}
{"accelerometer":{"x":3.68,"y":-3.62,"z":0},"floodProbability":0,"landslideProbability":24,"level":"info","message":"Sensor data updated:","rain":0,"soilMoisture":60,"timestamp":"2025-09-26T18:40:31.762Z","vibration":0,"waterFlow":0,"waterLevel":0}
{"accelerometer":{"x":3.78,"y":-3.65,"z":0},"floodProbability":0,"landslideProbability":24,"level":"info","message":"Sensor data updated:","rain":0,"soilMoisture":60,"timestamp":"2025-09-26T18:40:32.805Z","vibration":0,"waterFlow":0,"waterLevel":0}
{"accelerometer":{"x":3.78,"y":-3.66,"z":0},"floodProbability":0,"landslideProbability":24,"level":"info","message":"Sensor data updated:","rain":0,"soilMoisture":60,"timestamp":"2025-09-26T18:40:33.849Z","vibration":0,"waterFlow":0,"waterLevel":0}
{"accelerometer":{"x":4.01,"y":-3.38,"z":0},"floodProbability":0,"landslideProbability":24,"level":"info","message":"Sensor data updated:","rain":0,"soilMoisture":60,"timestamp":"2025-09-26T18:40:34.893Z","vibration":0,"waterFlow":0,"waterLevel":0}
{"accelerometer":{"x":3.65,"y":-3.74,"z":0},"floodProbability":0,"landslideProbability":24,"level":"info","message":"Sensor data updated:","rain":0,"soilMoisture":60,"timestamp":"2025-09-26T18:40:35.937Z","vibration":0,"waterFlow":0,"waterLevel":0}
{"accelerometer":{"x":3.75,"y":-3.63,"z":0},"floodProbability":0,"landslideProbability":24,"level":"info","message":"Sensor data updated:","rain":0,"soilMoisture":60,"timestamp":"2025-09-26T18:40:36.981Z","vibration":0,"waterFlow":0,"waterLevel":0}
{"accelerometer":{"x":5.88,"y":-6.05,"z":0},"floodProbability":0,"landslideProbability":20,"level":"info","message":"Sensor data updated:","rain":0,"soilMoisture":50,"timestamp":"2025-09-26T18:40:38.025Z","vibration":0,"waterFlow":0,"waterLevel":0}
{"accelerometer":{"x":4.55,"y":-7.11,"z":0},"floodProbability":0,"landslideProbability":20,"level":"info","message":"Sensor data updated:","rain":0,"soilMoisture":50,"timestamp":"2025-09-26T18:40:39.069Z","vibration":0,"waterFlow":0,"waterLevel":0}
{"accelerometer":{"x":4.3,"y":-3.49,"z":0},"floodProbability":0,"landslideProbability":20,"level":"info","message":"Sensor data updated:","rain":0,"soilMoisture":50,"timestamp":"2025-09-26T18:40:40.113Z","vibration":0,"waterFlow":0,"waterLevel":0}
{"accelerometer":{"x":4.02,"y":-3.64,"z":0},"floodProbability":0,"landslideProbability":20,"level":"info","message":"Sensor data updated:","rain":0,"soilMoisture":50,"timestamp":"2025-09-26T18:40:41.157Z","vibration":0,"waterFlow":0,"waterLevel":0}
{"accelerometer":{"x":3.93,"y":-3.55,"z":0},"floodProbability":0,"landslideProbability":20,"level":"info","message":"Sensor data updated:","rain":0,"soilMoisture":50,"timestamp":"2025-09-26T18:40:42.201Z","vibration":0,"waterFlow":0,"waterLevel":0}
{"accelerometer":{"x":3.84,"y":-3.55,"z":0},"floodProbability":0,"landslideProbability":20,"level":"info","message":"Sensor data updated:","rain":0,"soilMoisture":50,"timestamp":"2025-09-26T18:40:43.245Z","vibration":0,"waterFlow":0,"waterLevel":0}
{"accelerometer":{"x":3.78,"y":-3.56,"z":0},"floodProbability":0,"landslideProbability":20,"level":"info","message":"Sensor data updated:","rain":0,"soilMoisture":50,"timestamp":"2025-09-26T18:40:44.289Z","vibration":0,"waterFlow":0,"waterLevel":0}
{"accelerometer":{"x":3.81,"y":-3.52,"z":0},"floodProbability":0,"landslideProbability":20,"level":"info","message":"Sensor data updated:","rain":0,"soilMoisture":50,"timestamp":"2025-09-26T18:40:45.333Z","vibration":0,"waterFlow":0,"waterLevel":0}
{"accelerometer":{"x":3.78,"y":-3.5,"z":0},"floodProbability":0,"landslideProbability":50,"level":"info","message":"Sensor data updated:","rain":0,"soilMoisture":50,"timestamp":"2025-09-26T18:40:46.629Z","vibration":1,"waterFlow":0,"waterLevel":0}
{"accelerometer":{"x":3.76,"y":-3.47,"z":0},"floodProbability":0,"landslideProbability":50,"level":"info","message":"Sensor data updated:","rain":0,"soilMoisture":50,"timestamp":"2025-09-26T18:40:47.925Z","vibration":1,"waterFlow":0,"waterLevel":0}
{"accelerometer":{"x":3.83,"y":-4.06,"z":0},"floodProbability":0,"landslideProbability":98,"level":"info","message":"Sensor data updated:","rain":0,"soilMoisture":170,"timestamp":"2025-09-26T18:40:49.222Z","vibration":1,"waterFlow":0,"waterLevel":0}
{"accelerometer":{"x":3.72,"y":-3.39,"z":0},"floodProbability":0,"landslideProbability":50,"level":"info","message":"Sensor data updated:","rain":0,"soilMoisture":50,"timestamp":"2025-09-26T18:40:50.518Z","vibration":1,"waterFlow":0,"waterLevel":0}
{"accelerometer":{"x":3.74,"y":-3.46,"z":0},"floodProbability":0,"landslideProbability":50,"level":"info","message":"Sensor data updated:","rain":0,"soilMoisture":50,"timestamp":"2025-09-26T18:40:51.813Z","vibration":1,"waterFlow":0,"waterLevel":0}
{"accelerometer":{"x":3.64,"y":-3.47,"z":0},"floodProbability":0,"landslideProbability":50,"level":"info","message":"Sensor data updated:","rain":0,"soilMoisture":50,"timestamp":"2025-09-26T18:40:53.109Z","vibration":1,"waterFlow":0,"waterLevel":0}
{"accelerometer":{"x":3.66,"y":-3.46,"z":0},"floodProbability":0,"landslideProbability":50,"level":"info","message":"Sensor data updated:","rain":0,"soilMoisture":50,"timestamp":"2025-09-26T18:40:54.406Z","vibration":1,"waterFlow":0,"waterLevel":0}
{"accelerometer":{"x":3.58,"y":-3.51,"z":0},"floodProbability":0,"landslideProbability":50,"level":"info","message":"Sensor data updated:","rain":0,"soilMoisture":50,"timestamp":"2025-09-26T18:40:55.701Z","vibration":1,"waterFlow":0,"waterLevel":0}
{"accelerometer":{"x":3.64,"y":-3.43,"z":0},"floodProbability":0,"landslideProbability":50,"level":"info","message":"Sensor data updated:","rain":0,"soilMoisture":50,"timestamp":"2025-09-26T18:40:56.997Z","vibration":1,"waterFlow":0,"waterLevel":0}
{"accelerometer":{"x":3.83,"y":-3.49,"z":0},"floodProbability":0,"landslideProbability":50,"level":"info","message":"Sensor data updated:","rain":0,"soilMoisture":50,"timestamp":"2025-09-26T18:40:58.292Z","vibration":1,"waterFlow":0,"waterLevel":0}
{"accelerometer":{"x":3.71,"y":-3.52,"z":0},"floodProbability":5,"landslideProbability":50,"level":"info","message":"Sensor data updated:","rain":0,"soilMoisture":50,"timestamp":"2025-09-26T18:40:59.336Z","vibration":1,"waterFlow":0,"waterLevel":10}
{"accelerometer":{"x":3.74,"y":-3.48,"z":0},"floodProbability":5,"landslideProbability":50,"level":"info","message":"Sensor data updated:","rain":0,"soilMoisture":50,"timestamp":"2025-09-26T18:41:00.380Z","vibration":1,"waterFlow":0,"waterLevel":10}
{"accelerometer":{"x":3.64,"y":-3.5,"z":0},"floodProbability":5,"landslideProbability":50,"level":"info","message":"Sensor data updated:","rain":0,"soilMoisture":50,"timestamp":"2025-09-26T18:41:01.425Z","vibration":1,"waterFlow":0,"waterLevel":10}
{"accelerometer":{"x":3.71,"y":-3.51,"z":0},"floodProbability":5,"landslideProbability":50,"level":"info","message":"Sensor data updated:","rain":0,"soilMoisture":50,"timestamp":"2025-09-26T18:41:02.469Z","vibration":1,"waterFlow":0,"waterLevel":10}
{"accelerometer":{"x":3.67,"y":-3.52,"z":0},"floodProbability":5,"landslideProbability":20,"level":"info","message":"Sensor data updated:","rain":0,"soilMoisture":50,"timestamp":"2025-09-26T18:41:03.513Z","vibration":0,"waterFlow":0,"waterLevel":10}
{"accelerometer":{"x":3.7,"y":-3.5,"z":0},"floodProbability":5,"landslideProbability":20,"level":"info","message":"Sensor data updated:","rain":0,"soilMoisture":50,"timestamp":"2025-09-26T18:41:04.557Z","vibration":0,"waterFlow":0,"waterLevel":10}
{"accelerometer":{"x":3.69,"y":-3.54,"z":0},"floodProbability":5,"landslideProbability":20,"level":"info","message":"Sensor data updated:","rain":0,"soilMoisture":50,"timestamp":"2025-09-26T18:41:05.600Z","vibration":0,"waterFlow":0,"waterLevel":0}
{"accelerometer":{"x":3.65,"y":-3.51,"z":0},"floodProbability":0,"landslideProbability":20,"level":"info","message":"Sensor data updated:","rain":0,"soilMoisture":50,"timestamp":"2025-09-26T18:41:06.645Z","vibration":0,"waterFlow":0,"waterLevel":0}
{"accelerometer":{"x":3.59,"y":-3.45,"z":0},"floodProbability":5,"landslideProbability":20,"level":"info","message":"Sensor data updated:","rain":0,"soilMoisture":50,"timestamp":"2025-09-26T18:41:07.689Z","vibration":0,"waterFlow":0,"waterLevel":10}
{"accelerometer":{"x":3.64,"y":-3.49,"z":0},"floodProbability":5,"landslideProbability":20,"level":"info","message":"Sensor data updated:","rain":0,"soilMoisture":50,"timestamp":"2025-09-26T18:41:08.733Z","vibration":0,"waterFlow":0,"waterLevel":10}
{"accelerometer":{"x":3.62,"y":-3.56,"z":0},"floodProbability":5,"landslideProbability":20,"level":"info","message":"Sensor data updated:","rain":0,"soilMoisture":50,"timestamp":"2025-09-26T18:41:09.777Z","vibration":0,"waterFlow":0,"waterLevel":10}
{"accelerometer":{"x":3.7,"y":-3.48,"z":0},"floodProbability":5,"landslideProbability":20,"level":"info","message":"Sensor data updated:","rain":0,"soilMoisture":50,"timestamp":"2025-09-26T18:41:10.821Z","vibration":0,"waterFlow":0,"waterLevel":10}
{"accelerometer":{"x":3.65,"y":-3.5,"z":0},"floodProbability":5,"landslideProbability":20,"level":"info","message":"Sensor data updated:","rain":0,"soilMoisture":50,"timestamp":"2025-09-26T18:41:11.865Z","vibration":0,"waterFlow":0,"waterLevel":10}
{"accelerometer":{"x":3.58,"y":-3.56,"z":0},"floodProbability":5,"landslideProbability":20,"level":"info","message":"Sensor data updated:","rain":0,"soilMoisture":50,"timestamp":"2025-09-26T18:41:12.909Z","vibration":0,"waterFlow":0,"waterLevel":10}
{"accelerometer":{"x":3.65,"y":-3.43,"z":0},"floodProbability":5,"landslideProbability":20,"level":"info","message":"Sensor data updated:","rain":0,"soilMoisture":50,"timestamp":"2025-09-26T18:41:13.953Z","vibration":0,"waterFlow":0,"waterLevel":10}
{"accelerometer":{"x":3.79,"y":-3.37,"z":0},"floodProbability":5,"landslideProbability":20,"level":"info","message":"Sensor data updated:","rain":0,"soilMoisture":50,"timestamp":"2025-09-26T18:41:14.997Z","vibration":0,"waterFlow":0,"waterLevel":10}
{"accelerometer":{"x":3.85,"y":-3.76,"z":0},"floodProbability":5,"landslideProbability":20,"level":"info","message":"Sensor data updated:","rain":0,"soilMoisture":50,"timestamp":"2025-09-26T18:41:16.041Z","vibration":0,"waterFlow":0,"waterLevel":10}
{"accelerometer":{"x":3.6,"y":-3.51,"z":0},"floodProbability":5,"landslideProbability":20,"level":"info","message":"Sensor data updated:","rain":0,"soilMoisture":50,"timestamp":"2025-09-26T18:41:17.085Z","vibration":0,"waterFlow":0,"waterLevel":10}
{"accelerometer":{"x":3.7,"y":-3.5,"z":0},"floodProbability":5,"landslideProbability":20,"level":"info","message":"Sensor data updated:","rain":0,"soilMoisture":50,"timestamp":"2025-09-26T18:41:18.129Z","vibration":0,"waterFlow":0,"waterLevel":10}
{"accelerometer":{"x":3.73,"y":-3.57,"z":0},"floodProbability":5,"landslideProbability":20,"level":"info","message":"Sensor data updated:","rain":0,"soilMoisture":50,"timestamp":"2025-09-26T18:41:19.173Z","vibration":0,"waterFlow":0,"waterLevel":10}
{"accelerometer":{"x":3.57,"y":-3.52,"z":0},"floodProbability":5,"landslideProbability":20,"level":"info","message":"Sensor data updated:","rain":0,"soilMoisture":50,"timestamp":"2025-09-26T18:41:20.217Z","vibration":0,"waterFlow":0,"waterLevel":0}
{"accelerometer":{"x":3.59,"y":-3.48,"z":0},"floodProbability":0,"landslideProbability":20,"level":"info","message":"Sensor data updated:","rain":0,"soilMoisture":50,"timestamp":"2025-09-26T18:41:21.261Z","vibration":0,"waterFlow":0,"waterLevel":0}
{"accelerometer":{"x":3.69,"y":-3.51,"z":0},"floodProbability":5,"landslideProbability":20,"level":"info","message":"Sensor data updated:","rain":0,"soilMoisture":50,"timestamp":"2025-09-26T18:41:22.305Z","vibration":0,"waterFlow":0,"waterLevel":10}
{"accelerometer":{"x":3.7,"y":-3.45,"z":0},"floodProbability":5,"landslideProbability":20,"level":"info","message":"Sensor data updated:","rain":0,"soilMoisture":50,"timestamp":"2025-09-26T18:41:23.349Z","vibration":0,"waterFlow":0,"waterLevel":10}
{"accelerometer":{"x":3.59,"y":-3.48,"z":0},"floodProbability":5,"landslideProbability":20,"level":"info","message":"Sensor data updated:","rain":0,"soilMoisture":50,"timestamp":"2025-09-26T18:41:24.393Z","vibration":0,"waterFlow":0,"waterLevel":10}
{"accelerometer":{"x":3.66,"y":-3.4,"z":0},"floodProbability":5,"landslideProbability":20,"level":"info","message":"Sensor data updated:","rain":0,"soilMoisture":50,"timestamp":"2025-09-26T18:41:25.437Z","vibration":0,"waterFlow":0,"waterLevel":10}
{"accelerometer":{"x":3.64,"y":-3.48,"z":0},"floodProbability":5,"landslideProbability":20,"level":"info","message":"Sensor data updated:","rain":0,"soilMoisture":50,"timestamp":"2025-09-26T18:41:26.481Z","vibration":0,"waterFlow":0,"waterLevel":10}
{"accelerometer":{"x":3.69,"y":-3.44,"z":0},"floodProbability":5,"landslideProbability":20,"level":"info","message":"Sensor data updated:","rain":0,"soilMoisture":50,"timestamp":"2025-09-26T18:41:27.525Z","vibration":0,"waterFlow":0,"waterLevel":10}
{"accelerometer":{"x":4,"y":-3.49,"z":0},"floodProbability":5,"landslideProbability":20,"level":"info","message":"Sensor data updated:","rain":0,"soilMoisture":50,"timestamp":"2025-09-26T18:41:28.569Z","vibration":0,"waterFlow":0,"waterLevel":10}
{"accelerometer":{"x":3.59,"y":-3.53,"z":0},"floodProbability":5,"landslideProbability":20,"level":"info","message":"Sensor data updated:","rain":0,"soilMoisture":50,"timestamp":"2025-09-26T18:41:29.613Z","vibration":0,"waterFlow":0,"waterLevel":0}
{"accelerometer":{"x":3.55,"y":-3.58,"z":0},"floodProbability":0,"landslideProbability":20,"level":"info","message":"Sensor data updated:","rain":0,"soilMoisture":50,"timestamp":"2025-09-26T18:41:30.657Z","vibration":0,"waterFlow":0,"waterLevel":0}
{"accelerometer":{"x":3.59,"y":-3.57,"z":0},"floodProbability":0,"landslideProbability":20,"level":"info","message":"Sensor data updated:","rain":0,"soilMoisture":50,"timestamp":"2025-09-26T18:41:31.701Z","vibration":0,"waterFlow":0,"waterLevel":0}
{"accelerometer":{"x":3.55,"y":-3.61,"z":0},"floodProbability":0,"landslideProbability":20,"level":"info","message":"Sensor data updated:","rain":0,"soilMoisture":50,"timestamp":"2025-09-26T18:41:32.745Z","vibration":0,"waterFlow":0,"waterLevel":0}
{"accelerometer":{"x":3.57,"y":-3.54,"z":0},"floodProbability":0,"landslideProbability":20,"level":"info","message":"Sensor data updated:","rain":0,"soilMoisture":50,"timestamp":"2025-09-26T18:41:33.789Z","vibration":0,"waterFlow":0,"waterLevel":0}
{"accelerometer":{"x":3.6,"y":-3.59,"z":0},"floodProbability":0,"landslideProbability":20,"level":"info","message":"Sensor data updated:","rain":0,"soilMoisture":50,"timestamp":"2025-09-26T18:41:34.833Z","vibration":0,"waterFlow":0,"waterLevel":0}
{"accelerometer":{"x":3.49,"y":-3.61,"z":0},"floodProbability":0,"landslideProbability":20,"level":"info","message":"Sensor data updated:","rain":0,"soilMoisture":50,"timestamp":"2025-09-26T18:41:35.879Z","vibration":0,"waterFlow":0,"waterLevel":0}
{"accelerometer":{"x":3.49,"y":-3.55,"z":0},"floodProbability":0,"landslideProbability":20,"level":"info","message":"Sensor data updated:","rain":0,"soilMoisture":50,"timestamp":"2025-09-26T18:41:36.922Z","vibration":0,"waterFlow":0,"waterLevel":0}
{"accelerometer":{"x":3.63,"y":-3.53,"z":0},"floodProbability":0,"landslideProbability":20,"level":"info","message":"Sensor data updated:","rain":0,"soilMoisture":50,"timestamp":"2025-09-26T18:41:37.965Z","vibration":0,"waterFlow":0,"waterLevel":0}
{"accelerometer":{"x":3.58,"y":-3.59,"z":0},"floodProbability":0,"landslideProbability":20,"level":"info","message":"Sensor data updated:","rain":0,"soilMoisture":50,"timestamp":"2025-09-26T18:41:39.010Z","vibration":0,"waterFlow":0,"waterLevel":0}
{"accelerometer":{"x":3.62,"y":-3.54,"z":0},"floodProbability":0,"landslideProbability":20,"level":"info","message":"Sensor data updated:","rain":0,"soilMoisture":50,"timestamp":"2025-09-26T18:41:40.054Z","vibration":0,"waterFlow":0,"waterLevel":0}
{"accelerometer":{"x":3.53,"y":-3.55,"z":0},"floodProbability":0,"landslideProbability":20,"level":"info","message":"Sensor data updated:","rain":0,"soilMoisture":50,"timestamp":"2025-09-26T18:41:41.097Z","vibration":0,"waterFlow":0,"waterLevel":0}
{"accelerometer":{"x":3.56,"y":-3.56,"z":0},"floodProbability":0,"landslideProbability":20,"level":"info","message":"Sensor data updated:","rain":0,"soilMoisture":50,"timestamp":"2025-09-26T18:41:42.142Z","vibration":0,"waterFlow":0,"waterLevel":0}
{"accelerometer":{"x":3.59,"y":-3.54,"z":0},"floodProbability":0,"landslideProbability":20,"level":"info","message":"Sensor data updated:","rain":0,"soilMoisture":50,"timestamp":"2025-09-26T18:41:43.186Z","vibration":0,"waterFlow":0,"waterLevel":0}
{"accelerometer":{"x":3.52,"y":-3.6,"z":0},"floodProbability":0,"landslideProbability":20,"level":"info","message":"Sensor data updated:","rain":0,"soilMoisture":50,"timestamp":"2025-09-26T18:41:44.230Z","vibration":0,"waterFlow":0,"waterLevel":0}
{"accelerometer":{"x":3.65,"y":-3.61,"z":0},"floodProbability":0,"landslideProbability":20,"level":"info","message":"Sensor data updated:","rain":0,"soilMoisture":50,"timestamp":"2025-09-26T18:41:45.274Z","vibration":0,"waterFlow":0,"waterLevel":0}
{"accelerometer":{"x":3.61,"y":-3.5,"z":0},"floodProbability":0,"landslideProbability":20,"level":"info","message":"Sensor data updated:","rain":0,"soilMoisture":50,"timestamp":"2025-09-26T18:41:46.318Z","vibration":0,"waterFlow":0,"waterLevel":0}
{"accelerometer":{"x":3.49,"y":-3.58,"z":0},"floodProbability":0,"landslideProbability":20,"level":"info","message":"Sensor data updated:","rain":0,"soilMoisture":50,"timestamp":"2025-09-26T18:41:47.362Z","vibration":0,"waterFlow":0,"waterLevel":0}
{"accelerometer":{"x":3.56,"y":-3.56,"z":0},"floodProbability":0,"landslideProbability":20,"level":"info","message":"Sensor data updated:","rain":0,"soilMoisture":50,"timestamp":"2025-09-26T18:41:48.406Z","vibration":0,"waterFlow":0,"waterLevel":0}
{"accelerometer":{"x":3.59,"y":-3.54,"z":0},"floodProbability":0,"landslideProbability":20,"level":"info","message":"Sensor data updated:","rain":0,"soilMoisture":50,"timestamp":"2025-09-26T18:41:49.450Z","vibration":0,"waterFlow":0,"waterLevel":0}
{"accelerometer":{"x":3.49,"y":-3.55,"z":0},"floodProbability":0,"landslideProbability":20,"level":"info","message":"Sensor data updated:","rain":0,"soilMoisture":50,"timestamp":"2025-09-26T18:41:50.494Z","vibration":0,"waterFlow":0,"waterLevel":0}
{"accelerometer":{"x":3.59,"y":-3.57,"z":0},"floodProbability":0,"landslideProbability":20,"level":"info","message":"Sensor data updated:","rain":0,"soilMoisture":50,"timestamp":"2025-09-26T18:41:51.538Z","vibration":0,"waterFlow":0,"waterLevel":0}
{"accelerometer":{"x":3.59,"y":-3.62,"z":0},"floodProbability":0,"landslideProbability":20,"level":"info","message":"Sensor data updated:","rain":0,"soilMoisture":50,"timestamp":"2025-09-26T18:41:52.582Z","vibration":0,"waterFlow":0,"waterLevel":0}
{"accelerometer":{"x":3.47,"y":-3.54,"z":0},"floodProbability":0,"landslideProbability":50,"level":"info","message":"Sensor data updated:","rain":0,"soilMoisture":50,"timestamp":"2025-09-26T18:41:53.878Z","vibration":1,"waterFlow":0,"waterLevel":0}
{"accelerometer":{"x":3.51,"y":-3.72,"z":0},"floodProbability":0,"landslideProbability":50,"level":"info","message":"Sensor data updated:","rain":0,"soilMoisture":50,"timestamp":"2025-09-26T18:41:55.173Z","vibration":1,"waterFlow":0,"waterLevel":0}
{"accelerometer":{"x":3.51,"y":-3.54,"z":0},"floodProbability":0,"landslideProbability":50,"level":"info","message":"Sensor data updated:","rain":0,"soilMoisture":50,"timestamp":"2025-09-26T18:41:56.469Z","vibration":1,"waterFlow":0,"waterLevel":0}
{"accelerometer":{"x":3.51,"y":-3.54,"z":0},"floodProbability":0,"landslideProbability":50,"level":"info","message":"Sensor data updated:","rain":0,"soilMoisture":50,"timestamp":"2025-09-26T18:41:57.765Z","vibration":1,"waterFlow":0,"waterLevel":0}
{"accelerometer":{"x":3.39,"y":-3.6,"z":0},"floodProbability":0,"landslideProbability":50,"level":"info","message":"Sensor data updated:","rain":0,"soilMoisture":50,"timestamp":"2025-09-26T18:41:59.061Z","vibration":1,"waterFlow":0,"waterLevel":0}
{"accelerometer":{"x":3.4,"y":-3.6,"z":0},"floodProbability":0,"landslideProbability":50,"level":"info","message":"Sensor data updated:","rain":0,"soilMoisture":50,"timestamp":"2025-09-26T18:42:00.356Z","vibration":1,"waterFlow":0,"waterLevel":0}
{"accelerometer":{"x":3.38,"y":-3.65,"z":0},"floodProbability":0,"landslideProbability":50,"level":"info","message":"Sensor data updated:","rain":0,"soilMoisture":50,"timestamp":"2025-09-26T18:42:01.401Z","vibration":1,"waterFlow":0,"waterLevel":0}
{"accelerometer":{"x":3.39,"y":-3.61,"z":0},"floodProbability":0,"landslideProbability":20,"level":"info","message":"Sensor data updated:","rain":0,"soilMoisture":50,"timestamp":"2025-09-26T18:42:02.445Z","vibration":0,"waterFlow":0,"waterLevel":0}
{"accelerometer":{"x":3.36,"y":-3.6,"z":0},"floodProbability":0,"landslideProbability":20,"level":"info","message":"Sensor data updated:","rain":0,"soilMoisture":50,"timestamp":"2025-09-26T18:42:03.489Z","vibration":0,"waterFlow":0,"waterLevel":0}
{"accelerometer":{"x":3.36,"y":-3.53,"z":0},"floodProbability":0,"landslideProbability":20,"level":"info","message":"Sensor data updated:","rain":0,"soilMoisture":50,"timestamp":"2025-09-26T18:42:04.533Z","vibration":0,"waterFlow":0,"waterLevel":0}
{"accelerometer":{"x":3.57,"y":-3.54,"z":0},"floodProbability":20,"landslideProbability":20,"level":"info","message":"Sensor data updated:","rain":0,"soilMoisture":50,"timestamp":"2025-09-26T18:42:05.577Z","vibration":0,"waterFlow":1,"waterLevel":0}
{"accelerometer":{"x":3.58,"y":-3.59,"z":0},"floodProbability":0,"landslideProbability":100,"level":"info","message":"Sensor data updated:","rain":0,"soilMoisture":1000,"timestamp":"2025-09-26T18:42:06.874Z","vibration":0,"waterFlow":0,"waterLevel":0}
{"accelerometer":{"x":3.63,"y":-3.47,"z":0},"floodProbability":20,"landslideProbability":20,"level":"info","message":"Sensor data updated:","rain":0,"soilMoisture":50,"timestamp":"2025-09-26T18:42:07.918Z","vibration":0,"waterFlow":1,"waterLevel":0}
{"accelerometer":{"x":3.65,"y":-3.47,"z":0},"floodProbability":20,"landslideProbability":20,"level":"info","message":"Sensor data updated:","rain":0,"soilMoisture":50,"timestamp":"2025-09-26T18:42:08.962Z","vibration":0,"waterFlow":1,"waterLevel":0}
{"accelerometer":{"x":3.59,"y":-3.45,"z":0},"floodProbability":0,"landslideProbability":20,"level":"info","message":"Sensor data updated:","rain":0,"soilMoisture":50,"timestamp":"2025-09-26T18:42:10.007Z","vibration":0,"waterFlow":0,"waterLevel":0}
{"accelerometer":{"x":3.6,"y":-3.46,"z":0},"floodProbability":20,"landslideProbability":20,"level":"info","message":"Sensor data updated:","rain":0,"soilMoisture":50,"timestamp":"2025-09-26T18:42:11.054Z","vibration":0,"waterFlow":1,"waterLevel":0}
{"accelerometer":{"x":3.69,"y":-3.47,"z":0},"floodProbability":0,"landslideProbability":20,"level":"info","message":"Sensor data updated:","rain":0,"soilMoisture":50,"timestamp":"2025-09-26T18:42:12.097Z","vibration":0,"waterFlow":0,"waterLevel":0}
{"accelerometer":{"x":3.66,"y":-3.5,"z":0},"floodProbability":0,"landslideProbability":24,"level":"info","message":"Sensor data updated:","rain":0,"soilMoisture":60,"timestamp":"2025-09-26T18:42:13.142Z","vibration":0,"waterFlow":0,"waterLevel":0}
{"accelerometer":{"x":3.64,"y":-3.43,"z":0},"floodProbability":0,"landslideProbability":20,"level":"info","message":"Sensor data updated:","rain":0,"soilMoisture":50,"timestamp":"2025-09-26T18:42:14.186Z","vibration":0,"waterFlow":0,"waterLevel":0}
{"accelerometer":{"x":3.69,"y":-3.47,"z":0},"floodProbability":0,"landslideProbability":20,"level":"info","message":"Sensor data updated:","rain":0,"soilMoisture":50,"timestamp":"2025-09-26T18:42:15.230Z","vibration":0,"waterFlow":0,"waterLevel":0}
{"accelerometer":{"x":3.74,"y":-3.43,"z":0},"floodProbability":0,"landslideProbability":20,"level":"info","message":"Sensor data updated:","rain":0,"soilMoisture":50,"timestamp":"2025-09-26T18:42:16.274Z","vibration":0,"waterFlow":0,"waterLevel":0}
{"accelerometer":{"x":3.62,"y":-3.45,"z":0},"floodProbability":0,"landslideProbability":20,"level":"info","message":"Sensor data updated:","rain":0,"soilMoisture":50,"timestamp":"2025-09-26T18:42:17.318Z","vibration":0,"waterFlow":0,"waterLevel":0}
{"accelerometer":{"x":3.65,"y":-3.47,"z":0},"floodProbability":0,"landslideProbability":20,"level":"info","message":"Sensor data updated:","rain":0,"soilMoisture":50,"timestamp":"2025-09-26T18:42:18.362Z","vibration":0,"waterFlow":0,"waterLevel":0}
{"accelerometer":{"x":3.75,"y":-3.4,"z":0},"floodProbability":0,"landslideProbability":20,"level":"info","message":"Sensor data updated:","rain":0,"soilMoisture":50,"timestamp":"2025-09-26T18:42:19.406Z","vibration":0,"waterFlow":0,"waterLevel":0}
{"accelerometer":{"x":3.96,"y":-3.27,"z":0},"floodProbability":0,"landslideProbability":20,"level":"info","message":"Sensor data updated:","rain":0,"soilMoisture":50,"timestamp":"2025-09-26T18:42:20.450Z","vibration":0,"waterFlow":0,"waterLevel":0}
{"accelerometer":{"x":3.72,"y":-3.48,"z":0},"floodProbability":0,"landslideProbability":20,"level":"info","message":"Sensor data updated:","rain":0,"soilMoisture":50,"timestamp":"2025-09-26T18:42:21.494Z","vibration":0,"waterFlow":0,"waterLevel":0}
{"accelerometer":{"x":3.65,"y":-3.52,"z":0},"floodProbability":0,"landslideProbability":20,"level":"info","message":"Sensor data updated:","rain":0,"soilMoisture":50,"timestamp":"2025-09-26T18:42:22.538Z","vibration":0,"waterFlow":0,"waterLevel":0}
{"accelerometer":{"x":3.68,"y":-3.45,"z":0},"floodProbability":0,"landslideProbability":20,"level":"info","message":"Sensor data updated:","rain":0,"soilMoisture":50,"timestamp":"2025-09-26T18:42:23.582Z","vibration":0,"waterFlow":0,"waterLevel":0}
{"accelerometer":{"x":3.66,"y":-3.45,"z":0},"floodProbability":0,"landslideProbability":20,"level":"info","message":"Sensor data updated:","rain":0,"soilMoisture":50,"timestamp":"2025-09-26T18:42:24.627Z","vibration":0,"waterFlow":0,"waterLevel":0}
{"accelerometer":{"x":3.65,"y":-3.43,"z":0},"floodProbability":0,"landslideProbability":20,"level":"info","message":"Sensor data updated:","rain":0,"soilMoisture":50,"timestamp":"2025-09-26T18:42:25.670Z","vibration":0,"waterFlow":0,"waterLevel":0}
{"accelerometer":{"x":3.73,"y":-3.45,"z":0},"floodProbability":0,"landslideProbability":20,"level":"info","message":"Sensor data updated:","rain":0,"soilMoisture":50,"timestamp":"2025-09-26T18:42:26.716Z","vibration":0,"waterFlow":0,"waterLevel":0}
{"accelerometer":{"x":-1.27,"y":-4.31,"z":0},"floodProbability":0,"landslideProbability":20,"level":"info","message":"Sensor data updated:","rain":0,"soilMoisture":50,"timestamp":"2025-09-26T18:42:27.760Z","vibration":0,"waterFlow":0,"waterLevel":0}
{"accelerometer":{"x":4.74,"y":-1.4,"z":0},"floodProbability":0,"landslideProbability":20,"level":"info","message":"Sensor data updated:","rain":0,"soilMoisture":50,"timestamp":"2025-09-26T18:42:28.803Z","vibration":0,"waterFlow":0,"waterLevel":0}
{"accelerometer":{"x":0.41,"y":-1.75,"z":0},"floodProbability":0,"landslideProbability":20,"level":"info","message":"Sensor data updated:","rain":0,"soilMoisture":50,"timestamp":"2025-09-26T18:42:29.849Z","vibration":0,"waterFlow":0,"waterLevel":0}
{"accelerometer":{"x":-1.07,"y":-3.48,"z":0},"floodProbability":0,"landslideProbability":20,"level":"info","message":"Sensor data updated:","rain":0,"soilMoisture":50,"timestamp":"2025-09-26T18:42:30.893Z","vibration":0,"waterFlow":0,"waterLevel":0}
{"accelerometer":{"x":-2.15,"y":-4.09,"z":0},"floodProbability":0,"landslideProbability":20,"level":"info","message":"Sensor data updated:","rain":0,"soilMoisture":50,"timestamp":"2025-09-26T18:42:31.938Z","vibration":0,"waterFlow":0,"waterLevel":0}
{"accelerometer":{"x":-0.89,"y":-5.65,"z":0},"floodProbability":0,"landslideProbability":20,"level":"info","message":"Sensor data updated:","rain":0,"soilMoisture":50,"timestamp":"2025-09-26T18:42:32.984Z","vibration":0,"waterFlow":0,"waterLevel":0}
{"accelerometer":{"x":5.18,"y":-6.86,"z":0},"floodProbability":0,"landslideProbability":20,"level":"info","message":"Sensor data updated:","rain":0,"soilMoisture":50,"timestamp":"2025-09-26T18:42:34.028Z","vibration":0,"waterFlow":0,"waterLevel":0}
{"accelerometer":{"x":2.38,"y":-2.92,"z":0},"floodProbability":0,"landslideProbability":20,"level":"info","message":"Sensor data updated:","rain":0,"soilMoisture":50,"timestamp":"2025-09-26T18:42:35.072Z","vibration":0,"waterFlow":0,"waterLevel":0}
{"accelerometer":{"x":2.49,"y":-3.21,"z":0},"floodProbability":0,"landslideProbability":20,"level":"info","message":"Sensor data updated:","rain":0,"soilMoisture":50,"timestamp":"2025-09-26T18:42:36.116Z","vibration":0,"waterFlow":0,"waterLevel":0}
{"accelerometer":{"x":2.57,"y":-3.15,"z":0},"floodProbability":0,"landslideProbability":20,"level":"info","message":"Sensor data updated:","rain":0,"soilMoisture":50,"timestamp":"2025-09-26T18:42:37.160Z","vibration":0,"waterFlow":0,"waterLevel":0}
{"accelerometer":{"x":2.68,"y":-4.01,"z":0},"floodProbability":0,"landslideProbability":20,"level":"info","message":"Sensor data updated:","rain":0,"soilMoisture":50,"timestamp":"2025-09-26T18:42:38.204Z","vibration":0,"waterFlow":0,"waterLevel":0}
{"accelerometer":{"x":2.62,"y":-3.17,"z":0},"floodProbability":0,"landslideProbability":20,"level":"info","message":"Sensor data updated:","rain":0,"soilMoisture":50,"timestamp":"2025-09-26T18:42:39.248Z","vibration":0,"waterFlow":0,"waterLevel":0}
{"accelerometer":{"x":2.68,"y":-3.19,"z":0},"floodProbability":20,"landslideProbability":20,"level":"info","message":"Sensor data updated:","rain":0,"soilMoisture":50,"timestamp":"2025-09-26T18:42:40.292Z","vibration":0,"waterFlow":1,"waterLevel":0}
{"accelerometer":{"x":2.65,"y":-3.17,"z":0},"floodProbability":0,"landslideProbability":20,"level":"info","message":"Sensor data updated:","rain":0,"soilMoisture":50,"timestamp":"2025-09-26T18:42:41.336Z","vibration":0,"waterFlow":0,"waterLevel":0}
{"accelerometer":{"x":2.65,"y":-3.23,"z":0},"floodProbability":0,"landslideProbability":20,"level":"info","message":"Sensor data updated:","rain":0,"soilMoisture":50,"timestamp":"2025-09-26T18:42:42.380Z","vibration":0,"waterFlow":0,"waterLevel":0}
{"accelerometer":{"x":2.85,"y":-3.15,"z":0},"floodProbability":0,"landslideProbability":20,"level":"info","message":"Sensor data updated:","rain":0,"soilMoisture":50,"timestamp":"2025-09-26T18:42:43.424Z","vibration":0,"waterFlow":0,"waterLevel":0}
{"accelerometer":{"x":2.71,"y":-3.17,"z":0},"floodProbability":0,"landslideProbability":20,"level":"info","message":"Sensor data updated:","rain":0,"soilMoisture":50,"timestamp":"2025-09-26T18:42:44.468Z","vibration":0,"waterFlow":0,"waterLevel":0}
{"accelerometer":{"x":2.74,"y":-3.18,"z":0},"floodProbability":0,"landslideProbability":24,"level":"info","message":"Sensor data updated:","rain":0,"soilMoisture":60,"timestamp":"2025-09-26T18:42:45.512Z","vibration":0,"waterFlow":0,"waterLevel":0}
{"accelerometer":{"x":2.67,"y":-3.19,"z":0},"floodProbability":0,"landslideProbability":20,"level":"info","message":"Sensor data updated:","rain":0,"soilMoisture":50,"timestamp":"2025-09-26T18:42:46.556Z","vibration":0,"waterFlow":0,"waterLevel":0}
{"accelerometer":{"x":2.65,"y":-3.17,"z":0},"floodProbability":0,"landslideProbability":20,"level":"info","message":"Sensor data updated:","rain":0,"soilMoisture":50,"timestamp":"2025-09-26T18:42:47.600Z","vibration":0,"waterFlow":0,"waterLevel":0}
{"accelerometer":{"x":2.72,"y":-3.22,"z":0},"floodProbability":0,"landslideProbability":20,"level":"info","message":"Sensor data updated:","rain":0,"soilMoisture":50,"timestamp":"2025-09-26T18:42:48.644Z","vibration":0,"waterFlow":0,"waterLevel":0}
{"accelerometer":{"x":2.7,"y":-3.22,"z":0},"floodProbability":0,"landslideProbability":20,"level":"info","message":"Sensor data updated:","rain":0,"soilMoisture":50,"timestamp":"2025-09-26T18:42:49.688Z","vibration":0,"waterFlow":0,"waterLevel":0}
{"accelerometer":{"x":2.7,"y":-3.17,"z":0},"floodProbability":0,"landslideProbability":20,"level":"info","message":"Sensor data updated:","rain":0,"soilMoisture":50,"timestamp":"2025-09-26T18:42:50.732Z","vibration":0,"waterFlow":0,"waterLevel":0}
{"accelerometer":{"x":2.44,"y":-2.73,"z":0},"floodProbability":0,"landslideProbability":20,"level":"info","message":"Sensor data updated:","rain":0,"soilMoisture":50,"timestamp":"2025-09-26T18:42:51.776Z","vibration":0,"waterFlow":0,"waterLevel":0}
{"accelerometer":{"x":2.76,"y":-3.13,"z":0},"floodProbability":20,"landslideProbability":20,"level":"info","message":"Sensor data updated:","rain":0,"soilMoisture":50,"timestamp":"2025-09-26T18:42:52.821Z","vibration":0,"waterFlow":1,"waterLevel":0}
{"accelerometer":{"x":2.66,"y":-3.2,"z":0},"floodProbability":20,"landslideProbability":20,"level":"info","message":"Sensor data updated:","rain":0,"soilMoisture":50,"timestamp":"2025-09-26T18:42:53.865Z","vibration":0,"waterFlow":1,"waterLevel":0}
{"accelerometer":{"x":2.71,"y":-3.19,"z":0},"floodProbability":0,"landslideProbability":20,"level":"info","message":"Sensor data updated:","rain":0,"soilMoisture":50,"timestamp":"2025-09-26T18:42:54.909Z","vibration":0,"waterFlow":0,"waterLevel":0}
{"accelerometer":{"x":2.69,"y":-3.17,"z":0},"floodProbability":20,"landslideProbability":24,"level":"info","message":"Sensor data updated:","rain":0,"soilMoisture":60,"timestamp":"2025-09-26T18:42:55.953Z","vibration":0,"waterFlow":1,"waterLevel":0}
{"accelerometer":{"x":2.8,"y":-3.05,"z":0},"floodProbability":25,"landslideProbability":100,"level":"info","message":"Sensor data updated:","rain":0,"soilMoisture":1000,"timestamp":"2025-09-26T18:42:57.250Z","vibration":0,"waterFlow":1,"waterLevel":10}
{"accelerometer":{"x":2.73,"y":-3.16,"z":0},"floodProbability":25,"landslideProbability":100,"level":"info","message":"Sensor data updated:","rain":0,"soilMoisture":1000,"timestamp":"2025-09-26T18:42:58.547Z","vibration":0,"waterFlow":1,"waterLevel":10}
{"accelerometer":{"x":2.71,"y":-3.15,"z":0},"floodProbability":25,"landslideProbability":100,"level":"info","message":"Sensor data updated:","rain":0,"soilMoisture":1000,"timestamp":"2025-09-26T18:42:59.845Z","vibration":0,"waterFlow":1,"waterLevel":10}
{"accelerometer":{"x":2.76,"y":-3.15,"z":0},"floodProbability":5,"landslideProbability":20,"level":"info","message":"Sensor data updated:","rain":0,"soilMoisture":50,"timestamp":"2025-09-26T18:43:00.888Z","vibration":0,"waterFlow":0,"waterLevel":10}
{"accelerometer":{"x":2.69,"y":-3.14,"z":0},"floodProbability":25,"landslideProbability":100,"level":"info","message":"Sensor data updated:","rain":0,"soilMoisture":260,"timestamp":"2025-09-26T18:43:01.934Z","vibration":0,"waterFlow":1,"waterLevel":10}
{"accelerometer":{"x":2.71,"y":-3.24,"z":0},"floodProbability":25,"landslideProbability":20,"level":"info","message":"Sensor data updated:","rain":0,"soilMoisture":50,"timestamp":"2025-09-26T18:43:02.978Z","vibration":0,"waterFlow":1,"waterLevel":10}
{"accelerometer":{"x":2.78,"y":-3.15,"z":0},"floodProbability":25,"landslideProbability":24,"level":"info","message":"Sensor data updated:","rain":0,"soilMoisture":60,"timestamp":"2025-09-26T18:43:04.022Z","vibration":0,"waterFlow":1,"waterLevel":10}
{"accelerometer":{"x":2.76,"y":-3.18,"z":0},"floodProbability":25,"landslideProbability":20,"level":"info","message":"Sensor data updated:","rain":0,"soilMoisture":50,"timestamp":"2025-09-26T18:43:05.066Z","vibration":0,"waterFlow":1,"waterLevel":10}
{"accelerometer":{"x":2.84,"y":-3.18,"z":0},"floodProbability":5,"landslideProbability":20,"level":"info","message":"Sensor data updated:","rain":0,"soilMoisture":50,"timestamp":"2025-09-26T18:43:06.110Z","vibration":0,"waterFlow":0,"waterLevel":10}
{"accelerometer":{"x":2.78,"y":-3.08,"z":0},"floodProbability":5,"landslideProbability":20,"level":"info","message":"Sensor data updated:","rain":0,"soilMoisture":50,"timestamp":"2025-09-26T18:43:07.154Z","vibration":0,"waterFlow":0,"waterLevel":10}
{"accelerometer":{"x":2.79,"y":-3.11,"z":0},"floodProbability":5,"landslideProbability":20,"level":"info","message":"Sensor data updated:","rain":0,"soilMoisture":50,"timestamp":"2025-09-26T18:43:08.198Z","vibration":0,"waterFlow":0,"waterLevel":10}
{"accelerometer":{"x":2.83,"y":-3.08,"z":0},"floodProbability":5,"landslideProbability":20,"level":"info","message":"Sensor data updated:","rain":0,"soilMoisture":50,"timestamp":"2025-09-26T18:43:09.243Z","vibration":0,"waterFlow":0,"waterLevel":10}
{"accelerometer":{"x":2.82,"y":-3.07,"z":0},"floodProbability":5,"landslideProbability":20,"level":"info","message":"Sensor data updated:","rain":0,"soilMoisture":50,"timestamp":"2025-09-26T18:43:10.286Z","vibration":0,"waterFlow":0,"waterLevel":10}
{"accelerometer":{"x":2.82,"y":-3.09,"z":0},"floodProbability":5,"landslideProbability":20,"level":"info","message":"Sensor data updated:","rain":0,"soilMoisture":50,"timestamp":"2025-09-26T18:43:11.330Z","vibration":0,"waterFlow":0,"waterLevel":10}
{"accelerometer":{"x":2.83,"y":-3.09,"z":0},"floodProbability":5,"landslideProbability":20,"level":"info","message":"Sensor data updated:","rain":0,"soilMoisture":50,"timestamp":"2025-09-26T18:43:12.374Z","vibration":0,"waterFlow":0,"waterLevel":10}
{"accelerometer":{"x":2.87,"y":-3.06,"z":0},"floodProbability":5,"landslideProbability":20,"level":"info","message":"Sensor data updated:","rain":0,"soilMoisture":50,"timestamp":"2025-09-26T18:43:13.418Z","vibration":0,"waterFlow":0,"waterLevel":10}
{"accelerometer":{"x":2.87,"y":-3.1,"z":0},"floodProbability":5,"landslideProbability":20,"level":"info","message":"Sensor data updated:","rain":0,"soilMoisture":50,"timestamp":"2025-09-26T18:43:14.462Z","vibration":0,"waterFlow":0,"waterLevel":10}
{"accelerometer":{"x":2.91,"y":-3.1,"z":0},"floodProbability":5,"landslideProbability":20,"level":"info","message":"Sensor data updated:","rain":0,"soilMoisture":50,"timestamp":"2025-09-26T18:43:15.506Z","vibration":0,"waterFlow":0,"waterLevel":10}
{"accelerometer":{"x":2.86,"y":-3.09,"z":0},"floodProbability":5,"landslideProbability":20,"level":"info","message":"Sensor data updated:","rain":0,"soilMoisture":50,"timestamp":"2025-09-26T18:43:16.550Z","vibration":0,"waterFlow":0,"waterLevel":10}
{"accelerometer":{"x":2.82,"y":-3.01,"z":0},"floodProbability":5,"landslideProbability":20,"level":"info","message":"Sensor data updated:","rain":0,"soilMoisture":50,"timestamp":"2025-09-26T18:43:17.594Z","vibration":0,"waterFlow":0,"waterLevel":10}
{"accelerometer":{"x":2.85,"y":-3.09,"z":0},"floodProbability":5,"landslideProbability":20,"level":"info","message":"Sensor data updated:","rain":0,"soilMoisture":50,"timestamp":"2025-09-26T18:43:18.638Z","vibration":0,"waterFlow":0,"waterLevel":10}
{"accelerometer":{"x":2.9,"y":-3.13,"z":0},"floodProbability":5,"landslideProbability":20,"level":"info","message":"Sensor data updated:","rain":0,"soilMoisture":50,"timestamp":"2025-09-26T18:43:19.682Z","vibration":0,"waterFlow":0,"waterLevel":10}
{"accelerometer":{"x":2.84,"y":-3.05,"z":0},"floodProbability":5,"landslideProbability":20,"level":"info","message":"Sensor data updated:","rain":0,"soilMoisture":50,"timestamp":"2025-09-26T18:43:20.726Z","vibration":0,"waterFlow":0,"waterLevel":10}
{"level":"info","message":"Client disconnected:","timestamp":"2025-09-26T18:43:20.880Z"}
{"level":"info","message":"Client disconnected:","timestamp":"2025-09-26T18:43:20.882Z"}
{"accelerometer":{"x":2.89,"y":-3.09,"z":0},"floodProbability":5,"landslideProbability":20,"level":"info","message":"Sensor data updated:","rain":0,"soilMoisture":50,"timestamp":"2025-09-26T18:43:21.770Z","vibration":0,"waterFlow":0,"waterLevel":10}
{"accelerometer":{"x":2.84,"y":-3.06,"z":0},"floodProbability":5,"landslideProbability":20,"level":"info","message":"Sensor data updated:","rain":0,"soilMoisture":50,"timestamp":"2025-09-26T18:43:22.815Z","vibration":0,"waterFlow":0,"waterLevel":10}
{"accelerometer":{"x":2.83,"y":-3.02,"z":0},"floodProbability":5,"landslideProbability":20,"level":"info","message":"Sensor data updated:","rain":0,"soilMoisture":50,"timestamp":"2025-09-26T18:43:23.858Z","vibration":0,"waterFlow":0,"waterLevel":10}
{"accelerometer":{"x":2.88,"y":-3.13,"z":0},"floodProbability":5,"landslideProbability":20,"level":"info","message":"Sensor data updated:","rain":0,"soilMoisture":50,"timestamp":"2025-09-26T18:43:24.903Z","vibration":0,"waterFlow":0,"waterLevel":10}
{"accelerometer":{"x":2.89,"y":-3.04,"z":0},"floodProbability":5,"landslideProbability":20,"level":"info","message":"Sensor data updated:","rain":0,"soilMoisture":50,"timestamp":"2025-09-26T18:43:25.946Z","vibration":0,"waterFlow":0,"waterLevel":10}
{"level":"info","message":"Server running on port 3001","timestamp":"2025-09-27T04:39:35.812Z"}
{"level":"info","message":"Serial port COM7 connected","timestamp":"2025-09-27T04:39:35.820Z"}
{"level":"error","message":"Serial port error: Opening COM7: File not found","stack":"Error: Opening COM7: File not found","timestamp":"2025-09-27T04:39:35.829Z"}
{"level":"info","message":"Simulator mode activated","timestamp":"2025-09-27T04:39:35.830Z"}
{"accelerometer":{"x":0,"y":0,"z":0},"floodProbability":0,"landslideProbability":0,"level":"info","message":"Sensor data updated:","rain":0,"soilMoisture":null,"timestamp":"2025-09-27T04:39:37.832Z","vibration":0,"waterFlow":0,"waterLevel":null}
{"accelerometer":{"x":0,"y":0,"z":0},"floodProbability":null,"landslideProbability":null,"level":"info","message":"Sensor data updated:","rain":0,"soilMoisture":null,"timestamp":"2025-09-27T04:39:39.833Z","vibration":0,"waterFlow":0,"waterLevel":null}
{"accelerometer":{"x":0,"y":0,"z":0},"floodProbability":null,"landslideProbability":null,"level":"info","message":"Sensor data updated:","rain":0,"soilMoisture":null,"timestamp":"2025-09-27T04:39:41.838Z","vibration":0,"waterFlow":0,"waterLevel":null}
{"accelerometer":{"x":0,"y":0,"z":0},"floodProbability":null,"landslideProbability":null,"level":"info","message":"Sensor data updated:","rain":0,"soilMoisture":null,"timestamp":"2025-09-27T04:39:43.849Z","vibration":0,"waterFlow":0,"waterLevel":null}
{"accelerometer":{"x":0,"y":0,"z":0},"floodProbability":null,"landslideProbability":null,"level":"info","message":"Sensor data updated:","rain":0,"soilMoisture":null,"timestamp":"2025-09-27T04:39:45.859Z","vibration":0,"waterFlow":0,"waterLevel":null}
{"level":"info","message":"Client connected:","timestamp":"2025-09-27T04:39:46.309Z"}
{"level":"info","message":"Client connected:","timestamp":"2025-09-27T04:39:46.319Z"}
{"level":"info","message":"Client connected:","timestamp":"2025-09-27T04:39:46.360Z"}
{"level":"info","message":"Client connected:","timestamp":"2025-09-27T04:39:46.368Z"}
{"accelerometer":{"x":0,"y":0,"z":0},"floodProbability":null,"landslideProbability":null,"level":"info","message":"Sensor data updated:","rain":0,"soilMoisture":null,"timestamp":"2025-09-27T04:39:47.863Z","vibration":0,"waterFlow":0,"waterLevel":null}
{"accelerometer":{"x":0,"y":0,"z":0},"floodProbability":null,"landslideProbability":null,"level":"info","message":"Sensor data updated:","rain":0,"soilMoisture":null,"timestamp":"2025-09-27T04:39:49.867Z","vibration":0,"waterFlow":0,"waterLevel":null}
{"level":"info","message":"Client disconnected:","timestamp":"2025-09-27T04:39:51.821Z"}
{"level":"info","message":"Client disconnected:","timestamp":"2025-09-27T04:39:51.824Z"}
{"accelerometer":{"x":0,"y":0,"z":0},"floodProbability":null,"landslideProbability":null,"level":"info","message":"Sensor data updated:","rain":0,"soilMoisture":null,"timestamp":"2025-09-27T04:39:51.879Z","vibration":0,"waterFlow":0,"waterLevel":null}
{"accelerometer":{"x":0,"y":0,"z":0},"floodProbability":null,"landslideProbability":null,"level":"info","message":"Sensor data updated:","rain":0,"soilMoisture":null,"timestamp":"2025-09-27T04:39:53.885Z","vibration":0,"waterFlow":0,"waterLevel":null}
{"accelerometer":{"x":0,"y":0,"z":0},"floodProbability":null,"landslideProbability":null,"level":"info","message":"Sensor data updated:","rain":0,"soilMoisture":null,"timestamp":"2025-09-27T04:39:55.899Z","vibration":0,"waterFlow":0,"waterLevel":null}
{"accelerometer":{"x":0,"y":0,"z":0},"floodProbability":null,"landslideProbability":null,"level":"info","message":"Sensor data updated:","rain":0,"soilMoisture":null,"timestamp":"2025-09-27T04:39:57.911Z","vibration":0,"waterFlow":0,"waterLevel":null}
{"accelerometer":{"x":0,"y":0,"z":0},"floodProbability":null,"landslideProbability":null,"level":"info","message":"Sensor data updated:","rain":0,"soilMoisture":null,"timestamp":"2025-09-27T04:39:59.914Z","vibration":0,"waterFlow":0,"waterLevel":null}
{"accelerometer":{"x":0,"y":0,"z":0},"floodProbability":null,"landslideProbability":null,"level":"info","message":"Sensor data updated:","rain":0,"soilMoisture":null,"timestamp":"2025-09-27T04:40:01.927Z","vibration":0,"waterFlow":0,"waterLevel":null}
{"accelerometer":{"x":0,"y":0,"z":0},"floodProbability":null,"landslideProbability":null,"level":"info","message":"Sensor data updated:","rain":0,"soilMoisture":null,"timestamp":"2025-09-27T04:40:03.928Z","vibration":0,"waterFlow":0,"waterLevel":null}
{"accelerometer":{"x":0,"y":0,"z":0},"floodProbability":null,"landslideProbability":null,"level":"info","message":"Sensor data updated:","rain":0,"soilMoisture":null,"timestamp":"2025-09-27T04:40:05.933Z","vibration":0,"waterFlow":0,"waterLevel":null}
{"accelerometer":{"x":0,"y":0,"z":0},"floodProbability":null,"landslideProbability":null,"level":"info","message":"Sensor data updated:","rain":0,"soilMoisture":null,"timestamp":"2025-09-27T04:40:07.946Z","vibration":0,"waterFlow":0,"waterLevel":null}
{"accelerometer":{"x":0,"y":0,"z":0},"floodProbability":null,"landslideProbability":null,"level":"info","message":"Sensor data updated:","rain":0,"soilMoisture":null,"timestamp":"2025-09-27T04:40:09.961Z","vibration":0,"waterFlow":0,"waterLevel":null}
{"accelerometer":{"x":0,"y":0,"z":0},"floodProbability":null,"landslideProbability":null,"level":"info","message":"Sensor data updated:","rain":0,"soilMoisture":null,"timestamp":"2025-09-27T04:40:11.963Z","vibration":0,"waterFlow":0,"waterLevel":null}
{"accelerometer":{"x":0,"y":0,"z":0},"floodProbability":null,"landslideProbability":null,"level":"info","message":"Sensor data updated:","rain":0,"soilMoisture":null,"timestamp":"2025-09-27T04:40:13.965Z","vibration":0,"waterFlow":0,"waterLevel":null}
{"accelerometer":{"x":0,"y":0,"z":0},"floodProbability":null,"landslideProbability":null,"level":"info","message":"Sensor data updated:","rain":0,"soilMoisture":null,"timestamp":"2025-09-27T04:40:15.967Z","vibration":0,"waterFlow":0,"waterLevel":null}
{"accelerometer":{"x":0,"y":0,"z":0},"floodProbability":null,"landslideProbability":null,"level":"info","message":"Sensor data updated:","rain":0,"soilMoisture":null,"timestamp":"2025-09-27T04:40:17.970Z","vibration":0,"waterFlow":0,"waterLevel":null}
{"accelerometer":{"x":0,"y":0,"z":0},"floodProbability":null,"landslideProbability":null,"level":"info","message":"Sensor data updated:","rain":0,"soilMoisture":null,"timestamp":"2025-09-27T04:40:19.980Z","vibration":0,"waterFlow":0,"waterLevel":null}
{"accelerometer":{"x":0,"y":0,"z":0},"floodProbability":null,"landslideProbability":null,"level":"info","message":"Sensor data updated:","rain":0,"soilMoisture":null,"timestamp":"2025-09-27T04:40:21.984Z","vibration":0,"waterFlow":0,"waterLevel":null}
{"accelerometer":{"x":0,"y":0,"z":0},"floodProbability":null,"landslideProbability":null,"level":"info","message":"Sensor data updated:","rain":0,"soilMoisture":null,"timestamp":"2025-09-27T04:40:23.993Z","vibration":0,"waterFlow":0,"waterLevel":null}
{"level":"info","message":"Client disconnected:","timestamp":"2025-09-27T04:40:25.652Z"}
{"level":"info","message":"Client disconnected:","timestamp":"2025-09-27T04:40:25.656Z"}
{"accelerometer":{"x":0,"y":0,"z":0},"floodProbability":null,"landslideProbability":null,"level":"info","message":"Sensor data updated:","rain":0,"soilMoisture":null,"timestamp":"2025-09-27T04:40:25.999Z","vibration":0,"waterFlow":0,"waterLevel":null}
{"accelerometer":{"x":0,"y":0,"z":0},"floodProbability":null,"landslideProbability":null,"level":"info","message":"Sensor data updated:","rain":0,"soilMoisture":null,"timestamp":"2025-09-27T04:40:28.021Z","vibration":0,"waterFlow":0,"waterLevel":null}
{"level":"info","message":"Client connected:","timestamp":"2025-09-27T04:40:28.701Z"}
{"level":"info","message":"Client disconnected:","timestamp":"2025-09-27T04:40:28.922Z"}
{"level":"info","message":"Client connected:","timestamp":"2025-09-27T04:40:29.239Z"}
{"level":"info","message":"Client connected:","timestamp":"2025-09-27T04:40:29.246Z"}
{"accelerometer":{"x":0,"y":0,"z":0},"floodProbability":null,"landslideProbability":null,"level":"info","message":"Sensor data updated:","rain":0,"soilMoisture":null,"timestamp":"2025-09-27T04:40:30.025Z","vibration":0,"waterFlow":0,"waterLevel":null}
{"accelerometer":{"x":0,"y":0,"z":0},"floodProbability":null,"landslideProbability":null,"level":"info","message":"Sensor data updated:","rain":0,"soilMoisture":null,"timestamp":"2025-09-27T04:40:32.034Z","vibration":0,"waterFlow":0,"waterLevel":null}
{"accelerometer":{"x":0,"y":0,"z":0},"floodProbability":null,"landslideProbability":null,"level":"info","message":"Sensor data updated:","rain":0,"soilMoisture":null,"timestamp":"2025-09-27T04:40:34.041Z","vibration":0,"waterFlow":0,"waterLevel":null}
{"accelerometer":{"x":0,"y":0,"z":0},"floodProbability":null,"landslideProbability":null,"level":"info","message":"Sensor data updated:","rain":0,"soilMoisture":null,"timestamp":"2025-09-27T04:40:36.050Z","vibration":0,"waterFlow":0,"waterLevel":null}
{"accelerometer":{"x":0,"y":0,"z":0},"floodProbability":null,"landslideProbability":null,"level":"info","message":"Sensor data updated:","rain":0,"soilMoisture":null,"timestamp":"2025-09-27T04:40:38.052Z","vibration":0,"waterFlow":0,"waterLevel":null}
{"accelerometer":{"x":0,"y":0,"z":0},"floodProbability":null,"landslideProbability":null,"level":"info","message":"Sensor data updated:","rain":0,"soilMoisture":null,"timestamp":"2025-09-27T04:40:40.061Z","vibration":0,"waterFlow":0,"waterLevel":null}
{"accelerometer":{"x":0,"y":0,"z":0},"floodProbability":null,"landslideProbability":null,"level":"info","message":"Sensor data updated:","rain":0,"soilMoisture":null,"timestamp":"2025-09-27T04:40:42.069Z","vibration":0,"waterFlow":0,"waterLevel":null}
{"accelerometer":{"x":0,"y":0,"z":0},"floodProbability":null,"landslideProbability":null,"level":"info","message":"Sensor data updated:","rain":0,"soilMoisture":null,"timestamp":"2025-09-27T04:40:44.078Z","vibration":0,"waterFlow":0,"waterLevel":null}
{"accelerometer":{"x":0,"y":0,"z":0},"floodProbability":null,"landslideProbability":null,"level":"info","message":"Sensor data updated:","rain":0,"soilMoisture":null,"timestamp":"2025-09-27T04:40:46.088Z","vibration":0,"waterFlow":0,"waterLevel":null}
{"accelerometer":{"x":0,"y":0,"z":0},"floodProbability":null,"landslideProbability":null,"level":"info","message":"Sensor data updated:","rain":0,"soilMoisture":null,"timestamp":"2025-09-27T04:40:48.093Z","vibration":0,"waterFlow":0,"waterLevel":null}
{"accelerometer":{"x":0,"y":0,"z":0},"floodProbability":null,"landslideProbability":null,"level":"info","message":"Sensor data updated:","rain":0,"soilMoisture":null,"timestamp":"2025-09-27T04:40:50.109Z","vibration":0,"waterFlow":0,"waterLevel":null}
{"accelerometer":{"x":0,"y":0,"z":0},"floodProbability":null,"landslideProbability":null,"level":"info","message":"Sensor data updated:","rain":0,"soilMoisture":null,"timestamp":"2025-09-27T04:40:52.129Z","vibration":0,"waterFlow":0,"waterLevel":null}
{"accelerometer":{"x":0,"y":0,"z":0},"floodProbability":null,"landslideProbability":null,"level":"info","message":"Sensor data updated:","rain":0,"soilMoisture":null,"timestamp":"2025-09-27T04:40:54.149Z","vibration":0,"waterFlow":0,"waterLevel":null}
{"accelerometer":{"x":0,"y":0,"z":0},"floodProbability":null,"landslideProbability":null,"level":"info","message":"Sensor data updated:","rain":0,"soilMoisture":null,"timestamp":"2025-09-27T04:40:56.155Z","vibration":0,"waterFlow":0,"waterLevel":null}
{"accelerometer":{"x":0,"y":0,"z":0},"floodProbability":null,"landslideProbability":null,"level":"info","message":"Sensor data updated:","rain":0,"soilMoisture":null,"timestamp":"2025-09-27T04:40:58.158Z","vibration":0,"waterFlow":0,"waterLevel":null}
{"accelerometer":{"x":0,"y":0,"z":0},"floodProbability":null,"landslideProbability":null,"level":"info","message":"Sensor data updated:","rain":0,"soilMoisture":null,"timestamp":"2025-09-27T04:41:00.166Z","vibration":0,"waterFlow":0,"waterLevel":null}
{"accelerometer":{"x":0,"y":0,"z":0},"floodProbability":null,"landslideProbability":null,"level":"info","message":"Sensor data updated:","rain":0,"soilMoisture":null,"timestamp":"2025-09-27T04:41:02.178Z","vibration":0,"waterFlow":0,"waterLevel":null}
{"accelerometer":{"x":0,"y":0,"z":0},"floodProbability":null,"landslideProbability":null,"level":"info","message":"Sensor data updated:","rain":0,"soilMoisture":null,"timestamp":"2025-09-27T04:41:04.182Z","vibration":0,"waterFlow":0,"waterLevel":null}
{"accelerometer":{"x":0,"y":0,"z":0},"floodProbability":null,"landslideProbability":null,"level":"info","message":"Sensor data updated:","rain":0,"soilMoisture":null,"timestamp":"2025-09-27T04:41:06.190Z","vibration":0,"waterFlow":0,"waterLevel":null}
{"accelerometer":{"x":0,"y":0,"z":0},"floodProbability":null,"landslideProbability":null,"level":"info","message":"Sensor data updated:","rain":0,"soilMoisture":null,"timestamp":"2025-09-27T04:41:08.201Z","vibration":0,"waterFlow":0,"waterLevel":null}
{"accelerometer":{"x":0,"y":0,"z":0},"floodProbability":null,"landslideProbability":null,"level":"info","message":"Sensor data updated:","rain":0,"soilMoisture":null,"timestamp":"2025-09-27T04:41:10.209Z","vibration":0,"waterFlow":0,"waterLevel":null}
{"accelerometer":{"x":0,"y":0,"z":0},"floodProbability":null,"landslideProbability":null,"level":"info","message":"Sensor data updated:","rain":0,"soilMoisture":null,"timestamp":"2025-09-27T04:41:12.224Z","vibration":0,"waterFlow":0,"waterLevel":null}
{"accelerometer":{"x":0,"y":0,"z":0},"floodProbability":null,"landslideProbability":null,"level":"info","message":"Sensor data updated:","rain":0,"soilMoisture":null,"timestamp":"2025-09-27T04:41:14.226Z","vibration":0,"waterFlow":0,"waterLevel":null}
{"accelerometer":{"x":0,"y":0,"z":0},"floodProbability":null,"landslideProbability":null,"level":"info","message":"Sensor data updated:","rain":0,"soilMoisture":null,"timestamp":"2025-09-27T04:41:16.236Z","vibration":0,"waterFlow":0,"waterLevel":null}
{"accelerometer":{"x":0,"y":0,"z":0},"floodProbability":null,"landslideProbability":null,"level":"info","message":"Sensor data updated:","rain":0,"soilMoisture":null,"timestamp":"2025-09-27T04:41:18.236Z","vibration":0,"waterFlow":0,"waterLevel":null}
{"accelerometer":{"x":0,"y":0,"z":0},"floodProbability":null,"landslideProbability":null,"level":"info","message":"Sensor data updated:","rain":0,"soilMoisture":null,"timestamp":"2025-09-27T04:41:20.246Z","vibration":0,"waterFlow":0,"waterLevel":null}
{"accelerometer":{"x":0,"y":0,"z":0},"floodProbability":null,"landslideProbability":null,"level":"info","message":"Sensor data updated:","rain":0,"soilMoisture":null,"timestamp":"2025-09-27T04:41:22.247Z","vibration":0,"waterFlow":0,"waterLevel":null}
{"accelerometer":{"x":0,"y":0,"z":0},"floodProbability":null,"landslideProbability":null,"level":"info","message":"Sensor data updated:","rain":0,"soilMoisture":null,"timestamp":"2025-09-27T04:41:24.256Z","vibration":0,"waterFlow":0,"waterLevel":null}
{"accelerometer":{"x":0,"y":0,"z":0},"floodProbability":null,"landslideProbability":null,"level":"info","message":"Sensor data updated:","rain":0,"soilMoisture":null,"timestamp":"2025-09-27T04:41:26.262Z","vibration":0,"waterFlow":0,"waterLevel":null}
{"accelerometer":{"x":0,"y":0,"z":0},"floodProbability":null,"landslideProbability":null,"level":"info","message":"Sensor data updated:","rain":0,"soilMoisture":null,"timestamp":"2025-09-27T04:41:28.268Z","vibration":0,"waterFlow":0,"waterLevel":null}
{"accelerometer":{"x":0,"y":0,"z":0},"floodProbability":null,"landslideProbability":null,"level":"info","message":"Sensor data updated:","rain":0,"soilMoisture":null,"timestamp":"2025-09-27T04:41:30.271Z","vibration":0,"waterFlow":0,"waterLevel":null}
{"accelerometer":{"x":0,"y":0,"z":0},"floodProbability":null,"landslideProbability":null,"level":"info","message":"Sensor data updated:","rain":0,"soilMoisture":null,"timestamp":"2025-09-27T04:41:32.283Z","vibration":0,"waterFlow":0,"waterLevel":null}
{"accelerometer":{"x":0,"y":0,"z":0},"floodProbability":null,"landslideProbability":null,"level":"info","message":"Sensor data updated:","rain":0,"soilMoisture":null,"timestamp":"2025-09-27T04:41:34.296Z","vibration":0,"waterFlow":0,"waterLevel":null}
{"accelerometer":{"x":0,"y":0,"z":0},"floodProbability":null,"landslideProbability":null,"level":"info","message":"Sensor data updated:","rain":0,"soilMoisture":null,"timestamp":"2025-09-27T04:41:36.298Z","vibration":0,"waterFlow":0,"waterLevel":null}
{"accelerometer":{"x":0,"y":0,"z":0},"floodProbability":null,"landslideProbability":null,"level":"info","message":"Sensor data updated:","rain":0,"soilMoisture":null,"timestamp":"2025-09-27T04:41:38.302Z","vibration":0,"waterFlow":0,"waterLevel":null}
{"accelerometer":{"x":0,"y":0,"z":0},"floodProbability":null,"landslideProbability":null,"level":"info","message":"Sensor data updated:","rain":0,"soilMoisture":null,"timestamp":"2025-09-27T04:41:40.302Z","vibration":0,"waterFlow":0,"waterLevel":null}
{"accelerometer":{"x":0,"y":0,"z":0},"floodProbability":null,"landslideProbability":null,"level":"info","message":"Sensor data updated:","rain":0,"soilMoisture":null,"timestamp":"2025-09-27T04:41:42.307Z","vibration":0,"waterFlow":0,"waterLevel":null}
{"accelerometer":{"x":0,"y":0,"z":0},"floodProbability":null,"landslideProbability":null,"level":"info","message":"Sensor data updated:","rain":0,"soilMoisture":null,"timestamp":"2025-09-27T04:41:44.312Z","vibration":0,"waterFlow":0,"waterLevel":null}
{"accelerometer":{"x":0,"y":0,"z":0},"floodProbability":null,"landslideProbability":null,"level":"info","message":"Sensor data updated:","rain":0,"soilMoisture":null,"timestamp":"2025-09-27T04:41:46.314Z","vibration":0,"waterFlow":0,"waterLevel":null}
{"accelerometer":{"x":0,"y":0,"z":0},"floodProbability":null,"landslideProbability":null,"level":"info","message":"Sensor data updated:","rain":0,"soilMoisture":null,"timestamp":"2025-09-27T04:41:48.323Z","vibration":0,"waterFlow":0,"waterLevel":null}
{"accelerometer":{"x":0,"y":0,"z":0},"floodProbability":null,"landslideProbability":null,"level":"info","message":"Sensor data updated:","rain":0,"soilMoisture":null,"timestamp":"2025-09-27T04:41:50.325Z","vibration":0,"waterFlow":0,"waterLevel":null}
{"accelerometer":{"x":0,"y":0,"z":0},"floodProbability":null,"landslideProbability":null,"level":"info","message":"Sensor data updated:","rain":0,"soilMoisture":null,"timestamp":"2025-09-27T04:41:52.336Z","vibration":0,"waterFlow":0,"waterLevel":null}
{"accelerometer":{"x":0,"y":0,"z":0},"floodProbability":null,"landslideProbability":null,"level":"info","message":"Sensor data updated:","rain":0,"soilMoisture":null,"timestamp":"2025-09-27T04:41:54.345Z","vibration":0,"waterFlow":0,"waterLevel":null}
{"accelerometer":{"x":0,"y":0,"z":0},"floodProbability":null,"landslideProbability":null,"level":"info","message":"Sensor data updated:","rain":0,"soilMoisture":null,"timestamp":"2025-09-27T04:41:56.354Z","vibration":0,"waterFlow":0,"waterLevel":null}
{"accelerometer":{"x":0,"y":0,"z":0},"floodProbability":null,"landslideProbability":null,"level":"info","message":"Sensor data updated:","rain":0,"soilMoisture":null,"timestamp":"2025-09-27T04:41:58.354Z","vibration":0,"waterFlow":0,"waterLevel":null}
{"level":"info","message":"Client disconnected:","timestamp":"2025-09-27T04:41:59.988Z"}
{"level":"info","message":"Client disconnected:","timestamp":"2025-09-27T04:41:59.991Z"}
{"accelerometer":{"x":0,"y":0,"z":0},"floodProbability":null,"landslideProbability":null,"level":"info","message":"Sensor data updated:","rain":0,"soilMoisture":null,"timestamp":"2025-09-27T04:42:00.360Z","vibration":0,"waterFlow":0,"waterLevel":null}
{"accelerometer":{"x":0,"y":0,"z":0},"floodProbability":null,"landslideProbability":null,"level":"info","message":"Sensor data updated:","rain":0,"soilMoisture":null,"timestamp":"2025-09-27T04:42:02.360Z","vibration":0,"waterFlow":0,"waterLevel":null}
{"accelerometer":{"x":0,"y":0,"z":0},"floodProbability":null,"landslideProbability":null,"level":"info","message":"Sensor data updated:","rain":0,"soilMoisture":null,"timestamp":"2025-09-27T04:42:04.373Z","vibration":0,"waterFlow":0,"waterLevel":null}
{"accelerometer":{"x":0,"y":0,"z":0},"floodProbability":null,"landslideProbability":null,"level":"info","message":"Sensor data updated:","rain":0,"soilMoisture":null,"timestamp":"2025-09-27T04:42:06.379Z","vibration":0,"waterFlow":0,"waterLevel":null}
{"accelerometer":{"x":0,"y":0,"z":0},"floodProbability":null,"landslideProbability":null,"level":"info","message":"Sensor data updated:","rain":0,"soilMoisture":null,"timestamp":"2025-09-27T04:42:08.394Z","vibration":0,"waterFlow":0,"waterLevel":null}
{"accelerometer":{"x":0,"y":0,"z":0},"floodProbability":null,"landslideProbability":null,"level":"info","message":"Sensor data updated:","rain":0,"soilMoisture":null,"timestamp":"2025-09-27T04:42:10.409Z","vibration":0,"waterFlow":0,"waterLevel":null}
{"accelerometer":{"x":0,"y":0,"z":0},"floodProbability":null,"landslideProbability":null,"level":"info","message":"Sensor data updated:","rain":0,"soilMoisture":null,"timestamp":"2025-09-27T04:42:12.423Z","vibration":0,"waterFlow":0,"waterLevel":null}
{"accelerometer":{"x":0,"y":0,"z":0},"floodProbability":null,"landslideProbability":null,"level":"info","message":"Sensor data updated:","rain":0,"soilMoisture":null,"timestamp":"2025-09-27T04:42:14.433Z","vibration":0,"waterFlow":0,"waterLevel":null}
{"accelerometer":{"x":0,"y":0,"z":0},"floodProbability":null,"landslideProbability":null,"level":"info","message":"Sensor data updated:","rain":0,"soilMoisture":null,"timestamp":"2025-09-27T04:42:16.442Z","vibration":0,"waterFlow":0,"waterLevel":null}
{"accelerometer":{"x":0,"y":0,"z":0},"floodProbability":null,"landslideProbability":null,"level":"info","message":"Sensor data updated:","rain":0,"soilMoisture":null,"timestamp":"2025-09-27T04:42:18.459Z","vibration":0,"waterFlow":0,"waterLevel":null}
{"accelerometer":{"x":0,"y":0,"z":0},"floodProbability":null,"landslideProbability":null,"level":"info","message":"Sensor data updated:","rain":0,"soilMoisture":null,"timestamp":"2025-09-27T04:42:20.473Z","vibration":0,"waterFlow":0,"waterLevel":null}
{"accelerometer":{"x":0,"y":0,"z":0},"floodProbability":null,"landslideProbability":null,"level":"info","message":"Sensor data updated:","rain":0,"soilMoisture":null,"timestamp":"2025-09-27T04:42:22.483Z","vibration":0,"waterFlow":0,"waterLevel":null}
{"accelerometer":{"x":0,"y":0,"z":0},"floodProbability":null,"landslideProbability":null,"level":"info","message":"Sensor data updated:","rain":0,"soilMoisture":null,"timestamp":"2025-09-27T04:42:24.491Z","vibration":0,"waterFlow":0,"waterLevel":null}
{"accelerometer":{"x":0,"y":0,"z":0},"floodProbability":null,"landslideProbability":null,"level":"info","message":"Sensor data updated:","rain":0,"soilMoisture":null,"timestamp":"2025-09-27T04:42:26.496Z","vibration":0,"waterFlow":0,"waterLevel":null}
{"accelerometer":{"x":0,"y":0,"z":0},"floodProbability":null,"landslideProbability":null,"level":"info","message":"Sensor data updated:","rain":0,"soilMoisture":null,"timestamp":"2025-09-27T04:42:28.504Z","vibration":0,"waterFlow":0,"waterLevel":null}
{"accelerometer":{"x":0,"y":0,"z":0},"floodProbability":null,"landslideProbability":null,"level":"info","message":"Sensor data updated:","rain":0,"soilMoisture":null,"timestamp":"2025-09-27T04:42:30.510Z","vibration":0,"waterFlow":0,"waterLevel":null}
{"level":"info","message":"Client connected:","timestamp":"2025-09-27T04:42:31.356Z"}
{"level":"info","message":"Client connected:","timestamp":"2025-09-27T04:42:31.362Z"}
{"accelerometer":{"x":0,"y":0,"z":0},"floodProbability":null,"landslideProbability":null,"level":"info","message":"Sensor data updated:","rain":0,"soilMoisture":null,"timestamp":"2025-09-27T04:42:32.514Z","vibration":0,"waterFlow":0,"waterLevel":null}
{"accelerometer":{"x":0,"y":0,"z":0},"floodProbability":null,"landslideProbability":null,"level":"info","message":"Sensor data updated:","rain":0,"soilMoisture":null,"timestamp":"2025-09-27T04:42:34.518Z","vibration":0,"waterFlow":0,"waterLevel":null}
{"accelerometer":{"x":0,"y":0,"z":0},"floodProbability":null,"landslideProbability":null,"level":"info","message":"Sensor data updated:","rain":0,"soilMoisture":null,"timestamp":"2025-09-27T04:42:36.527Z","vibration":0,"waterFlow":0,"waterLevel":null}
{"accelerometer":{"x":0,"y":0,"z":0},"floodProbability":null,"landslideProbability":null,"level":"info","message":"Sensor data updated:","rain":0,"soilMoisture":null,"timestamp":"2025-09-27T04:42:38.543Z","vibration":0,"waterFlow":0,"waterLevel":null}
{"accelerometer":{"x":0,"y":0,"z":0},"floodProbability":null,"landslideProbability":null,"level":"info","message":"Sensor data updated:","rain":0,"soilMoisture":null,"timestamp":"2025-09-27T04:42:40.557Z","vibration":0,"waterFlow":0,"waterLevel":null}
{"level":"info","message":"Server running on port 3001","timestamp":"2025-09-27T04:42:58.233Z"}
{"level":"info","message":"Serial port COM7 connected","timestamp":"2025-09-27T04:42:58.240Z"}
{"level":"info","message":"Client connected:","timestamp":"2025-09-27T04:42:59.710Z"}
{"level":"info","message":"Client connected:","timestamp":"2025-09-27T04:43:01.702Z"}
{"level":"info","message":"Client connected:","timestamp":"2025-09-27T04:43:04.107Z"}
{"level":"info","message":"Client connected:","timestamp":"2025-09-27T04:43:04.112Z"}
{"level":"info","message":"Client disconnected:","timestamp":"2025-09-27T04:43:04.352Z"}
{"level":"info","message":"Client disconnected:","timestamp":"2025-09-27T04:43:04.355Z"}
{"level":"info","message":"Client disconnected:","timestamp":"2025-09-27T04:43:19.556Z"}
{"level":"info","message":"Client disconnected:","timestamp":"2025-09-27T04:43:19.558Z"}
{"level":"info","message":"Client connected:","timestamp":"2025-09-27T04:43:22.769Z"}
{"level":"info","message":"Client connected:","timestamp":"2025-09-27T04:43:22.778Z"}
{"level":"info","message":"Client disconnected:","timestamp":"2025-09-27T04:43:22.889Z"}
{"level":"info","message":"Client disconnected:","timestamp":"2025-09-27T04:43:22.895Z"}
{"level":"info","message":"Client connected:","timestamp":"2025-09-27T04:43:23.156Z"}
{"level":"info","message":"Client connected:","timestamp":"2025-09-27T04:43:23.161Z"}
{"level":"info","message":"Client disconnected:","timestamp":"2025-09-27T04:43:27.000Z"}
{"level":"info","message":"Client disconnected:","timestamp":"2025-09-27T04:43:27.010Z"}
{"level":"info","message":"Client connected:","timestamp":"2025-09-27T04:54:42.912Z"}
{"level":"info","message":"Client connected:","timestamp":"2025-09-27T04:54:42.922Z"}
{"level":"info","message":"Client disconnected:","timestamp":"2025-09-27T04:54:45.724Z"}
{"level":"info","message":"Client disconnected:","timestamp":"2025-09-27T04:54:45.727Z"}
{"level":"info","message":"Client connected:","timestamp":"2025-09-27T05:31:12.280Z"}
{"level":"info","message":"Client connected:","timestamp":"2025-09-27T05:31:12.322Z"}
{"level":"info","message":"Client disconnected:","timestamp":"2025-09-27T05:31:12.412Z"}
{"level":"info","message":"Client disconnected:","timestamp":"2025-09-27T05:31:12.414Z"}
{"level":"info","message":"Client connected:","timestamp":"2025-09-27T05:31:12.601Z"}
{"level":"info","message":"Client connected:","timestamp":"2025-09-27T05:31:12.602Z"}
{"level":"info","message":"Server running on port 3001","timestamp":"2025-09-27T05:32:30.022Z"}
{"level":"info","message":"Serial port COM7 connected","timestamp":"2025-09-27T05:32:30.031Z"}
{"level":"error","message":"Serial port error: Opening COM7: File not found","stack":"Error: Opening COM7: File not found","timestamp":"2025-09-27T05:32:30.042Z"}
{"level":"info","message":"Simulator mode activated","timestamp":"2025-09-27T05:32:30.043Z"}
{"accelerometer":{"x":0,"y":0,"z":0},"floodProbability":0,"landslideProbability":0,"level":"info","message":"Sensor data updated:","rain":0,"soilMoisture":null,"timestamp":"2025-09-27T05:32:32.054Z","vibration":0,"waterFlow":0,"waterLevel":null}
{"accelerometer":{"x":0,"y":0,"z":0},"floodProbability":null,"landslideProbability":null,"level":"info","message":"Sensor data updated:","rain":0,"soilMoisture":null,"timestamp":"2025-09-27T05:32:34.074Z","vibration":0,"waterFlow":0,"waterLevel":null}
{"accelerometer":{"x":0,"y":0,"z":0},"floodProbability":null,"landslideProbability":null,"level":"info","message":"Sensor data updated:","rain":0,"soilMoisture":null,"timestamp":"2025-09-27T05:32:36.074Z","vibration":0,"waterFlow":0,"waterLevel":null}
{"level":"info","message":"Client connected:","timestamp":"2025-09-27T05:32:37.577Z"}
{"level":"info","message":"Client connected:","timestamp":"2025-09-27T05:32:37.584Z"}
{"accelerometer":{"x":0,"y":0,"z":0},"floodProbability":null,"landslideProbability":null,"level":"info","message":"Sensor data updated:","rain":0,"soilMoisture":null,"timestamp":"2025-09-27T05:32:38.086Z","vibration":0,"waterFlow":0,"waterLevel":null}
{"accelerometer":{"x":0,"y":0,"z":0},"floodProbability":null,"landslideProbability":null,"level":"info","message":"Sensor data updated:","rain":0,"soilMoisture":null,"timestamp":"2025-09-27T05:32:40.092Z","vibration":0,"waterFlow":0,"waterLevel":null}
{"accelerometer":{"x":0,"y":0,"z":0},"floodProbability":null,"landslideProbability":null,"level":"info","message":"Sensor data updated:","rain":0,"soilMoisture":null,"timestamp":"2025-09-27T05:32:42.093Z","vibration":0,"waterFlow":0,"waterLevel":null}
{"accelerometer":{"x":0,"y":0,"z":0},"floodProbability":null,"landslideProbability":null,"level":"info","message":"Sensor data updated:","rain":0,"soilMoisture":null,"timestamp":"2025-09-27T05:32:44.094Z","vibration":0,"waterFlow":0,"waterLevel":null}
{"accelerometer":{"x":0,"y":0,"z":0},"floodProbability":null,"landslideProbability":null,"level":"info","message":"Sensor data updated:","rain":0,"soilMoisture":null,"timestamp":"2025-09-27T05:32:46.109Z","vibration":0,"waterFlow":0,"waterLevel":null}
{"accelerometer":{"x":0,"y":0,"z":0},"floodProbability":null,"landslideProbability":null,"level":"info","message":"Sensor data updated:","rain":0,"soilMoisture":null,"timestamp":"2025-09-27T05:32:48.122Z","vibration":0,"waterFlow":0,"waterLevel":null}
{"accelerometer":{"x":0,"y":0,"z":0},"floodProbability":null,"landslideProbability":null,"level":"info","message":"Sensor data updated:","rain":0,"soilMoisture":null,"timestamp":"2025-09-27T05:32:50.125Z","vibration":0,"waterFlow":0,"waterLevel":null}
{"accelerometer":{"x":0,"y":0,"z":0},"floodProbability":null,"landslideProbability":null,"level":"info","message":"Sensor data updated:","rain":0,"soilMoisture":null,"timestamp":"2025-09-27T05:32:52.140Z","vibration":0,"waterFlow":0,"waterLevel":null}
{"accelerometer":{"x":0,"y":0,"z":0},"floodProbability":null,"landslideProbability":null,"level":"info","message":"Sensor data updated:","rain":0,"soilMoisture":null,"timestamp":"2025-09-27T05:32:54.141Z","vibration":0,"waterFlow":0,"waterLevel":null}
{"accelerometer":{"x":0,"y":0,"z":0},"floodProbability":null,"landslideProbability":null,"level":"info","message":"Sensor data updated:","rain":0,"soilMoisture":null,"timestamp":"2025-09-27T05:32:56.145Z","vibration":0,"waterFlow":0,"waterLevel":null}
{"accelerometer":{"x":0,"y":0,"z":0},"floodProbability":null,"landslideProbability":null,"level":"info","message":"Sensor data updated:","rain":0,"soilMoisture":null,"timestamp":"2025-09-27T05:32:58.150Z","vibration":0,"waterFlow":0,"waterLevel":null}
{"level":"info","message":"Client disconnected:","timestamp":"2025-09-27T05:32:59.852Z"}
{"level":"info","message":"Client disconnected:","timestamp":"2025-09-27T05:32:59.855Z"}
{"level":"info","message":"Client connected:","timestamp":"2025-09-27T05:32:59.962Z"}
{"level":"info","message":"Client connected:","timestamp":"2025-09-27T05:32:59.968Z"}
{"accelerometer":{"x":0,"y":0,"z":0},"floodProbability":null,"landslideProbability":null,"level":"info","message":"Sensor data updated:","rain":0,"soilMoisture":null,"timestamp":"2025-09-27T05:33:00.158Z","vibration":0,"waterFlow":0,"waterLevel":null}
{"level":"info","message":"Client disconnected:","timestamp":"2025-09-27T05:33:01.170Z"}
{"level":"info","message":"Client disconnected:","timestamp":"2025-09-27T05:33:01.173Z"}
{"accelerometer":{"x":0,"y":0,"z":0},"floodProbability":null,"landslideProbability":null,"level":"info","message":"Sensor data updated:","rain":0,"soilMoisture":null,"timestamp":"2025-09-27T05:33:02.171Z","vibration":0,"waterFlow":0,"waterLevel":null}
{"level":"info","message":"Client connected:","timestamp":"2025-09-27T05:33:03.736Z"}
{"level":"info","message":"Client connected:","timestamp":"2025-09-27T05:33:03.740Z"}
{"accelerometer":{"x":0,"y":0,"z":0},"floodProbability":null,"landslideProbability":null,"level":"info","message":"Sensor data updated:","rain":0,"soilMoisture":null,"timestamp":"2025-09-27T05:33:04.175Z","vibration":0,"waterFlow":0,"waterLevel":null}
{"accelerometer":{"x":0,"y":0,"z":0},"floodProbability":null,"landslideProbability":null,"level":"info","message":"Sensor data updated:","rain":0,"soilMoisture":null,"timestamp":"2025-09-27T05:33:06.191Z","vibration":0,"waterFlow":0,"waterLevel":null}
{"accelerometer":{"x":0,"y":0,"z":0},"floodProbability":null,"landslideProbability":null,"level":"info","message":"Sensor data updated:","rain":0,"soilMoisture":null,"timestamp":"2025-09-27T05:33:08.193Z","vibration":0,"waterFlow":0,"waterLevel":null}
{"level":"info","message":"Client disconnected:","timestamp":"2025-09-27T05:33:08.393Z"}
{"level":"info","message":"Client disconnected:","timestamp":"2025-09-27T05:33:08.397Z"}
{"accelerometer":{"x":0,"y":0,"z":0},"floodProbability":null,"landslideProbability":null,"level":"info","message":"Sensor data updated:","rain":0,"soilMoisture":null,"timestamp":"2025-09-27T05:33:10.198Z","vibration":0,"waterFlow":0,"waterLevel":null}
{"level":"info","message":"Client connected:","timestamp":"2025-09-27T05:33:11.782Z"}
{"level":"info","message":"Client connected:","timestamp":"2025-09-27T05:33:11.786Z"}
{"accelerometer":{"x":0,"y":0,"z":0},"floodProbability":null,"landslideProbability":null,"level":"info","message":"Sensor data updated:","rain":0,"soilMoisture":null,"timestamp":"2025-09-27T05:33:12.205Z","vibration":0,"waterFlow":0,"waterLevel":null}
{"accelerometer":{"x":0,"y":0,"z":0},"floodProbability":null,"landslideProbability":null,"level":"info","message":"Sensor data updated:","rain":0,"soilMoisture":null,"timestamp":"2025-09-27T05:33:14.207Z","vibration":0,"waterFlow":0,"waterLevel":null}
{"level":"info","message":"Client disconnected:","timestamp":"2025-09-27T05:33:15.647Z"}
{"level":"info","message":"Client disconnected:","timestamp":"2025-09-27T05:33:15.649Z"}
{"accelerometer":{"x":0,"y":0,"z":0},"floodProbability":null,"landslideProbability":null,"level":"info","message":"Sensor data updated:","rain":0,"soilMoisture":null,"timestamp":"2025-09-27T05:33:16.231Z","vibration":0,"waterFlow":0,"waterLevel":null}
{"accelerometer":{"x":0,"y":0,"z":0},"floodProbability":null,"landslideProbability":null,"level":"info","message":"Sensor data updated:","rain":0,"soilMoisture":null,"timestamp":"2025-09-27T05:33:18.242Z","vibration":0,"waterFlow":0,"waterLevel":null}
{"accelerometer":{"x":0,"y":0,"z":0},"floodProbability":null,"landslideProbability":null,"level":"info","message":"Sensor data updated:","rain":0,"soilMoisture":null,"timestamp":"2025-09-27T05:33:20.244Z","vibration":0,"waterFlow":0,"waterLevel":null}
{"accelerometer":{"x":0,"y":0,"z":0},"floodProbability":null,"landslideProbability":null,"level":"info","message":"Sensor data updated:","rain":0,"soilMoisture":null,"timestamp":"2025-09-27T05:33:22.245Z","vibration":0,"waterFlow":0,"waterLevel":null}
{"accelerometer":{"x":0,"y":0,"z":0},"floodProbability":null,"landslideProbability":null,"level":"info","message":"Sensor data updated:","rain":0,"soilMoisture":null,"timestamp":"2025-09-27T05:33:24.261Z","vibration":0,"waterFlow":0,"waterLevel":null}
{"level":"info","message":"Server running on port 3001","timestamp":"2025-09-27T05:33:34.005Z"}
{"level":"info","message":"Serial port COM7 connected","timestamp":"2025-09-27T05:33:34.011Z"}
{"level":"info","message":"Client connected:","timestamp":"2025-09-27T05:33:41.854Z"}
{"level":"info","message":"Client connected:","timestamp":"2025-09-27T05:33:41.857Z"}
{"accelerometer":{"x":3.85,"y":-4.24,"z":0},"floodProbability":5,"landslideProbability":20,"level":"info","message":"Sensor data updated:","rain":0,"soilMoisture":50,"timestamp":"2025-09-27T05:34:15.952Z","vibration":0,"waterFlow":0,"waterLevel":10}
{"accelerometer":{"x":3.78,"y":-4.21,"z":0},"floodProbability":5,"landslideProbability":20,"level":"info","message":"Sensor data updated:","rain":0,"soilMoisture":50,"timestamp":"2025-09-27T05:34:16.995Z","vibration":0,"waterFlow":0,"waterLevel":10}
{"accelerometer":{"x":3.88,"y":-4.18,"z":0},"floodProbability":5,"landslideProbability":20,"level":"info","message":"Sensor data updated:","rain":0,"soilMoisture":50,"timestamp":"2025-09-27T05:34:18.039Z","vibration":0,"waterFlow":0,"waterLevel":10}
{"accelerometer":{"x":3.92,"y":-4.25,"z":0},"floodProbability":5,"landslideProbability":20,"level":"info","message":"Sensor data updated:","rain":0,"soilMoisture":50,"timestamp":"2025-09-27T05:34:19.083Z","vibration":0,"waterFlow":0,"waterLevel":10}
{"accelerometer":{"x":3.7,"y":-4.15,"z":0},"floodProbability":5,"landslideProbability":20,"level":"info","message":"Sensor data updated:","rain":0,"soilMoisture":50,"timestamp":"2025-09-27T05:34:20.127Z","vibration":0,"waterFlow":0,"waterLevel":10}
{"accelerometer":{"x":3.86,"y":-4.13,"z":0},"floodProbability":5,"landslideProbability":20,"level":"info","message":"Sensor data updated:","rain":0,"soilMoisture":50,"timestamp":"2025-09-27T05:34:21.171Z","vibration":0,"waterFlow":0,"waterLevel":10}
{"accelerometer":{"x":4.01,"y":-3.97,"z":0},"floodProbability":5,"landslideProbability":20,"level":"info","message":"Sensor data updated:","rain":0,"soilMoisture":50,"timestamp":"2025-09-27T05:34:22.215Z","vibration":0,"waterFlow":0,"waterLevel":10}
{"accelerometer":{"x":3.88,"y":-4.12,"z":0},"floodProbability":5,"landslideProbability":20,"level":"info","message":"Sensor data updated:","rain":0,"soilMoisture":50,"timestamp":"2025-09-27T05:34:23.260Z","vibration":0,"waterFlow":0,"waterLevel":10}
{"accelerometer":{"x":3.9,"y":-3.79,"z":0},"floodProbability":5,"landslideProbability":20,"level":"info","message":"Sensor data updated:","rain":0,"soilMoisture":50,"timestamp":"2025-09-27T05:34:24.303Z","vibration":0,"waterFlow":0,"waterLevel":10}
{"accelerometer":{"x":3.93,"y":-4.01,"z":0},"floodProbability":5,"landslideProbability":20,"level":"info","message":"Sensor data updated:","rain":0,"soilMoisture":50,"timestamp":"2025-09-27T05:34:25.347Z","vibration":0,"waterFlow":0,"waterLevel":10}
{"accelerometer":{"x":3.88,"y":-4.11,"z":0},"floodProbability":5,"landslideProbability":20,"level":"info","message":"Sensor data updated:","rain":0,"soilMoisture":50,"timestamp":"2025-09-27T05:34:26.391Z","vibration":0,"waterFlow":0,"waterLevel":10}
{"accelerometer":{"x":3.93,"y":-4,"z":0},"floodProbability":5,"landslideProbability":20,"level":"info","message":"Sensor data updated:","rain":0,"soilMoisture":50,"timestamp":"2025-09-27T05:34:27.435Z","vibration":0,"waterFlow":0,"waterLevel":10}
{"accelerometer":{"x":3.83,"y":-4.12,"z":0},"floodProbability":5,"landslideProbability":20,"level":"info","message":"Sensor data updated:","rain":0,"soilMoisture":50,"timestamp":"2025-09-27T05:34:28.479Z","vibration":0,"waterFlow":0,"waterLevel":10}
{"accelerometer":{"x":3.97,"y":-4.18,"z":0},"floodProbability":5,"landslideProbability":50,"level":"info","message":"Sensor data updated:","rain":0,"soilMoisture":50,"timestamp":"2025-09-27T05:34:29.523Z","vibration":1,"waterFlow":0,"waterLevel":10}
{"accelerometer":{"x":3.96,"y":-4.08,"z":0},"floodProbability":5,"landslideProbability":20,"level":"info","message":"Sensor data updated:","rain":0,"soilMoisture":50,"timestamp":"2025-09-27T05:34:30.567Z","vibration":0,"waterFlow":0,"waterLevel":10}
{"accelerometer":{"x":3.89,"y":-4.27,"z":0},"floodProbability":5,"landslideProbability":50,"level":"info","message":"Sensor data updated:","rain":0,"soilMoisture":50,"timestamp":"2025-09-27T05:34:31.611Z","vibration":1,"waterFlow":0,"waterLevel":10}
{"accelerometer":{"x":4.31,"y":-4.01,"z":0},"floodProbability":5,"landslideProbability":20,"level":"info","message":"Sensor data updated:","rain":0,"soilMoisture":50,"timestamp":"2025-09-27T05:34:32.655Z","vibration":0,"waterFlow":0,"waterLevel":10}
{"accelerometer":{"x":3.94,"y":-4.09,"z":0},"floodProbability":5,"landslideProbability":20,"level":"info","message":"Sensor data updated:","rain":0,"soilMoisture":50,"timestamp":"2025-09-27T05:34:33.699Z","vibration":0,"waterFlow":0,"waterLevel":10}
{"accelerometer":{"x":3.99,"y":-4.04,"z":0},"floodProbability":5,"landslideProbability":20,"level":"info","message":"Sensor data updated:","rain":0,"soilMoisture":50,"timestamp":"2025-09-27T05:34:34.742Z","vibration":0,"waterFlow":0,"waterLevel":10}
{"accelerometer":{"x":4.07,"y":-4.19,"z":0},"floodProbability":5,"landslideProbability":20,"level":"info","message":"Sensor data updated:","rain":0,"soilMoisture":50,"timestamp":"2025-09-27T05:34:35.786Z","vibration":0,"waterFlow":0,"waterLevel":10}
{"accelerometer":{"x":4.03,"y":-4.23,"z":0},"floodProbability":5,"landslideProbability":20,"level":"info","message":"Sensor data updated:","rain":0,"soilMoisture":50,"timestamp":"2025-09-27T05:34:36.830Z","vibration":0,"waterFlow":0,"waterLevel":10}
{"accelerometer":{"x":5.53,"y":-5.87,"z":0},"floodProbability":5,"landslideProbability":20,"level":"info","message":"Sensor data updated:","rain":0,"soilMoisture":50,"timestamp":"2025-09-27T05:34:37.874Z","vibration":0,"waterFlow":0,"waterLevel":10}
{"accelerometer":{"x":7.49,"y":-6.84,"z":0},"floodProbability":5,"landslideProbability":20,"level":"info","message":"Sensor data updated:","rain":0,"soilMoisture":50,"timestamp":"2025-09-27T05:34:38.918Z","vibration":0,"waterFlow":0,"waterLevel":10}
{"accelerometer":{"x":7.32,"y":-3.11,"z":0},"floodProbability":5,"landslideProbability":20,"level":"info","message":"Sensor data updated:","rain":0,"soilMoisture":50,"timestamp":"2025-09-27T05:34:39.962Z","vibration":0,"waterFlow":0,"waterLevel":10}
{"accelerometer":{"x":4.92,"y":-3.57,"z":0},"floodProbability":5,"landslideProbability":20,"level":"info","message":"Sensor data updated:","rain":0,"soilMoisture":50,"timestamp":"2025-09-27T05:34:41.006Z","vibration":0,"waterFlow":0,"waterLevel":10}
{"accelerometer":{"x":5.71,"y":-7.83,"z":0},"floodProbability":5,"landslideProbability":20,"level":"info","message":"Sensor data updated:","rain":0,"soilMoisture":50,"timestamp":"2025-09-27T05:34:42.050Z","vibration":0,"waterFlow":0,"waterLevel":10}
{"accelerometer":{"x":3.64,"y":-5.39,"z":0},"floodProbability":5,"landslideProbability":20,"level":"info","message":"Sensor data updated:","rain":0,"soilMoisture":50,"timestamp":"2025-09-27T05:34:43.094Z","vibration":0,"waterFlow":0,"waterLevel":10}
{"accelerometer":{"x":4.24,"y":-5.44,"z":0},"floodProbability":5,"landslideProbability":20,"level":"info","message":"Sensor data updated:","rain":0,"soilMoisture":50,"timestamp":"2025-09-27T05:34:44.138Z","vibration":0,"waterFlow":0,"waterLevel":10}
{"accelerometer":{"x":4.24,"y":-5.31,"z":0},"floodProbability":5,"landslideProbability":20,"level":"info","message":"Sensor data updated:","rain":0,"soilMoisture":50,"timestamp":"2025-09-27T05:34:45.182Z","vibration":0,"waterFlow":0,"waterLevel":10}
{"accelerometer":{"x":4.28,"y":-5.26,"z":0},"floodProbability":5,"landslideProbability":20,"level":"info","message":"Sensor data updated:","rain":0,"soilMoisture":50,"timestamp":"2025-09-27T05:34:46.226Z","vibration":0,"waterFlow":0,"waterLevel":10}
{"accelerometer":{"x":4.22,"y":-5.33,"z":0},"floodProbability":5,"landslideProbability":50,"level":"info","message":"Sensor data updated:","rain":0,"soilMoisture":50,"timestamp":"2025-09-27T05:34:47.270Z","vibration":1,"waterFlow":0,"waterLevel":10}
{"accelerometer":{"x":4.24,"y":-5.16,"z":0},"floodProbability":5,"landslideProbability":20,"level":"info","message":"Sensor data updated:","rain":0,"soilMoisture":50,"timestamp":"2025-09-27T05:34:48.314Z","vibration":0,"waterFlow":0,"waterLevel":10}
{"accelerometer":{"x":4.29,"y":-5.2,"z":0},"floodProbability":5,"landslideProbability":20,"level":"info","message":"Sensor data updated:","rain":0,"soilMoisture":50,"timestamp":"2025-09-27T05:34:49.358Z","vibration":0,"waterFlow":0,"waterLevel":10}
{"accelerometer":{"x":4.12,"y":-5.31,"z":0},"floodProbability":5,"landslideProbability":20,"level":"info","message":"Sensor data updated:","rain":0,"soilMoisture":50,"timestamp":"2025-09-27T05:34:50.402Z","vibration":0,"waterFlow":0,"waterLevel":10}
{"accelerometer":{"x":4.31,"y":-5.21,"z":0},"floodProbability":5,"landslideProbability":20,"level":"info","message":"Sensor data updated:","rain":0,"soilMoisture":50,"timestamp":"2025-09-27T05:34:51.446Z","vibration":0,"waterFlow":0,"waterLevel":10}
{"accelerometer":{"x":4.25,"y":-5.18,"z":0},"floodProbability":5,"landslideProbability":50,"level":"info","message":"Sensor data updated:","rain":0,"soilMoisture":50,"timestamp":"2025-09-27T05:34:52.491Z","vibration":1,"waterFlow":0,"waterLevel":10}
{"accelerometer":{"x":4.28,"y":-5.22,"z":0},"floodProbability":5,"landslideProbability":50,"level":"info","message":"Sensor data updated:","rain":0,"soilMoisture":50,"timestamp":"2025-09-27T05:34:53.535Z","vibration":1,"waterFlow":0,"waterLevel":10}
{"accelerometer":{"x":4.31,"y":-5.3,"z":0},"floodProbability":5,"landslideProbability":50,"level":"info","message":"Sensor data updated:","rain":0,"soilMoisture":50,"timestamp":"2025-09-27T05:34:54.579Z","vibration":1,"waterFlow":0,"waterLevel":10}
{"accelerometer":{"x":4.26,"y":-5.11,"z":0},"floodProbability":5,"landslideProbability":20,"level":"info","message":"Sensor data updated:","rain":0,"soilMoisture":50,"timestamp":"2025-09-27T05:34:55.623Z","vibration":0,"waterFlow":0,"waterLevel":10}
{"accelerometer":{"x":3.94,"y":-5.11,"z":0},"floodProbability":5,"landslideProbability":20,"level":"info","message":"Sensor data updated:","rain":0,"soilMoisture":50,"timestamp":"2025-09-27T05:34:56.667Z","vibration":0,"waterFlow":0,"waterLevel":10}
{"accelerometer":{"x":4.06,"y":-5.16,"z":0},"floodProbability":5,"landslideProbability":20,"level":"info","message":"Sensor data updated:","rain":0,"soilMoisture":50,"timestamp":"2025-09-27T05:34:57.711Z","vibration":0,"waterFlow":0,"waterLevel":10}
{"accelerometer":{"x":4.28,"y":-5.36,"z":0},"floodProbability":5,"landslideProbability":20,"level":"info","message":"Sensor data updated:","rain":0,"soilMoisture":50,"timestamp":"2025-09-27T05:34:58.755Z","vibration":0,"waterFlow":0,"waterLevel":0}
{"accelerometer":{"x":4.34,"y":-5.31,"z":0},"floodProbability":0,"landslideProbability":20,"level":"info","message":"Sensor data updated:","rain":0,"soilMoisture":50,"timestamp":"2025-09-27T05:34:59.799Z","vibration":0,"waterFlow":0,"waterLevel":0}
{"accelerometer":{"x":4.16,"y":-4.89,"z":0},"floodProbability":0,"landslideProbability":20,"level":"info","message":"Sensor data updated:","rain":0,"soilMoisture":50,"timestamp":"2025-09-27T05:35:00.843Z","vibration":0,"waterFlow":0,"waterLevel":0}
{"accelerometer":{"x":4.29,"y":-5.1,"z":0},"floodProbability":0,"landslideProbability":20,"level":"info","message":"Sensor data updated:","rain":0,"soilMoisture":50,"timestamp":"2025-09-27T05:35:01.887Z","vibration":0,"waterFlow":0,"waterLevel":0}
{"accelerometer":{"x":4.25,"y":-5.22,"z":0},"floodProbability":0,"landslideProbability":20,"level":"info","message":"Sensor data updated:","rain":0,"soilMoisture":50,"timestamp":"2025-09-27T05:35:02.931Z","vibration":0,"waterFlow":0,"waterLevel":0}
{"accelerometer":{"x":4.29,"y":-5.16,"z":0},"floodProbability":0,"landslideProbability":20,"level":"info","message":"Sensor data updated:","rain":0,"soilMoisture":50,"timestamp":"2025-09-27T05:35:03.975Z","vibration":0,"waterFlow":0,"waterLevel":0}
{"accelerometer":{"x":4.22,"y":-5.07,"z":0},"floodProbability":5,"landslideProbability":20,"level":"info","message":"Sensor data updated:","rain":0,"soilMoisture":50,"timestamp":"2025-09-27T05:35:05.019Z","vibration":0,"waterFlow":0,"waterLevel":10}
{"accelerometer":{"x":4.46,"y":-4.95,"z":0},"floodProbability":5,"landslideProbability":20,"level":"info","message":"Sensor data updated:","rain":0,"soilMoisture":50,"timestamp":"2025-09-27T05:35:06.063Z","vibration":0,"waterFlow":0,"waterLevel":10}
{"accelerometer":{"x":4.24,"y":-5.07,"z":0},"floodProbability":5,"landslideProbability":20,"level":"info","message":"Sensor data updated:","rain":0,"soilMoisture":50,"timestamp":"2025-09-27T05:35:07.107Z","vibration":0,"waterFlow":0,"waterLevel":10}
{"accelerometer":{"x":4.18,"y":-5.08,"z":0},"floodProbability":5,"landslideProbability":20,"level":"info","message":"Sensor data updated:","rain":0,"soilMoisture":50,"timestamp":"2025-09-27T05:35:08.151Z","vibration":0,"waterFlow":0,"waterLevel":0}
{"accelerometer":{"x":4.32,"y":-5.05,"z":0},"floodProbability":0,"landslideProbability":20,"level":"info","message":"Sensor data updated:","rain":0,"soilMoisture":50,"timestamp":"2025-09-27T05:35:09.195Z","vibration":0,"waterFlow":0,"waterLevel":0}
{"accelerometer":{"x":4.2,"y":-5.29,"z":0},"floodProbability":0,"landslideProbability":20,"level":"info","message":"Sensor data updated:","rain":0,"soilMoisture":50,"timestamp":"2025-09-27T05:35:10.239Z","vibration":0,"waterFlow":0,"waterLevel":0}
{"accelerometer":{"x":4.33,"y":-4.99,"z":0},"floodProbability":5,"landslideProbability":100,"level":"info","message":"Sensor data updated:","rain":0,"soilMoisture":320,"timestamp":"2025-09-27T05:35:11.535Z","vibration":0,"waterFlow":0,"waterLevel":10}
{"accelerometer":{"x":4.24,"y":-5.01,"z":0},"floodProbability":5,"landslideProbability":20,"level":"info","message":"Sensor data updated:","rain":0,"soilMoisture":50,"timestamp":"2025-09-27T05:35:12.579Z","vibration":0,"waterFlow":0,"waterLevel":10}
{"accelerometer":{"x":4.24,"y":-5.12,"z":0},"floodProbability":5,"landslideProbability":16,"level":"info","message":"Sensor data updated:","rain":0,"soilMoisture":40,"timestamp":"2025-09-27T05:35:13.623Z","vibration":0,"waterFlow":0,"waterLevel":10}
{"accelerometer":{"x":4.24,"y":-5.05,"z":0},"floodProbability":5,"landslideProbability":16,"level":"info","message":"Sensor data updated:","rain":0,"soilMoisture":40,"timestamp":"2025-09-27T05:35:14.667Z","vibration":0,"waterFlow":0,"waterLevel":10}
{"accelerometer":{"x":4.23,"y":-5.03,"z":0},"floodProbability":5,"landslideProbability":20,"level":"info","message":"Sensor data updated:","rain":0,"soilMoisture":50,"timestamp":"2025-09-27T05:35:15.711Z","vibration":0,"waterFlow":0,"waterLevel":0}
{"accelerometer":{"x":4.3,"y":-5.14,"z":0},"floodProbability":0,"landslideProbability":20,"level":"info","message":"Sensor data updated:","rain":0,"soilMoisture":50,"timestamp":"2025-09-27T05:35:16.755Z","vibration":0,"waterFlow":0,"waterLevel":0}
{"accelerometer":{"x":4.5,"y":-5.23,"z":0},"floodProbability":0,"landslideProbability":20,"level":"info","message":"Sensor data updated:","rain":0,"soilMoisture":50,"timestamp":"2025-09-27T05:35:17.799Z","vibration":0,"waterFlow":0,"waterLevel":0}
{"accelerometer":{"x":4.26,"y":-5.32,"z":0},"floodProbability":0,"landslideProbability":16,"level":"info","message":"Sensor data updated:","rain":0,"soilMoisture":40,"timestamp":"2025-09-27T05:35:18.843Z","vibration":0,"waterFlow":0,"waterLevel":0}
{"accelerometer":{"x":4.3,"y":-5.08,"z":0},"floodProbability":0,"landslideProbability":20,"level":"info","message":"Sensor data updated:","rain":0,"soilMoisture":50,"timestamp":"2025-09-27T05:35:19.887Z","vibration":0,"waterFlow":0,"waterLevel":0}
{"accelerometer":{"x":4.28,"y":-4.38,"z":0},"floodProbability":0,"landslideProbability":20,"level":"info","message":"Sensor data updated:","rain":0,"soilMoisture":50,"timestamp":"2025-09-27T05:35:20.931Z","vibration":0,"waterFlow":0,"waterLevel":0}
{"accelerometer":{"x":4.29,"y":-5.14,"z":0},"floodProbability":5,"landslideProbability":16,"level":"info","message":"Sensor data updated:","rain":0,"soilMoisture":40,"timestamp":"2025-09-27T05:35:21.975Z","vibration":0,"waterFlow":0,"waterLevel":10}
{"accelerometer":{"x":4.33,"y":-5.18,"z":0},"floodProbability":5,"landslideProbability":16,"level":"info","message":"Sensor data updated:","rain":0,"soilMoisture":40,"timestamp":"2025-09-27T05:35:23.019Z","vibration":0,"waterFlow":0,"waterLevel":0}
{"accelerometer":{"x":4.22,"y":-5.15,"z":0},"floodProbability":0,"landslideProbability":20,"level":"info","message":"Sensor data updated:","rain":0,"soilMoisture":50,"timestamp":"2025-09-27T05:35:24.063Z","vibration":0,"waterFlow":0,"waterLevel":0}
{"accelerometer":{"x":4.39,"y":-5.15,"z":0},"floodProbability":0,"landslideProbability":20,"level":"info","message":"Sensor data updated:","rain":0,"soilMoisture":50,"timestamp":"2025-09-27T05:35:25.107Z","vibration":0,"waterFlow":0,"waterLevel":0}
{"accelerometer":{"x":4.31,"y":-5.09,"z":0},"floodProbability":0,"landslideProbability":20,"level":"info","message":"Sensor data updated:","rain":0,"soilMoisture":50,"timestamp":"2025-09-27T05:35:26.151Z","vibration":0,"waterFlow":0,"waterLevel":0}
{"accelerometer":{"x":4.47,"y":-6.05,"z":0},"floodProbability":0,"landslideProbability":16,"level":"info","message":"Sensor data updated:","rain":0,"soilMoisture":40,"timestamp":"2025-09-27T05:35:27.195Z","vibration":0,"waterFlow":0,"waterLevel":0}
{"accelerometer":{"x":4.23,"y":-4.97,"z":0},"floodProbability":5,"landslideProbability":20,"level":"info","message":"Sensor data updated:","rain":0,"soilMoisture":50,"timestamp":"2025-09-27T05:35:28.239Z","vibration":0,"waterFlow":0,"waterLevel":10}
{"accelerometer":{"x":4.2,"y":-5.2,"z":0},"floodProbability":5,"landslideProbability":28,"level":"info","message":"Sensor data updated:","rain":0,"soilMoisture":70,"timestamp":"2025-09-27T05:35:29.283Z","vibration":0,"waterFlow":0,"waterLevel":10}
{"accelerometer":{"x":4.19,"y":-4.91,"z":0},"floodProbability":5,"landslideProbability":20,"level":"info","message":"Sensor data updated:","rain":0,"soilMoisture":50,"timestamp":"2025-09-27T05:35:30.327Z","vibration":0,"waterFlow":0,"waterLevel":0}
{"accelerometer":{"x":3.91,"y":-5.04,"z":0},"floodProbability":0,"landslideProbability":20,"level":"info","message":"Sensor data updated:","rain":0,"soilMoisture":50,"timestamp":"2025-09-27T05:35:31.371Z","vibration":0,"waterFlow":0,"waterLevel":0}
{"accelerometer":{"x":4.22,"y":-4.97,"z":0},"floodProbability":0,"landslideProbability":20,"level":"info","message":"Sensor data updated:","rain":0,"soilMoisture":50,"timestamp":"2025-09-27T05:35:32.415Z","vibration":0,"waterFlow":0,"waterLevel":0}
{"accelerometer":{"x":4.28,"y":-5.02,"z":0},"floodProbability":0,"landslideProbability":16,"level":"info","message":"Sensor data updated:","rain":0,"soilMoisture":40,"timestamp":"2025-09-27T05:35:33.459Z","vibration":0,"waterFlow":0,"waterLevel":0}
{"accelerometer":{"x":4.3,"y":-4.96,"z":0},"floodProbability":20,"landslideProbability":16,"level":"info","message":"Sensor data updated:","rain":0,"soilMoisture":40,"timestamp":"2025-09-27T05:35:34.503Z","vibration":0,"waterFlow":1,"waterLevel":0}
{"accelerometer":{"x":4.24,"y":-5.09,"z":0},"floodProbability":20,"landslideProbability":20,"level":"info","message":"Sensor data updated:","rain":0,"soilMoisture":50,"timestamp":"2025-09-27T05:35:35.551Z","vibration":0,"waterFlow":1,"waterLevel":0}
{"accelerometer":{"x":4.3,"y":-4.96,"z":0},"floodProbability":20,"landslideProbability":20,"level":"info","message":"Sensor data updated:","rain":0,"soilMoisture":50,"timestamp":"2025-09-27T05:35:36.595Z","vibration":0,"waterFlow":1,"waterLevel":0}
{"accelerometer":{"x":4.32,"y":-5.05,"z":0},"floodProbability":20,"landslideProbability":20,"level":"info","message":"Sensor data updated:","rain":0,"soilMoisture":50,"timestamp":"2025-09-27T05:35:37.639Z","vibration":0,"waterFlow":1,"waterLevel":0}
{"accelerometer":{"x":4.24,"y":-4.98,"z":0},"floodProbability":20,"landslideProbability":20,"level":"info","message":"Sensor data updated:","rain":0,"soilMoisture":50,"timestamp":"2025-09-27T05:35:38.683Z","vibration":0,"waterFlow":1,"waterLevel":0}
{"accelerometer":{"x":4.36,"y":-4.96,"z":0},"floodProbability":0,"landslideProbability":20,"level":"info","message":"Sensor data updated:","rain":0,"soilMoisture":50,"timestamp":"2025-09-27T05:35:39.727Z","vibration":0,"waterFlow":0,"waterLevel":0}
{"accelerometer":{"x":4.27,"y":-5,"z":0},"floodProbability":0,"landslideProbability":16,"level":"info","message":"Sensor data updated:","rain":0,"soilMoisture":40,"timestamp":"2025-09-27T05:35:40.771Z","vibration":0,"waterFlow":0,"waterLevel":0}
{"accelerometer":{"x":4.31,"y":-5.07,"z":0},"floodProbability":0,"landslideProbability":20,"level":"info","message":"Sensor data updated:","rain":0,"soilMoisture":50,"timestamp":"2025-09-27T05:35:41.815Z","vibration":0,"waterFlow":0,"waterLevel":0}
{"accelerometer":{"x":4.38,"y":-5.19,"z":0},"floodProbability":0,"landslideProbability":50,"level":"info","message":"Sensor data updated:","rain":0,"soilMoisture":50,"timestamp":"2025-09-27T05:35:42.859Z","vibration":1,"waterFlow":0,"waterLevel":0}
{"accelerometer":{"x":4.24,"y":-5.06,"z":0},"floodProbability":0,"landslideProbability":50,"level":"info","message":"Sensor data updated:","rain":0,"soilMoisture":50,"timestamp":"2025-09-27T05:35:44.155Z","vibration":1,"waterFlow":0,"waterLevel":0}
{"accelerometer":{"x":4.27,"y":-5.08,"z":0},"floodProbability":5,"landslideProbability":28,"level":"info","message":"Sensor data updated:","rain":0,"soilMoisture":70,"timestamp":"2025-09-27T05:35:45.199Z","vibration":0,"waterFlow":0,"waterLevel":10}
{"accelerometer":{"x":4.31,"y":-4.99,"z":0},"floodProbability":5,"landslideProbability":20,"level":"info","message":"Sensor data updated:","rain":0,"soilMoisture":50,"timestamp":"2025-09-27T05:35:46.243Z","vibration":0,"waterFlow":0,"waterLevel":0}
{"accelerometer":{"x":4.21,"y":-5.08,"z":0},"floodProbability":0,"landslideProbability":20,"level":"info","message":"Sensor data updated:","rain":0,"soilMoisture":50,"timestamp":"2025-09-27T05:35:47.287Z","vibration":0,"waterFlow":0,"waterLevel":0}
{"accelerometer":{"x":4.27,"y":-5.09,"z":0},"floodProbability":0,"landslideProbability":20,"level":"info","message":"Sensor data updated:","rain":0,"soilMoisture":50,"timestamp":"2025-09-27T05:35:48.331Z","vibration":0,"waterFlow":0,"waterLevel":0}
{"accelerometer":{"x":4.1,"y":-4.98,"z":0},"floodProbability":0,"landslideProbability":20,"level":"info","message":"Sensor data updated:","rain":0,"soilMoisture":50,"timestamp":"2025-09-27T05:35:49.375Z","vibration":0,"waterFlow":0,"waterLevel":0}
{"accelerometer":{"x":4.15,"y":-5.15,"z":0},"floodProbability":0,"landslideProbability":20,"level":"info","message":"Sensor data updated:","rain":0,"soilMoisture":50,"timestamp":"2025-09-27T05:35:50.419Z","vibration":0,"waterFlow":0,"waterLevel":0}
{"accelerometer":{"x":4.18,"y":-5.08,"z":0},"floodProbability":0,"landslideProbability":20,"level":"info","message":"Sensor data updated:","rain":0,"soilMoisture":50,"timestamp":"2025-09-27T05:35:51.463Z","vibration":0,"waterFlow":0,"waterLevel":0}
{"accelerometer":{"x":4.19,"y":-5.02,"z":0},"floodProbability":0,"landslideProbability":20,"level":"info","message":"Sensor data updated:","rain":0,"soilMoisture":50,"timestamp":"2025-09-27T05:35:52.507Z","vibration":0,"waterFlow":0,"waterLevel":0}
{"accelerometer":{"x":4.26,"y":-5.07,"z":0},"floodProbability":0,"landslideProbability":20,"level":"info","message":"Sensor data updated:","rain":0,"soilMoisture":50,"timestamp":"2025-09-27T05:35:53.551Z","vibration":0,"waterFlow":0,"waterLevel":0}
{"accelerometer":{"x":4.29,"y":-4.88,"z":0},"floodProbability":0,"landslideProbability":20,"level":"info","message":"Sensor data updated:","rain":0,"soilMoisture":50,"timestamp":"2025-09-27T05:35:54.595Z","vibration":0,"waterFlow":0,"waterLevel":0}
{"accelerometer":{"x":4.2,"y":-5.04,"z":0},"floodProbability":0,"landslideProbability":20,"level":"info","message":"Sensor data updated:","rain":0,"soilMoisture":50,"timestamp":"2025-09-27T05:35:55.640Z","vibration":0,"waterFlow":0,"waterLevel":0}
{"accelerometer":{"x":4.15,"y":-5.01,"z":0},"floodProbability":0,"landslideProbability":20,"level":"info","message":"Sensor data updated:","rain":0,"soilMoisture":50,"timestamp":"2025-09-27T05:35:56.683Z","vibration":0,"waterFlow":0,"waterLevel":0}
{"accelerometer":{"x":4.11,"y":-5.01,"z":0},"floodProbability":0,"landslideProbability":20,"level":"info","message":"Sensor data updated:","rain":0,"soilMoisture":50,"timestamp":"2025-09-27T05:35:57.728Z","vibration":0,"waterFlow":0,"waterLevel":0}
{"accelerometer":{"x":4.02,"y":-4.96,"z":0},"floodProbability":0,"landslideProbability":20,"level":"info","message":"Sensor data updated:","rain":0,"soilMoisture":50,"timestamp":"2025-09-27T05:35:58.772Z","vibration":0,"waterFlow":0,"waterLevel":0}
{"accelerometer":{"x":4.18,"y":-5.06,"z":0},"floodProbability":0,"landslideProbability":20,"level":"info","message":"Sensor data updated:","rain":0,"soilMoisture":50,"timestamp":"2025-09-27T05:35:59.816Z","vibration":0,"waterFlow":0,"waterLevel":0}
{"accelerometer":{"x":4.25,"y":-4.92,"z":0},"floodProbability":0,"landslideProbability":20,"level":"info","message":"Sensor data updated:","rain":0,"soilMoisture":50,"timestamp":"2025-09-27T05:36:00.860Z","vibration":0,"waterFlow":0,"waterLevel":0}
{"accelerometer":{"x":4.35,"y":-5.04,"z":0},"floodProbability":0,"landslideProbability":20,"level":"info","message":"Sensor data updated:","rain":0,"soilMoisture":50,"timestamp":"2025-09-27T05:36:01.904Z","vibration":0,"waterFlow":0,"waterLevel":0}
{"accelerometer":{"x":4.25,"y":-4.98,"z":0},"floodProbability":0,"landslideProbability":20,"level":"info","message":"Sensor data updated:","rain":0,"soilMoisture":50,"timestamp":"2025-09-27T05:36:02.948Z","vibration":0,"waterFlow":0,"waterLevel":0}
{"accelerometer":{"x":4.16,"y":-5.16,"z":0},"floodProbability":0,"landslideProbability":20,"level":"info","message":"Sensor data updated:","rain":0,"soilMoisture":50,"timestamp":"2025-09-27T05:36:03.992Z","vibration":0,"waterFlow":0,"waterLevel":0}
{"accelerometer":{"x":4.16,"y":-5.04,"z":0},"floodProbability":0,"landslideProbability":20,"level":"info","message":"Sensor data updated:","rain":0,"soilMoisture":50,"timestamp":"2025-09-27T05:36:05.036Z","vibration":0,"waterFlow":0,"waterLevel":0}
{"accelerometer":{"x":4.08,"y":-5.08,"z":0},"floodProbability":0,"landslideProbability":20,"level":"info","message":"Sensor data updated:","rain":0,"soilMoisture":50,"timestamp":"2025-09-27T05:36:06.080Z","vibration":0,"waterFlow":0,"waterLevel":0}
{"accelerometer":{"x":4.13,"y":-5.29,"z":0},"floodProbability":0,"landslideProbability":20,"level":"info","message":"Sensor data updated:","rain":0,"soilMoisture":50,"timestamp":"2025-09-27T05:36:07.124Z","vibration":0,"waterFlow":0,"waterLevel":0}
{"accelerometer":{"x":4.07,"y":-5.08,"z":0},"floodProbability":0,"landslideProbability":20,"level":"info","message":"Sensor data updated:","rain":0,"soilMoisture":50,"timestamp":"2025-09-27T05:36:08.168Z","vibration":0,"waterFlow":0,"waterLevel":0}
{"accelerometer":{"x":4.17,"y":-5.08,"z":0},"floodProbability":0,"landslideProbability":20,"level":"info","message":"Sensor data updated:","rain":0,"soilMoisture":50,"timestamp":"2025-09-27T05:36:09.212Z","vibration":0,"waterFlow":0,"waterLevel":0}
{"accelerometer":{"x":4.18,"y":-5.06,"z":0},"floodProbability":0,"landslideProbability":20,"level":"info","message":"Sensor data updated:","rain":0,"soilMoisture":50,"timestamp":"2025-09-27T05:36:10.256Z","vibration":0,"waterFlow":0,"waterLevel":0}
{"accelerometer":{"x":4.35,"y":-5.11,"z":0},"floodProbability":5,"landslideProbability":20,"level":"info","message":"Sensor data updated:","rain":0,"soilMoisture":50,"timestamp":"2025-09-27T05:36:11.301Z","vibration":0,"waterFlow":0,"waterLevel":10}
{"accelerometer":{"x":4.19,"y":-4.99,"z":0},"floodProbability":5,"landslideProbability":20,"level":"info","message":"Sensor data updated:","rain":0,"soilMoisture":50,"timestamp":"2025-09-27T05:36:12.344Z","vibration":0,"waterFlow":0,"waterLevel":10}
{"accelerometer":{"x":4.29,"y":-5.08,"z":0},"floodProbability":5,"landslideProbability":20,"level":"info","message":"Sensor data updated:","rain":0,"soilMoisture":50,"timestamp":"2025-09-27T05:36:13.388Z","vibration":0,"waterFlow":0,"waterLevel":10}
{"accelerometer":{"x":4.32,"y":-5.05,"z":0},"floodProbability":5,"landslideProbability":20,"level":"info","message":"Sensor data updated:","rain":0,"soilMoisture":50,"timestamp":"2025-09-27T05:36:14.432Z","vibration":0,"waterFlow":0,"waterLevel":10}
{"accelerometer":{"x":4.13,"y":-5.14,"z":0},"floodProbability":5,"landslideProbability":20,"level":"info","message":"Sensor data updated:","rain":0,"soilMoisture":50,"timestamp":"2025-09-27T05:36:15.476Z","vibration":0,"waterFlow":0,"waterLevel":10}
{"accelerometer":{"x":4.15,"y":-5.05,"z":0},"floodProbability":5,"landslideProbability":20,"level":"info","message":"Sensor data updated:","rain":0,"soilMoisture":50,"timestamp":"2025-09-27T05:36:16.520Z","vibration":0,"waterFlow":0,"waterLevel":10}
{"accelerometer":{"x":4.16,"y":-5.13,"z":0},"floodProbability":5,"landslideProbability":20,"level":"info","message":"Sensor data updated:","rain":0,"soilMoisture":50,"timestamp":"2025-09-27T05:36:17.564Z","vibration":0,"waterFlow":0,"waterLevel":10}
{"accelerometer":{"x":4.19,"y":-5.05,"z":0},"floodProbability":5,"landslideProbability":20,"level":"info","message":"Sensor data updated:","rain":0,"soilMoisture":50,"timestamp":"2025-09-27T05:36:18.608Z","vibration":0,"waterFlow":0,"waterLevel":10}
{"accelerometer":{"x":4.24,"y":-5.1,"z":0},"floodProbability":5,"landslideProbability":20,"level":"info","message":"Sensor data updated:","rain":0,"soilMoisture":50,"timestamp":"2025-09-27T05:36:19.652Z","vibration":0,"waterFlow":0,"waterLevel":10}
{"accelerometer":{"x":4.24,"y":-5.07,"z":0},"floodProbability":5,"landslideProbability":20,"level":"info","message":"Sensor data updated:","rain":0,"soilMoisture":50,"timestamp":"2025-09-27T05:36:20.696Z","vibration":0,"waterFlow":0,"waterLevel":10}
{"accelerometer":{"x":4.17,"y":-5.08,"z":0},"floodProbability":5,"landslideProbability":20,"level":"info","message":"Sensor data updated:","rain":0,"soilMoisture":50,"timestamp":"2025-09-27T05:36:21.740Z","vibration":0,"waterFlow":0,"waterLevel":10}
{"accelerometer":{"x":4.2,"y":-5.04,"z":0},"floodProbability":5,"landslideProbability":20,"level":"info","message":"Sensor data updated:","rain":0,"soilMoisture":50,"timestamp":"2025-09-27T05:36:22.784Z","vibration":0,"waterFlow":0,"waterLevel":10}
{"accelerometer":{"x":4.01,"y":-5.1,"z":0},"floodProbability":5,"landslideProbability":20,"level":"info","message":"Sensor data updated:","rain":0,"soilMoisture":50,"timestamp":"2025-09-27T05:36:23.828Z","vibration":0,"waterFlow":0,"waterLevel":10}
{"accelerometer":{"x":4.26,"y":-5.09,"z":0},"floodProbability":5,"landslideProbability":20,"level":"info","message":"Sensor data updated:","rain":0,"soilMoisture":50,"timestamp":"2025-09-27T05:36:24.872Z","vibration":0,"waterFlow":0,"waterLevel":0}
{"accelerometer":{"x":4.32,"y":-5.04,"z":0},"floodProbability":0,"landslideProbability":20,"level":"info","message":"Sensor data updated:","rain":0,"soilMoisture":50,"timestamp":"2025-09-27T05:36:25.916Z","vibration":0,"waterFlow":0,"waterLevel":0}
{"accelerometer":{"x":4.29,"y":-5.03,"z":0},"floodProbability":0,"landslideProbability":20,"level":"info","message":"Sensor data updated:","rain":0,"soilMoisture":50,"timestamp":"2025-09-27T05:36:26.960Z","vibration":0,"waterFlow":0,"waterLevel":0}
{"accelerometer":{"x":4.15,"y":-5.12,"z":0},"floodProbability":5,"landslideProbability":20,"level":"info","message":"Sensor data updated:","rain":0,"soilMoisture":50,"timestamp":"2025-09-27T05:36:28.004Z","vibration":0,"waterFlow":0,"waterLevel":10}
{"accelerometer":{"x":4.21,"y":-4.97,"z":0},"floodProbability":5,"landslideProbability":20,"level":"info","message":"Sensor data updated:","rain":0,"soilMoisture":50,"timestamp":"2025-09-27T05:36:29.049Z","vibration":0,"waterFlow":0,"waterLevel":10}
{"accelerometer":{"x":4.21,"y":-5.01,"z":0},"floodProbability":5,"landslideProbability":20,"level":"info","message":"Sensor data updated:","rain":0,"soilMoisture":50,"timestamp":"2025-09-27T05:36:30.092Z","vibration":0,"waterFlow":0,"waterLevel":10}
{"accelerometer":{"x":4.18,"y":-5.06,"z":0},"floodProbability":5,"landslideProbability":20,"level":"info","message":"Sensor data updated:","rain":0,"soilMoisture":50,"timestamp":"2025-09-27T05:36:31.136Z","vibration":0,"waterFlow":0,"waterLevel":10}
{"accelerometer":{"x":4.52,"y":-5.4,"z":0},"floodProbability":5,"landslideProbability":20,"level":"info","message":"Sensor data updated:","rain":0,"soilMoisture":50,"timestamp":"2025-09-27T05:36:32.180Z","vibration":0,"waterFlow":0,"waterLevel":10}
{"accelerometer":{"x":4.28,"y":-5.11,"z":0},"floodProbability":5,"landslideProbability":20,"level":"info","message":"Sensor data updated:","rain":0,"soilMoisture":50,"timestamp":"2025-09-27T05:36:33.224Z","vibration":0,"waterFlow":0,"waterLevel":10}
{"accelerometer":{"x":4.23,"y":-5.07,"z":0},"floodProbability":5,"landslideProbability":20,"level":"info","message":"Sensor data updated:","rain":0,"soilMoisture":50,"timestamp":"2025-09-27T05:36:34.268Z","vibration":0,"waterFlow":0,"waterLevel":10}
{"accelerometer":{"x":4.23,"y":-5.08,"z":0},"floodProbability":5,"landslideProbability":100,"level":"info","message":"Sensor data updated:","rain":0,"soilMoisture":710,"timestamp":"2025-09-27T05:36:35.553Z","vibration":0,"waterFlow":0,"waterLevel":10}
{"accelerometer":{"x":4.2,"y":-5.11,"z":0},"floodProbability":5,"landslideProbability":20,"level":"info","message":"Sensor data updated:","rain":0,"soilMoisture":50,"timestamp":"2025-09-27T05:36:36.597Z","vibration":0,"waterFlow":0,"waterLevel":10}
{"accelerometer":{"x":4.32,"y":-5.03,"z":0},"floodProbability":5,"landslideProbability":20,"level":"info","message":"Sensor data updated:","rain":0,"soilMoisture":50,"timestamp":"2025-09-27T05:36:37.641Z","vibration":0,"waterFlow":0,"waterLevel":10}
{"accelerometer":{"x":4.28,"y":-5.22,"z":0},"floodProbability":5,"landslideProbability":20,"level":"info","message":"Sensor data updated:","rain":0,"soilMoisture":50,"timestamp":"2025-09-27T05:36:38.685Z","vibration":0,"waterFlow":0,"waterLevel":10}
{"accelerometer":{"x":4.27,"y":-4.99,"z":0},"floodProbability":5,"landslideProbability":20,"level":"info","message":"Sensor data updated:","rain":0,"soilMoisture":50,"timestamp":"2025-09-27T05:36:39.729Z","vibration":0,"waterFlow":0,"waterLevel":10}
{"accelerometer":{"x":4.3,"y":-5.02,"z":0},"floodProbability":5,"landslideProbability":20,"level":"info","message":"Sensor data updated:","rain":0,"soilMoisture":50,"timestamp":"2025-09-27T05:36:40.773Z","vibration":0,"waterFlow":0,"waterLevel":10}
{"accelerometer":{"x":4.27,"y":-4.96,"z":0},"floodProbability":5,"landslideProbability":20,"level":"info","message":"Sensor data updated:","rain":0,"soilMoisture":50,"timestamp":"2025-09-27T05:36:41.817Z","vibration":0,"waterFlow":0,"waterLevel":10}
{"accelerometer":{"x":4.28,"y":-5.08,"z":0},"floodProbability":5,"landslideProbability":20,"level":"info","message":"Sensor data updated:","rain":0,"soilMoisture":50,"timestamp":"2025-09-27T05:36:42.861Z","vibration":0,"waterFlow":0,"waterLevel":10}
{"accelerometer":{"x":4.25,"y":-5.04,"z":0},"floodProbability":5,"landslideProbability":20,"level":"info","message":"Sensor data updated:","rain":0,"soilMoisture":50,"timestamp":"2025-09-27T05:36:43.905Z","vibration":0,"waterFlow":0,"waterLevel":10}
{"accelerometer":{"x":4.26,"y":-5.01,"z":0},"floodProbability":5,"landslideProbability":20,"level":"info","message":"Sensor data updated:","rain":0,"soilMoisture":50,"timestamp":"2025-09-27T05:36:44.949Z","vibration":0,"waterFlow":0,"waterLevel":10}
{"accelerometer":{"x":4.03,"y":-5.33,"z":0},"floodProbability":5,"landslideProbability":100,"level":"info","message":"Sensor data updated:","rain":0,"soilMoisture":340,"timestamp":"2025-09-27T05:36:46.245Z","vibration":0,"waterFlow":0,"waterLevel":10}
{"accelerometer":{"x":4.13,"y":-5.24,"z":0},"floodProbability":5,"landslideProbability":20,"level":"info","message":"Sensor data updated:","rain":0,"soilMoisture":50,"timestamp":"2025-09-27T05:36:47.289Z","vibration":0,"waterFlow":0,"waterLevel":10}
{"accelerometer":{"x":4.2,"y":-5.12,"z":0},"floodProbability":5,"landslideProbability":20,"level":"info","message":"Sensor data updated:","rain":0,"soilMoisture":50,"timestamp":"2025-09-27T05:36:48.333Z","vibration":0,"waterFlow":0,"waterLevel":10}
{"accelerometer":{"x":4.27,"y":-5.15,"z":0},"floodProbability":5,"landslideProbability":20,"level":"info","message":"Sensor data updated:","rain":0,"soilMoisture":50,"timestamp":"2025-09-27T05:36:49.377Z","vibration":0,"waterFlow":0,"waterLevel":10}
{"accelerometer":{"x":4.19,"y":-5.17,"z":0},"floodProbability":5,"landslideProbability":20,"level":"info","message":"Sensor data updated:","rain":0,"soilMoisture":50,"timestamp":"2025-09-27T05:36:50.422Z","vibration":0,"waterFlow":0,"waterLevel":10}
{"accelerometer":{"x":4.2,"y":-5.17,"z":0},"floodProbability":5,"landslideProbability":20,"level":"info","message":"Sensor data updated:","rain":0,"soilMoisture":50,"timestamp":"2025-09-27T05:36:51.465Z","vibration":0,"waterFlow":0,"waterLevel":10}
{"accelerometer":{"x":4.25,"y":-5.27,"z":0},"floodProbability":5,"landslideProbability":20,"level":"info","message":"Sensor data updated:","rain":0,"soilMoisture":50,"timestamp":"2025-09-27T05:36:52.509Z","vibration":0,"waterFlow":0,"waterLevel":10}
{"accelerometer":{"x":4.23,"y":-5.13,"z":0},"floodProbability":5,"landslideProbability":20,"level":"info","message":"Sensor data updated:","rain":0,"soilMoisture":50,"timestamp":"2025-09-27T05:36:53.553Z","vibration":0,"waterFlow":0,"waterLevel":10}
{"accelerometer":{"x":4.22,"y":-5.23,"z":0},"floodProbability":5,"landslideProbability":20,"level":"info","message":"Sensor data updated:","rain":0,"soilMoisture":50,"timestamp":"2025-09-27T05:36:54.598Z","vibration":0,"waterFlow":0,"waterLevel":10}
{"accelerometer":{"x":4.22,"y":-5,"z":0},"floodProbability":5,"landslideProbability":20,"level":"info","message":"Sensor data updated:","rain":0,"soilMoisture":50,"timestamp":"2025-09-27T05:36:55.641Z","vibration":0,"waterFlow":0,"waterLevel":10}
{"accelerometer":{"x":4.29,"y":-5.16,"z":0},"floodProbability":5,"landslideProbability":20,"level":"info","message":"Sensor data updated:","rain":0,"soilMoisture":50,"timestamp":"2025-09-27T05:36:56.685Z","vibration":0,"waterFlow":0,"waterLevel":10}
{"accelerometer":{"x":4.18,"y":-5.23,"z":0},"floodProbability":5,"landslideProbability":16,"level":"info","message":"Sensor data updated:","rain":0,"soilMoisture":40,"timestamp":"2025-09-27T05:36:57.729Z","vibration":0,"waterFlow":0,"waterLevel":10}
{"accelerometer":{"x":4.32,"y":-5.34,"z":0},"floodProbability":5,"landslideProbability":20,"level":"info","message":"Sensor data updated:","rain":0,"soilMoisture":50,"timestamp":"2025-09-27T05:36:58.773Z","vibration":0,"waterFlow":0,"waterLevel":10}
{"accelerometer":{"x":4.41,"y":-5.28,"z":0},"floodProbability":5,"landslideProbability":20,"level":"info","message":"Sensor data updated:","rain":0,"soilMoisture":50,"timestamp":"2025-09-27T05:36:59.817Z","vibration":0,"waterFlow":0,"waterLevel":10}
{"accelerometer":{"x":3.82,"y":-5.1,"z":0},"floodProbability":5,"landslideProbability":20,"level":"info","message":"Sensor data updated:","rain":0,"soilMoisture":50,"timestamp":"2025-09-27T05:37:00.861Z","vibration":0,"waterFlow":0,"waterLevel":0}
{"accelerometer":{"x":4.63,"y":-5.13,"z":0},"floodProbability":5,"landslideProbability":68,"level":"info","message":"Sensor data updated:","rain":0,"soilMoisture":170,"timestamp":"2025-09-27T05:37:01.907Z","vibration":0,"waterFlow":0,"waterLevel":10}
{"accelerometer":{"x":4.47,"y":-5.06,"z":0},"floodProbability":5,"landslideProbability":20,"level":"info","message":"Sensor data updated:","rain":0,"soilMoisture":50,"timestamp":"2025-09-27T05:37:02.951Z","vibration":0,"waterFlow":0,"waterLevel":10}
{"accelerometer":{"x":4.7,"y":-5.07,"z":0},"floodProbability":5,"landslideProbability":20,"level":"info","message":"Sensor data updated:","rain":0,"soilMoisture":50,"timestamp":"2025-09-27T05:37:03.995Z","vibration":0,"waterFlow":0,"waterLevel":10}
{"accelerometer":{"x":4.58,"y":-4.97,"z":0},"floodProbability":5,"landslideProbability":20,"level":"info","message":"Sensor data updated:","rain":0,"soilMoisture":50,"timestamp":"2025-09-27T05:37:05.039Z","vibration":0,"waterFlow":0,"waterLevel":10}
{"accelerometer":{"x":4.4,"y":-4.95,"z":0},"floodProbability":5,"landslideProbability":20,"level":"info","message":"Sensor data updated:","rain":0,"soilMoisture":50,"timestamp":"2025-09-27T05:37:06.083Z","vibration":0,"waterFlow":0,"waterLevel":10}
{"accelerometer":{"x":4.36,"y":-5.03,"z":0},"floodProbability":5,"landslideProbability":20,"level":"info","message":"Sensor data updated:","rain":0,"soilMoisture":50,"timestamp":"2025-09-27T05:37:07.127Z","vibration":0,"waterFlow":0,"waterLevel":10}
{"accelerometer":{"x":4.35,"y":-5.04,"z":0},"floodProbability":5,"landslideProbability":20,"level":"info","message":"Sensor data updated:","rain":0,"soilMoisture":50,"timestamp":"2025-09-27T05:37:08.171Z","vibration":0,"waterFlow":0,"waterLevel":0}
{"accelerometer":{"x":4.26,"y":-4.96,"z":0},"floodProbability":0,"landslideProbability":20,"level":"info","message":"Sensor data updated:","rain":0,"soilMoisture":50,"timestamp":"2025-09-27T05:37:09.215Z","vibration":0,"waterFlow":0,"waterLevel":0}
{"level":"info","message":"Client disconnected:","timestamp":"2025-09-27T05:40:01.863Z"}
{"level":"info","message":"Client disconnected:","timestamp":"2025-09-27T05:40:01.866Z"}
{"level":"info","message":"Server running on port 3001","timestamp":"2025-09-27T05:40:45.165Z"}
{"level":"info","message":"Serial port COM7 connected","timestamp":"2025-09-27T05:40:45.170Z"}
{"level":"error","message":"Serial port error: Opening COM7: File not found","stack":"Error: Opening COM7: File not found","timestamp":"2025-09-27T05:40:45.177Z"}
{"level":"info","message":"Simulator mode activated","timestamp":"2025-09-27T05:40:45.178Z"}
{"accelerometer":{"x":0,"y":0,"z":0},"floodProbability":0,"landslideProbability":0,"level":"info","message":"Sensor data updated:","rain":0,"soilMoisture":null,"timestamp":"2025-09-27T05:40:47.189Z","vibration":0,"waterFlow":0,"waterLevel":null}
{"accelerometer":{"x":0,"y":0,"z":0},"floodProbability":null,"landslideProbability":null,"level":"info","message":"Sensor data updated:","rain":0,"soilMoisture":null,"timestamp":"2025-09-27T05:40:49.198Z","vibration":0,"waterFlow":0,"waterLevel":null}
{"accelerometer":{"x":0,"y":0,"z":0},"floodProbability":null,"landslideProbability":null,"level":"info","message":"Sensor data updated:","rain":0,"soilMoisture":null,"timestamp":"2025-09-27T05:40:51.204Z","vibration":0,"waterFlow":0,"waterLevel":null}
{"accelerometer":{"x":0,"y":0,"z":0},"floodProbability":null,"landslideProbability":null,"level":"info","message":"Sensor data updated:","rain":0,"soilMoisture":null,"timestamp":"2025-09-27T05:40:53.205Z","vibration":0,"waterFlow":0,"waterLevel":null}
{"accelerometer":{"x":0,"y":0,"z":0},"floodProbability":null,"landslideProbability":null,"level":"info","message":"Sensor data updated:","rain":0,"soilMoisture":null,"timestamp":"2025-09-27T05:40:55.206Z","vibration":0,"waterFlow":0,"waterLevel":null}
{"level":"info","message":"Client connected:","timestamp":"2025-09-27T05:40:57.109Z"}
{"level":"info","message":"Client connected:","timestamp":"2025-09-27T05:40:57.112Z"}
{"accelerometer":{"x":0,"y":0,"z":0},"floodProbability":null,"landslideProbability":null,"level":"info","message":"Sensor data updated:","rain":0,"soilMoisture":null,"timestamp":"2025-09-27T05:40:57.207Z","vibration":0,"waterFlow":0,"waterLevel":null}
{"accelerometer":{"x":0,"y":0,"z":0},"floodProbability":null,"landslideProbability":null,"level":"info","message":"Sensor data updated:","rain":0,"soilMoisture":null,"timestamp":"2025-09-27T05:40:59.209Z","vibration":0,"waterFlow":0,"waterLevel":null}
{"accelerometer":{"x":0,"y":0,"z":0},"floodProbability":null,"landslideProbability":null,"level":"info","message":"Sensor data updated:","rain":0,"soilMoisture":null,"timestamp":"2025-09-27T05:41:01.209Z","vibration":0,"waterFlow":0,"waterLevel":null}
{"accelerometer":{"x":0,"y":0,"z":0},"floodProbability":null,"landslideProbability":null,"level":"info","message":"Sensor data updated:","rain":0,"soilMoisture":null,"timestamp":"2025-09-27T05:41:03.222Z","vibration":0,"waterFlow":0,"waterLevel":null}
{"accelerometer":{"x":0,"y":0,"z":0},"floodProbability":null,"landslideProbability":null,"level":"info","message":"Sensor data updated:","rain":0,"soilMoisture":null,"timestamp":"2025-09-27T05:41:05.235Z","vibration":0,"waterFlow":0,"waterLevel":null}
{"accelerometer":{"x":0,"y":0,"z":0},"floodProbability":null,"landslideProbability":null,"level":"info","message":"Sensor data updated:","rain":0,"soilMoisture":null,"timestamp":"2025-09-27T05:41:07.237Z","vibration":0,"waterFlow":0,"waterLevel":null}
{"level":"info","message":"Server running on port 3001","timestamp":"2025-09-27T05:41:16.347Z"}
{"level":"info","message":"Serial port COM7 connected","timestamp":"2025-09-27T05:41:16.353Z"}
{"accelerometer":{"x":0.7,"y":-1.25,"z":0},"floodProbability":0,"landslideProbability":20,"level":"info","message":"Sensor data updated:","rain":0,"soilMoisture":50,"timestamp":"2025-09-27T05:41:17.210Z","vibration":0,"waterFlow":0,"waterLevel":0}
{"level":"info","message":"Client connected:","timestamp":"2025-09-27T05:41:17.966Z"}
{"level":"info","message":"Client connected:","timestamp":"2025-09-27T05:41:17.970Z"}
{"accelerometer":{"x":0.6,"y":-1.36,"z":0},"floodProbability":0,"landslideProbability":20,"level":"info","message":"Sensor data updated:","rain":0,"soilMoisture":50,"timestamp":"2025-09-27T05:41:18.253Z","vibration":0,"waterFlow":0,"waterLevel":0}
{"accelerometer":{"x":0.67,"y":-1.34,"z":0},"floodProbability":0,"landslideProbability":24,"level":"info","message":"Sensor data updated:","rain":0,"soilMoisture":60,"timestamp":"2025-09-27T05:41:19.297Z","vibration":0,"waterFlow":0,"waterLevel":0}
{"accelerometer":{"x":0.7,"y":-1.36,"z":0},"floodProbability":0,"landslideProbability":20,"level":"info","message":"Sensor data updated:","rain":0,"soilMoisture":50,"timestamp":"2025-09-27T05:41:20.341Z","vibration":0,"waterFlow":0,"waterLevel":0}
{"accelerometer":{"x":0.66,"y":-1.39,"z":0},"floodProbability":0,"landslideProbability":100,"level":"info","message":"Sensor data updated:","rain":0,"soilMoisture":1000,"timestamp":"2025-09-27T05:41:21.639Z","vibration":0,"waterFlow":0,"waterLevel":0}
{"accelerometer":{"x":0.6,"y":-1.42,"z":0},"floodProbability":5,"landslideProbability":20,"level":"info","message":"Sensor data updated:","rain":0,"soilMoisture":50,"timestamp":"2025-09-27T05:41:22.682Z","vibration":0,"waterFlow":0,"waterLevel":10}
{"accelerometer":{"x":0.67,"y":-1.46,"z":0},"floodProbability":5,"landslideProbability":20,"level":"info","message":"Sensor data updated:","rain":0,"soilMoisture":50,"timestamp":"2025-09-27T05:41:23.726Z","vibration":0,"waterFlow":0,"waterLevel":10}
{"accelerometer":{"x":0.66,"y":-1.44,"z":0},"floodProbability":5,"landslideProbability":20,"level":"info","message":"Sensor data updated:","rain":0,"soilMoisture":50,"timestamp":"2025-09-27T05:41:24.770Z","vibration":0,"waterFlow":0,"waterLevel":0}
{"accelerometer":{"x":0.56,"y":-1.43,"z":0},"floodProbability":5,"landslideProbability":20,"level":"info","message":"Sensor data updated:","rain":0,"soilMoisture":50,"timestamp":"2025-09-27T05:41:25.815Z","vibration":0,"waterFlow":0,"waterLevel":10}
{"accelerometer":{"x":0.56,"y":-1.44,"z":0},"floodProbability":5,"landslideProbability":20,"level":"info","message":"Sensor data updated:","rain":0,"soilMoisture":50,"timestamp":"2025-09-27T05:41:26.859Z","vibration":0,"waterFlow":0,"waterLevel":0}
{"accelerometer":{"x":0.64,"y":-1.38,"z":0},"floodProbability":0,"landslideProbability":20,"level":"info","message":"Sensor data updated:","rain":0,"soilMoisture":50,"timestamp":"2025-09-27T05:41:27.902Z","vibration":0,"waterFlow":0,"waterLevel":0}
{"accelerometer":{"x":0.61,"y":-1.39,"z":0},"floodProbability":0,"landslideProbability":20,"level":"info","message":"Sensor data updated:","rain":0,"soilMoisture":50,"timestamp":"2025-09-27T05:41:28.946Z","vibration":0,"waterFlow":0,"waterLevel":0}
{"accelerometer":{"x":0.62,"y":-1.38,"z":0},"floodProbability":20,"landslideProbability":20,"level":"info","message":"Sensor data updated:","rain":0,"soilMoisture":50,"timestamp":"2025-09-27T05:41:29.990Z","vibration":0,"waterFlow":1,"waterLevel":0}
{"accelerometer":{"x":0.58,"y":-1.37,"z":0},"floodProbability":20,"landslideProbability":20,"level":"info","message":"Sensor data updated:","rain":0,"soilMoisture":50,"timestamp":"2025-09-27T05:41:31.035Z","vibration":0,"waterFlow":1,"waterLevel":0}
{"accelerometer":{"x":0.65,"y":-1.33,"z":0},"floodProbability":20,"landslideProbability":20,"level":"info","message":"Sensor data updated:","rain":0,"soilMoisture":50,"timestamp":"2025-09-27T05:41:32.079Z","vibration":0,"waterFlow":1,"waterLevel":0}
{"accelerometer":{"x":0.64,"y":-1.42,"z":0},"floodProbability":20,"landslideProbability":20,"level":"info","message":"Sensor data updated:","rain":0,"soilMoisture":50,"timestamp":"2025-09-27T05:41:33.123Z","vibration":0,"waterFlow":1,"waterLevel":0}
{"accelerometer":{"x":0.61,"y":-1.45,"z":0},"floodProbability":20,"landslideProbability":20,"level":"info","message":"Sensor data updated:","rain":0,"soilMoisture":50,"timestamp":"2025-09-27T05:41:34.167Z","vibration":0,"waterFlow":1,"waterLevel":0}
{"accelerometer":{"x":0.63,"y":-1.41,"z":0},"floodProbability":20,"landslideProbability":100,"level":"info","message":"Sensor data updated:","rain":0,"soilMoisture":790,"timestamp":"2025-09-27T05:41:35.462Z","vibration":0,"waterFlow":1,"waterLevel":0}
{"accelerometer":{"x":0.64,"y":-1.42,"z":0},"floodProbability":20,"landslideProbability":20,"level":"info","message":"Sensor data updated:","rain":0,"soilMoisture":50,"timestamp":"2025-09-27T05:41:36.507Z","vibration":0,"waterFlow":1,"waterLevel":0}
{"accelerometer":{"x":0.57,"y":-1.46,"z":0},"floodProbability":20,"landslideProbability":20,"level":"info","message":"Sensor data updated:","rain":0,"soilMoisture":50,"timestamp":"2025-09-27T05:41:37.551Z","vibration":0,"waterFlow":1,"waterLevel":0}
{"accelerometer":{"x":0.6,"y":-1.42,"z":0},"floodProbability":20,"landslideProbability":20,"level":"info","message":"Sensor data updated:","rain":0,"soilMoisture":50,"timestamp":"2025-09-27T05:41:38.595Z","vibration":0,"waterFlow":1,"waterLevel":0}
{"accelerometer":{"x":0.65,"y":-1.33,"z":0},"floodProbability":20,"landslideProbability":24,"level":"info","message":"Sensor data updated:","rain":0,"soilMoisture":60,"timestamp":"2025-09-27T05:41:39.638Z","vibration":0,"waterFlow":1,"waterLevel":0}
{"accelerometer":{"x":0.66,"y":-1.27,"z":0},"floodProbability":20,"landslideProbability":20,"level":"info","message":"Sensor data updated:","rain":0,"soilMoisture":50,"timestamp":"2025-09-27T05:41:40.683Z","vibration":0,"waterFlow":1,"waterLevel":0}
{"accelerometer":{"x":0.59,"y":-1.46,"z":0},"floodProbability":25,"landslideProbability":20,"level":"info","message":"Sensor data updated:","rain":0,"soilMoisture":50,"timestamp":"2025-09-27T05:41:41.727Z","vibration":0,"waterFlow":1,"waterLevel":10}
{"accelerometer":{"x":0.6,"y":-1.43,"z":0},"floodProbability":25,"landslideProbability":50,"level":"info","message":"Sensor data updated:","rain":0,"soilMoisture":50,"timestamp":"2025-09-27T05:41:43.023Z","vibration":1,"waterFlow":1,"waterLevel":10}
{"accelerometer":{"x":0.57,"y":-1.46,"z":0},"floodProbability":25,"landslideProbability":50,"level":"info","message":"Sensor data updated:","rain":0,"soilMoisture":50,"timestamp":"2025-09-27T05:41:44.318Z","vibration":1,"waterFlow":1,"waterLevel":10}
{"accelerometer":{"x":0.56,"y":-1.43,"z":0},"floodProbability":25,"landslideProbability":50,"level":"info","message":"Sensor data updated:","rain":0,"soilMoisture":50,"timestamp":"2025-09-27T05:41:45.614Z","vibration":1,"waterFlow":1,"waterLevel":10}
{"accelerometer":{"x":0.63,"y":-1.41,"z":0},"floodProbability":25,"landslideProbability":54,"level":"info","message":"Sensor data updated:","rain":0,"soilMoisture":60,"timestamp":"2025-09-27T05:41:46.910Z","vibration":1,"waterFlow":1,"waterLevel":10}
{"accelerometer":{"x":0.58,"y":-1.45,"z":0},"floodProbability":25,"landslideProbability":50,"level":"info","message":"Sensor data updated:","rain":0,"soilMoisture":50,"timestamp":"2025-09-27T05:41:48.206Z","vibration":1,"waterFlow":1,"waterLevel":10}
{"accelerometer":{"x":0.63,"y":-1.19,"z":0},"floodProbability":25,"landslideProbability":100,"level":"info","message":"Sensor data updated:","rain":0,"soilMoisture":310,"timestamp":"2025-09-27T05:41:49.504Z","vibration":1,"waterFlow":1,"waterLevel":10}
{"accelerometer":{"x":0.57,"y":-1.45,"z":0},"floodProbability":25,"landslideProbability":50,"level":"info","message":"Sensor data updated:","rain":0,"soilMoisture":50,"timestamp":"2025-09-27T05:41:50.799Z","vibration":1,"waterFlow":1,"waterLevel":10}
{"accelerometer":{"x":0.64,"y":-1.45,"z":0},"floodProbability":25,"landslideProbability":50,"level":"info","message":"Sensor data updated:","rain":0,"soilMoisture":50,"timestamp":"2025-09-27T05:41:52.094Z","vibration":1,"waterFlow":1,"waterLevel":10}
{"accelerometer":{"x":0.64,"y":-1.45,"z":0},"floodProbability":25,"landslideProbability":50,"level":"info","message":"Sensor data updated:","rain":0,"soilMoisture":50,"timestamp":"2025-09-27T05:41:53.390Z","vibration":1,"waterFlow":1,"waterLevel":10}
{"accelerometer":{"x":0.59,"y":-1.46,"z":0},"floodProbability":25,"landslideProbability":50,"level":"info","message":"Sensor data updated:","rain":0,"soilMoisture":50,"timestamp":"2025-09-27T05:41:54.686Z","vibration":1,"waterFlow":1,"waterLevel":10}
{"accelerometer":{"x":0.58,"y":-1.4,"z":0},"floodProbability":55,"landslideProbability":100,"level":"info","message":"Sensor data updated:","rain":1,"soilMoisture":650,"timestamp":"2025-09-27T05:41:55.983Z","vibration":1,"waterFlow":1,"waterLevel":10}
{"accelerometer":{"x":0.63,"y":-1.5,"z":0},"floodProbability":25,"landslideProbability":100,"level":"info","message":"Sensor data updated:","rain":0,"soilMoisture":1000,"timestamp":"2025-09-27T05:41:57.281Z","vibration":0,"waterFlow":1,"waterLevel":10}
{"accelerometer":{"x":0.76,"y":-1.46,"z":0},"floodProbability":25,"landslideProbability":100,"level":"info","message":"Sensor data updated:","rain":0,"soilMoisture":1000,"timestamp":"2025-09-27T05:41:58.578Z","vibration":0,"waterFlow":1,"waterLevel":10}
{"accelerometer":{"x":0.57,"y":-1.44,"z":0},"floodProbability":25,"landslideProbability":50,"level":"info","message":"Sensor data updated:","rain":0,"soilMoisture":50,"timestamp":"2025-09-27T05:41:59.874Z","vibration":1,"waterFlow":1,"waterLevel":10}
{"accelerometer":{"x":0.59,"y":-1.4,"z":0},"floodProbability":25,"landslideProbability":20,"level":"info","message":"Sensor data updated:","rain":0,"soilMoisture":50,"timestamp":"2025-09-27T05:42:00.918Z","vibration":0,"waterFlow":1,"waterLevel":10}
{"accelerometer":{"x":0.54,"y":-1.44,"z":0},"floodProbability":25,"landslideProbability":20,"level":"info","message":"Sensor data updated:","rain":0,"soilMoisture":50,"timestamp":"2025-09-27T05:42:01.962Z","vibration":0,"waterFlow":1,"waterLevel":10}
{"accelerometer":{"x":0.6,"y":-1.45,"z":0},"floodProbability":25,"landslideProbability":20,"level":"info","message":"Sensor data updated:","rain":0,"soilMoisture":50,"timestamp":"2025-09-27T05:42:03.006Z","vibration":0,"waterFlow":1,"waterLevel":10}
{"accelerometer":{"x":0.63,"y":-1.43,"z":0},"floodProbability":25,"landslideProbability":20,"level":"info","message":"Sensor data updated:","rain":0,"soilMoisture":50,"timestamp":"2025-09-27T05:42:04.050Z","vibration":0,"waterFlow":1,"waterLevel":0}
{"accelerometer":{"x":0.59,"y":-1.45,"z":0},"floodProbability":20,"landslideProbability":20,"level":"info","message":"Sensor data updated:","rain":0,"soilMoisture":50,"timestamp":"2025-09-27T05:42:05.094Z","vibration":0,"waterFlow":1,"waterLevel":0}
{"accelerometer":{"x":0.61,"y":-1.44,"z":0},"floodProbability":20,"landslideProbability":20,"level":"info","message":"Sensor data updated:","rain":0,"soilMoisture":50,"timestamp":"2025-09-27T05:42:06.138Z","vibration":0,"waterFlow":1,"waterLevel":0}
{"accelerometer":{"x":0.58,"y":-1.39,"z":0},"floodProbability":20,"landslideProbability":20,"level":"info","message":"Sensor data updated:","rain":0,"soilMoisture":50,"timestamp":"2025-09-27T05:42:07.182Z","vibration":0,"waterFlow":1,"waterLevel":0}
{"accelerometer":{"x":0.59,"y":-1.41,"z":0},"floodProbability":20,"landslideProbability":20,"level":"info","message":"Sensor data updated:","rain":0,"soilMoisture":50,"timestamp":"2025-09-27T05:42:08.226Z","vibration":0,"waterFlow":1,"waterLevel":0}
{"accelerometer":{"x":0.57,"y":-1.47,"z":0},"floodProbability":20,"landslideProbability":100,"level":"info","message":"Sensor data updated:","rain":0,"soilMoisture":350,"timestamp":"2025-09-27T05:42:09.522Z","vibration":0,"waterFlow":1,"waterLevel":0}
{"accelerometer":{"x":0.53,"y":-1.44,"z":0},"floodProbability":25,"landslideProbability":24,"level":"info","message":"Sensor data updated:","rain":0,"soilMoisture":60,"timestamp":"2025-09-27T05:42:10.566Z","vibration":0,"waterFlow":1,"waterLevel":10}
{"accelerometer":{"x":0.55,"y":-1.47,"z":0},"floodProbability":25,"landslideProbability":20,"level":"info","message":"Sensor data updated:","rain":0,"soilMoisture":50,"timestamp":"2025-09-27T05:42:11.610Z","vibration":0,"waterFlow":1,"waterLevel":10}
{"accelerometer":{"x":0.42,"y":-1.75,"z":0},"floodProbability":25,"landslideProbability":20,"level":"info","message":"Sensor data updated:","rain":0,"soilMoisture":50,"timestamp":"2025-09-27T05:42:12.654Z","vibration":0,"waterFlow":1,"waterLevel":10}
{"accelerometer":{"x":0.58,"y":-1.45,"z":0},"floodProbability":25,"landslideProbability":20,"level":"info","message":"Sensor data updated:","rain":0,"soilMoisture":50,"timestamp":"2025-09-27T05:42:13.698Z","vibration":0,"waterFlow":1,"waterLevel":10}
{"accelerometer":{"x":0.52,"y":-1.46,"z":0},"floodProbability":25,"landslideProbability":24,"level":"info","message":"Sensor data updated:","rain":0,"soilMoisture":60,"timestamp":"2025-09-27T05:42:14.742Z","vibration":0,"waterFlow":1,"waterLevel":10}
{"accelerometer":{"x":0.52,"y":-1.44,"z":0},"floodProbability":25,"landslideProbability":100,"level":"info","message":"Sensor data updated:","rain":0,"soilMoisture":1000,"timestamp":"2025-09-27T05:42:16.039Z","vibration":0,"waterFlow":1,"waterLevel":10}
{"accelerometer":{"x":0.58,"y":-1.39,"z":0},"floodProbability":5,"landslideProbability":32,"level":"info","message":"Sensor data updated:","rain":0,"soilMoisture":80,"timestamp":"2025-09-27T05:42:17.071Z","vibration":0,"waterFlow":0,"waterLevel":10}
{"accelerometer":{"x":0.52,"y":-1.46,"z":0},"floodProbability":5,"landslideProbability":92,"level":"info","message":"Sensor data updated:","rain":0,"soilMoisture":230,"timestamp":"2025-09-27T05:42:18.117Z","vibration":0,"waterFlow":0,"waterLevel":10}
{"accelerometer":{"x":0.62,"y":-1.46,"z":0},"floodProbability":25,"landslideProbability":20,"level":"info","message":"Sensor data updated:","rain":0,"soilMoisture":50,"timestamp":"2025-09-27T05:42:19.161Z","vibration":0,"waterFlow":1,"waterLevel":10}
{"accelerometer":{"x":0.5,"y":-1.46,"z":0},"floodProbability":25,"landslideProbability":20,"level":"info","message":"Sensor data updated:","rain":0,"soilMoisture":50,"timestamp":"2025-09-27T05:42:20.205Z","vibration":0,"waterFlow":1,"waterLevel":10}
{"accelerometer":{"x":0.59,"y":-1.46,"z":0},"floodProbability":25,"landslideProbability":20,"level":"info","message":"Sensor data updated:","rain":0,"soilMoisture":50,"timestamp":"2025-09-27T05:42:21.249Z","vibration":0,"waterFlow":1,"waterLevel":10}
{"accelerometer":{"x":0.53,"y":-1.52,"z":0},"floodProbability":25,"landslideProbability":20,"level":"info","message":"Sensor data updated:","rain":0,"soilMoisture":50,"timestamp":"2025-09-27T05:42:22.293Z","vibration":0,"waterFlow":1,"waterLevel":10}
{"accelerometer":{"x":0.66,"y":-1.47,"z":0},"floodProbability":25,"landslideProbability":20,"level":"info","message":"Sensor data updated:","rain":0,"soilMoisture":50,"timestamp":"2025-09-27T05:42:23.337Z","vibration":0,"waterFlow":1,"waterLevel":10}
{"accelerometer":{"x":0.65,"y":-1.45,"z":0},"floodProbability":25,"landslideProbability":20,"level":"info","message":"Sensor data updated:","rain":0,"soilMoisture":50,"timestamp":"2025-09-27T05:42:24.381Z","vibration":0,"waterFlow":1,"waterLevel":10}
{"accelerometer":{"x":0.63,"y":-1.45,"z":0},"floodProbability":25,"landslideProbability":32,"level":"info","message":"Sensor data updated:","rain":0,"soilMoisture":80,"timestamp":"2025-09-27T05:42:25.425Z","vibration":0,"waterFlow":1,"waterLevel":10}
{"accelerometer":{"x":0.48,"y":-1.39,"z":0},"floodProbability":25,"landslideProbability":100,"level":"info","message":"Sensor data updated:","rain":0,"soilMoisture":1000,"timestamp":"2025-09-27T05:42:26.722Z","vibration":0,"waterFlow":1,"waterLevel":10}
{"accelerometer":{"x":0.45,"y":-1.42,"z":0},"floodProbability":25,"landslideProbability":24,"level":"info","message":"Sensor data updated:","rain":0,"soilMoisture":60,"timestamp":"2025-09-27T05:42:27.766Z","vibration":0,"waterFlow":1,"waterLevel":10}
{"accelerometer":{"x":0.61,"y":-1.44,"z":0},"floodProbability":25,"landslideProbability":20,"level":"info","message":"Sensor data updated:","rain":0,"soilMoisture":50,"timestamp":"2025-09-27T05:42:28.810Z","vibration":0,"waterFlow":1,"waterLevel":10}
{"accelerometer":{"x":0.57,"y":-1.51,"z":0},"floodProbability":25,"landslideProbability":20,"level":"info","message":"Sensor data updated:","rain":0,"soilMoisture":50,"timestamp":"2025-09-27T05:42:29.854Z","vibration":0,"waterFlow":1,"waterLevel":10}
{"accelerometer":{"x":0.54,"y":-1.54,"z":0},"floodProbability":25,"landslideProbability":28,"level":"info","message":"Sensor data updated:","rain":0,"soilMoisture":70,"timestamp":"2025-09-27T05:42:30.898Z","vibration":0,"waterFlow":1,"waterLevel":10}
{"accelerometer":{"x":0.56,"y":-1.52,"z":0},"floodProbability":25,"landslideProbability":28,"level":"info","message":"Sensor data updated:","rain":0,"soilMoisture":70,"timestamp":"2025-09-27T05:42:31.943Z","vibration":0,"waterFlow":1,"waterLevel":10}
{"accelerometer":{"x":0.59,"y":-1.47,"z":0},"floodProbability":25,"landslideProbability":20,"level":"info","message":"Sensor data updated:","rain":0,"soilMoisture":50,"timestamp":"2025-09-27T05:42:32.986Z","vibration":0,"waterFlow":1,"waterLevel":10}
{"accelerometer":{"x":0.64,"y":-1.49,"z":0},"floodProbability":25,"landslideProbability":20,"level":"info","message":"Sensor data updated:","rain":0,"soilMoisture":50,"timestamp":"2025-09-27T05:42:34.030Z","vibration":0,"waterFlow":1,"waterLevel":10}
{"accelerometer":{"x":0.56,"y":-1.51,"z":0},"floodProbability":25,"landslideProbability":20,"level":"info","message":"Sensor data updated:","rain":0,"soilMoisture":50,"timestamp":"2025-09-27T05:42:35.075Z","vibration":0,"waterFlow":1,"waterLevel":10}
{"accelerometer":{"x":0.65,"y":-1.46,"z":0},"floodProbability":25,"landslideProbability":20,"level":"info","message":"Sensor data updated:","rain":0,"soilMoisture":50,"timestamp":"2025-09-27T05:42:36.119Z","vibration":0,"waterFlow":1,"waterLevel":10}
{"accelerometer":{"x":0.59,"y":-1.57,"z":0},"floodProbability":25,"landslideProbability":20,"level":"info","message":"Sensor data updated:","rain":0,"soilMoisture":50,"timestamp":"2025-09-27T05:42:37.163Z","vibration":0,"waterFlow":1,"waterLevel":10}
{"accelerometer":{"x":0.67,"y":-1.39,"z":0},"floodProbability":25,"landslideProbability":20,"level":"info","message":"Sensor data updated:","rain":0,"soilMoisture":50,"timestamp":"2025-09-27T05:42:38.207Z","vibration":0,"waterFlow":1,"waterLevel":10}
{"accelerometer":{"x":0.56,"y":-1.48,"z":0},"floodProbability":25,"landslideProbability":20,"level":"info","message":"Sensor data updated:","rain":0,"soilMoisture":50,"timestamp":"2025-09-27T05:42:39.251Z","vibration":0,"waterFlow":1,"waterLevel":10}
{"accelerometer":{"x":0.69,"y":-1.55,"z":0},"floodProbability":25,"landslideProbability":100,"level":"info","message":"Sensor data updated:","rain":0,"soilMoisture":690,"timestamp":"2025-09-27T05:42:40.546Z","vibration":0,"waterFlow":1,"waterLevel":10}
{"accelerometer":{"x":0.76,"y":-1.53,"z":0},"floodProbability":25,"landslideProbability":68,"level":"info","message":"Sensor data updated:","rain":0,"soilMoisture":170,"timestamp":"2025-09-27T05:42:41.593Z","vibration":0,"waterFlow":1,"waterLevel":10}
{"accelerometer":{"x":0.7,"y":-1.43,"z":0},"floodProbability":25,"landslideProbability":20,"level":"info","message":"Sensor data updated:","rain":0,"soilMoisture":50,"timestamp":"2025-09-27T05:42:42.636Z","vibration":0,"waterFlow":1,"waterLevel":0}
{"accelerometer":{"x":0.76,"y":-1.52,"z":0},"floodProbability":20,"landslideProbability":20,"level":"info","message":"Sensor data updated:","rain":0,"soilMoisture":50,"timestamp":"2025-09-27T05:42:43.680Z","vibration":0,"waterFlow":1,"waterLevel":0}
{"accelerometer":{"x":0.67,"y":-1.55,"z":0},"floodProbability":20,"landslideProbability":20,"level":"info","message":"Sensor data updated:","rain":0,"soilMoisture":50,"timestamp":"2025-09-27T05:42:44.725Z","vibration":0,"waterFlow":1,"waterLevel":0}
{"accelerometer":{"x":0.67,"y":-1.48,"z":0},"floodProbability":20,"landslideProbability":20,"level":"info","message":"Sensor data updated:","rain":0,"soilMoisture":50,"timestamp":"2025-09-27T05:42:45.768Z","vibration":0,"waterFlow":1,"waterLevel":0}
{"accelerometer":{"x":0.58,"y":-1.49,"z":0},"floodProbability":20,"landslideProbability":20,"level":"info","message":"Sensor data updated:","rain":0,"soilMoisture":50,"timestamp":"2025-09-27T05:42:46.812Z","vibration":0,"waterFlow":1,"waterLevel":0}
{"accelerometer":{"x":0.74,"y":-1.56,"z":0},"floodProbability":20,"landslideProbability":20,"level":"info","message":"Sensor data updated:","rain":0,"soilMoisture":50,"timestamp":"2025-09-27T05:42:47.857Z","vibration":0,"waterFlow":1,"waterLevel":0}
{"accelerometer":{"x":0.77,"y":-1.49,"z":0},"floodProbability":20,"landslideProbability":20,"level":"info","message":"Sensor data updated:","rain":0,"soilMoisture":50,"timestamp":"2025-09-27T05:42:48.900Z","vibration":0,"waterFlow":1,"waterLevel":0}
{"accelerometer":{"x":0.72,"y":-1.53,"z":0},"floodProbability":20,"landslideProbability":20,"level":"info","message":"Sensor data updated:","rain":0,"soilMoisture":50,"timestamp":"2025-09-27T05:42:49.944Z","vibration":0,"waterFlow":1,"waterLevel":0}
{"accelerometer":{"x":0.71,"y":-1.57,"z":0},"floodProbability":20,"landslideProbability":20,"level":"info","message":"Sensor data updated:","rain":0,"soilMoisture":50,"timestamp":"2025-09-27T05:42:50.989Z","vibration":0,"waterFlow":1,"waterLevel":0}
{"accelerometer":{"x":0.72,"y":-1.51,"z":0},"floodProbability":20,"landslideProbability":20,"level":"info","message":"Sensor data updated:","rain":0,"soilMoisture":50,"timestamp":"2025-09-27T05:42:52.032Z","vibration":0,"waterFlow":1,"waterLevel":0}
{"accelerometer":{"x":0.67,"y":-1.44,"z":0},"floodProbability":20,"landslideProbability":20,"level":"info","message":"Sensor data updated:","rain":0,"soilMoisture":50,"timestamp":"2025-09-27T05:42:53.077Z","vibration":0,"waterFlow":1,"waterLevel":0}
{"accelerometer":{"x":0.68,"y":-1.61,"z":0},"floodProbability":20,"landslideProbability":20,"level":"info","message":"Sensor data updated:","rain":0,"soilMoisture":50,"timestamp":"2025-09-27T05:42:54.120Z","vibration":0,"waterFlow":1,"waterLevel":0}
{"accelerometer":{"x":0.69,"y":-1.59,"z":0},"floodProbability":20,"landslideProbability":20,"level":"info","message":"Sensor data updated:","rain":0,"soilMoisture":50,"timestamp":"2025-09-27T05:42:55.164Z","vibration":0,"waterFlow":1,"waterLevel":0}
{"accelerometer":{"x":0.63,"y":-1.54,"z":0},"floodProbability":20,"landslideProbability":20,"level":"info","message":"Sensor data updated:","rain":0,"soilMoisture":50,"timestamp":"2025-09-27T05:42:56.208Z","vibration":0,"waterFlow":1,"waterLevel":0}
{"accelerometer":{"x":0.68,"y":-1.55,"z":0},"floodProbability":20,"landslideProbability":20,"level":"info","message":"Sensor data updated:","rain":0,"soilMoisture":50,"timestamp":"2025-09-27T05:42:57.253Z","vibration":0,"waterFlow":1,"waterLevel":0}
{"accelerometer":{"x":0.64,"y":-1.61,"z":0},"floodProbability":20,"landslideProbability":20,"level":"info","message":"Sensor data updated:","rain":0,"soilMoisture":50,"timestamp":"2025-09-27T05:42:58.296Z","vibration":0,"waterFlow":1,"waterLevel":0}
{"accelerometer":{"x":0.6,"y":-1.54,"z":0},"floodProbability":20,"landslideProbability":20,"level":"info","message":"Sensor data updated:","rain":0,"soilMoisture":50,"timestamp":"2025-09-27T05:42:59.341Z","vibration":0,"waterFlow":1,"waterLevel":0}
{"accelerometer":{"x":0.6,"y":-1.54,"z":0},"floodProbability":20,"landslideProbability":20,"level":"info","message":"Sensor data updated:","rain":0,"soilMoisture":50,"timestamp":"2025-09-27T05:43:00.385Z","vibration":0,"waterFlow":1,"waterLevel":0}
{"accelerometer":{"x":0.76,"y":-1.56,"z":0},"floodProbability":20,"landslideProbability":20,"level":"info","message":"Sensor data updated:","rain":0,"soilMoisture":50,"timestamp":"2025-09-27T05:43:01.429Z","vibration":0,"waterFlow":1,"waterLevel":0}
{"accelerometer":{"x":0.69,"y":-1.51,"z":0},"floodProbability":20,"landslideProbability":20,"level":"info","message":"Sensor data updated:","rain":0,"soilMoisture":50,"timestamp":"2025-09-27T05:43:02.472Z","vibration":0,"waterFlow":1,"waterLevel":0}
{"accelerometer":{"x":0.63,"y":-1.53,"z":0},"floodProbability":20,"landslideProbability":20,"level":"info","message":"Sensor data updated:","rain":0,"soilMoisture":50,"timestamp":"2025-09-27T05:43:03.517Z","vibration":0,"waterFlow":1,"waterLevel":0}
{"accelerometer":{"x":0.62,"y":-1.59,"z":0},"floodProbability":20,"landslideProbability":20,"level":"info","message":"Sensor data updated:","rain":0,"soilMoisture":50,"timestamp":"2025-09-27T05:43:04.561Z","vibration":0,"waterFlow":1,"waterLevel":0}
{"accelerometer":{"x":0.64,"y":-1.58,"z":0},"floodProbability":20,"landslideProbability":20,"level":"info","message":"Sensor data updated:","rain":0,"soilMoisture":50,"timestamp":"2025-09-27T05:43:05.605Z","vibration":0,"waterFlow":1,"waterLevel":0}
{"accelerometer":{"x":0.65,"y":-1.65,"z":0},"floodProbability":20,"landslideProbability":20,"level":"info","message":"Sensor data updated:","rain":0,"soilMoisture":50,"timestamp":"2025-09-27T05:43:06.649Z","vibration":0,"waterFlow":1,"waterLevel":0}
{"accelerometer":{"x":0.67,"y":-1.62,"z":0},"floodProbability":20,"landslideProbability":20,"level":"info","message":"Sensor data updated:","rain":0,"soilMoisture":50,"timestamp":"2025-09-27T05:43:07.693Z","vibration":0,"waterFlow":1,"waterLevel":0}
{"accelerometer":{"x":0.66,"y":-1.61,"z":0},"floodProbability":20,"landslideProbability":20,"level":"info","message":"Sensor data updated:","rain":0,"soilMoisture":50,"timestamp":"2025-09-27T05:43:08.737Z","vibration":0,"waterFlow":1,"waterLevel":0}
{"level":"info","message":"Client disconnected:","timestamp":"2025-09-27T05:43:14.733Z"}
{"level":"info","message":"Client disconnected:","timestamp":"2025-09-27T05:43:14.736Z"}
{"level":"info","message":"Server running on port 3001","timestamp":"2025-09-27T05:57:35.648Z"}
{"level":"info","message":"Serial port COM7 connected","timestamp":"2025-09-27T05:57:35.652Z"}
{"accelerometer":{"x":0.98,"y":-1.32,"z":0},"floodProbability":0,"landslideProbability":20,"level":"info","message":"Sensor data updated:","rain":0,"soilMoisture":50,"timestamp":"2025-09-27T05:57:36.004Z","vibration":0,"waterFlow":0,"waterLevel":0}
{"accelerometer":{"x":1.02,"y":-1.21,"z":0},"floodProbability":0,"landslideProbability":20,"level":"info","message":"Sensor data updated:","rain":0,"soilMoisture":50,"timestamp":"2025-09-27T05:57:37.047Z","vibration":0,"waterFlow":0,"waterLevel":0}
{"accelerometer":{"x":0.96,"y":-1.24,"z":0},"floodProbability":0,"landslideProbability":20,"level":"info","message":"Sensor data updated:","rain":0,"soilMoisture":50,"timestamp":"2025-09-27T05:57:38.090Z","vibration":0,"waterFlow":0,"waterLevel":0}
{"accelerometer":{"x":0.98,"y":-1.2,"z":0},"floodProbability":0,"landslideProbability":20,"level":"info","message":"Sensor data updated:","rain":0,"soilMoisture":50,"timestamp":"2025-09-27T05:57:39.134Z","vibration":0,"waterFlow":0,"waterLevel":0}
{"accelerometer":{"x":0.92,"y":-1.25,"z":0},"floodProbability":0,"landslideProbability":20,"level":"info","message":"Sensor data updated:","rain":0,"soilMoisture":50,"timestamp":"2025-09-27T05:57:40.178Z","vibration":0,"waterFlow":0,"waterLevel":0}
{"accelerometer":{"x":0.98,"y":-1.26,"z":0},"floodProbability":0,"landslideProbability":20,"level":"info","message":"Sensor data updated:","rain":0,"soilMoisture":50,"timestamp":"2025-09-27T05:57:41.223Z","vibration":0,"waterFlow":0,"waterLevel":0}
{"accelerometer":{"x":1.02,"y":-1.22,"z":0},"floodProbability":0,"landslideProbability":20,"level":"info","message":"Sensor data updated:","rain":0,"soilMoisture":50,"timestamp":"2025-09-27T05:57:42.267Z","vibration":0,"waterFlow":0,"waterLevel":0}
{"accelerometer":{"x":0.97,"y":-1.23,"z":0},"floodProbability":0,"landslideProbability":20,"level":"info","message":"Sensor data updated:","rain":0,"soilMoisture":50,"timestamp":"2025-09-27T05:57:43.311Z","vibration":0,"waterFlow":0,"waterLevel":0}
{"accelerometer":{"x":1,"y":-1.25,"z":0},"floodProbability":0,"landslideProbability":20,"level":"info","message":"Sensor data updated:","rain":0,"soilMoisture":50,"timestamp":"2025-09-27T05:57:44.355Z","vibration":0,"waterFlow":0,"waterLevel":0}
{"accelerometer":{"x":0.93,"y":-1.2,"z":0},"floodProbability":0,"landslideProbability":20,"level":"info","message":"Sensor data updated:","rain":0,"soilMoisture":50,"timestamp":"2025-09-27T05:57:45.398Z","vibration":0,"waterFlow":0,"waterLevel":0}
{"accelerometer":{"x":0.92,"y":-1.26,"z":0},"floodProbability":0,"landslideProbability":20,"level":"info","message":"Sensor data updated:","rain":0,"soilMoisture":50,"timestamp":"2025-09-27T05:57:46.443Z","vibration":0,"waterFlow":0,"waterLevel":0}
{"accelerometer":{"x":0.92,"y":-1.17,"z":0},"floodProbability":0,"landslideProbability":20,"level":"info","message":"Sensor data updated:","rain":0,"soilMoisture":50,"timestamp":"2025-09-27T05:57:47.486Z","vibration":0,"waterFlow":0,"waterLevel":0}
{"accelerometer":{"x":1.28,"y":-1.21,"z":0},"floodProbability":0,"landslideProbability":100,"level":"info","message":"Sensor data updated:","rain":0,"soilMoisture":1000,"timestamp":"2025-09-27T05:57:48.783Z","vibration":0,"waterFlow":0,"waterLevel":0}
{"accelerometer":{"x":1.25,"y":-1.28,"z":0},"floodProbability":0,"landslideProbability":20,"level":"info","message":"Sensor data updated:","rain":0,"soilMoisture":50,"timestamp":"2025-09-27T05:57:49.827Z","vibration":0,"waterFlow":0,"waterLevel":0}
{"accelerometer":{"x":1.24,"y":-1.24,"z":0},"floodProbability":0,"landslideProbability":16,"level":"info","message":"Sensor data updated:","rain":0,"soilMoisture":40,"timestamp":"2025-09-27T05:57:50.872Z","vibration":0,"waterFlow":0,"waterLevel":0}
{"accelerometer":{"x":1.29,"y":-1.24,"z":0},"floodProbability":0,"landslideProbability":16,"level":"info","message":"Sensor data updated:","rain":0,"soilMoisture":40,"timestamp":"2025-09-27T05:57:51.916Z","vibration":0,"waterFlow":0,"waterLevel":0}
{"accelerometer":{"x":1.3,"y":-1.25,"z":0},"floodProbability":0,"landslideProbability":16,"level":"info","message":"Sensor data updated:","rain":0,"soilMoisture":40,"timestamp":"2025-09-27T05:57:52.960Z","vibration":0,"waterFlow":0,"waterLevel":0}
{"accelerometer":{"x":1.29,"y":-1.2,"z":0},"floodProbability":0,"landslideProbability":20,"level":"info","message":"Sensor data updated:","rain":0,"soilMoisture":50,"timestamp":"2025-09-27T05:57:54.004Z","vibration":0,"waterFlow":0,"waterLevel":0}
{"accelerometer":{"x":1.27,"y":-1.3,"z":0},"floodProbability":0,"landslideProbability":16,"level":"info","message":"Sensor data updated:","rain":0,"soilMoisture":40,"timestamp":"2025-09-27T05:57:55.048Z","vibration":0,"waterFlow":0,"waterLevel":0}
{"accelerometer":{"x":1.34,"y":-1.12,"z":0},"floodProbability":0,"landslideProbability":20,"level":"info","message":"Sensor data updated:","rain":0,"soilMoisture":50,"timestamp":"2025-09-27T05:57:56.092Z","vibration":0,"waterFlow":0,"waterLevel":0}
{"accelerometer":{"x":1.28,"y":-1.19,"z":0},"floodProbability":0,"landslideProbability":20,"level":"info","message":"Sensor data updated:","rain":0,"soilMoisture":50,"timestamp":"2025-09-27T05:57:57.136Z","vibration":0,"waterFlow":0,"waterLevel":0}
{"accelerometer":{"x":1.25,"y":-1.2,"z":0},"floodProbability":0,"landslideProbability":100,"level":"info","message":"Sensor data updated:","rain":0,"soilMoisture":1000,"timestamp":"2025-09-27T05:57:58.434Z","vibration":0,"waterFlow":0,"waterLevel":0}
{"accelerometer":{"x":1.15,"y":-1.15,"z":0},"floodProbability":0,"landslideProbability":20,"level":"info","message":"Sensor data updated:","rain":0,"soilMoisture":50,"timestamp":"2025-09-27T05:57:59.478Z","vibration":0,"waterFlow":0,"waterLevel":0}
{"accelerometer":{"x":1.44,"y":-1.23,"z":0},"floodProbability":0,"landslideProbability":20,"level":"info","message":"Sensor data updated:","rain":0,"soilMoisture":50,"timestamp":"2025-09-27T05:58:00.521Z","vibration":0,"waterFlow":0,"waterLevel":0}
{"accelerometer":{"x":1.22,"y":-1.4,"z":0},"floodProbability":0,"landslideProbability":20,"level":"info","message":"Sensor data updated:","rain":0,"soilMoisture":50,"timestamp":"2025-09-27T05:58:01.566Z","vibration":0,"waterFlow":0,"waterLevel":0}
{"accelerometer":{"x":1.2,"y":-1.53,"z":0},"floodProbability":0,"landslideProbability":20,"level":"info","message":"Sensor data updated:","rain":0,"soilMoisture":50,"timestamp":"2025-09-27T05:58:02.610Z","vibration":0,"waterFlow":0,"waterLevel":0}
{"accelerometer":{"x":1.25,"y":-1.16,"z":0},"floodProbability":0,"landslideProbability":20,"level":"info","message":"Sensor data updated:","rain":0,"soilMoisture":50,"timestamp":"2025-09-27T05:58:03.654Z","vibration":0,"waterFlow":0,"waterLevel":0}
{"accelerometer":{"x":1.35,"y":-1.2,"z":0},"floodProbability":0,"landslideProbability":16,"level":"info","message":"Sensor data updated:","rain":0,"soilMoisture":40,"timestamp":"2025-09-27T05:58:04.698Z","vibration":0,"waterFlow":0,"waterLevel":0}
{"accelerometer":{"x":1.35,"y":-1.21,"z":0},"floodProbability":0,"landslideProbability":20,"level":"info","message":"Sensor data updated:","rain":0,"soilMoisture":50,"timestamp":"2025-09-27T05:58:05.741Z","vibration":0,"waterFlow":0,"waterLevel":0}
{"accelerometer":{"x":1.36,"y":-1.15,"z":0},"floodProbability":0,"landslideProbability":20,"level":"info","message":"Sensor data updated:","rain":0,"soilMoisture":50,"timestamp":"2025-09-27T05:58:06.786Z","vibration":0,"waterFlow":0,"waterLevel":0}
{"accelerometer":{"x":1.32,"y":-1.14,"z":0},"floodProbability":0,"landslideProbability":20,"level":"info","message":"Sensor data updated:","rain":0,"soilMoisture":50,"timestamp":"2025-09-27T05:58:07.830Z","vibration":0,"waterFlow":0,"waterLevel":0}
{"accelerometer":{"x":1.3,"y":-1.11,"z":0},"floodProbability":0,"landslideProbability":20,"level":"info","message":"Sensor data updated:","rain":0,"soilMoisture":50,"timestamp":"2025-09-27T05:58:08.874Z","vibration":0,"waterFlow":0,"waterLevel":0}
{"accelerometer":{"x":1.42,"y":-1.73,"z":0},"floodProbability":0,"landslideProbability":100,"level":"info","message":"Sensor data updated:","rain":0,"soilMoisture":1000,"timestamp":"2025-09-27T05:58:10.171Z","vibration":0,"waterFlow":0,"waterLevel":0}
{"accelerometer":{"x":1.36,"y":-1.17,"z":0},"floodProbability":0,"landslideProbability":20,"level":"info","message":"Sensor data updated:","rain":0,"soilMoisture":50,"timestamp":"2025-09-27T05:58:11.215Z","vibration":0,"waterFlow":0,"waterLevel":0}
{"accelerometer":{"x":1.42,"y":-1.13,"z":0},"floodProbability":0,"landslideProbability":20,"level":"info","message":"Sensor data updated:","rain":0,"soilMoisture":50,"timestamp":"2025-09-27T05:58:12.258Z","vibration":0,"waterFlow":0,"waterLevel":0}
{"accelerometer":{"x":1.3,"y":-1.24,"z":0},"floodProbability":0,"landslideProbability":100,"level":"info","message":"Sensor data updated:","rain":0,"soilMoisture":1000,"timestamp":"2025-09-27T05:58:13.556Z","vibration":0,"waterFlow":0,"waterLevel":0}
{"accelerometer":{"x":1.32,"y":-1.17,"z":0},"floodProbability":0,"landslideProbability":20,"level":"info","message":"Sensor data updated:","rain":0,"soilMoisture":50,"timestamp":"2025-09-27T05:58:14.601Z","vibration":0,"waterFlow":0,"waterLevel":0}
{"accelerometer":{"x":1.37,"y":-1.25,"z":0},"floodProbability":0,"landslideProbability":20,"level":"info","message":"Sensor data updated:","rain":0,"soilMoisture":50,"timestamp":"2025-09-27T05:58:15.645Z","vibration":0,"waterFlow":0,"waterLevel":0}
{"accelerometer":{"x":1.36,"y":-1.16,"z":0},"floodProbability":0,"landslideProbability":20,"level":"info","message":"Sensor data updated:","rain":0,"soilMoisture":50,"timestamp":"2025-09-27T05:58:16.688Z","vibration":0,"waterFlow":0,"waterLevel":0}
{"accelerometer":{"x":1.39,"y":-1.23,"z":0},"floodProbability":0,"landslideProbability":16,"level":"info","message":"Sensor data updated:","rain":0,"soilMoisture":40,"timestamp":"2025-09-27T05:58:17.732Z","vibration":0,"waterFlow":0,"waterLevel":0}
{"accelerometer":{"x":1.31,"y":-1.18,"z":0},"floodProbability":0,"landslideProbability":16,"level":"info","message":"Sensor data updated:","rain":0,"soilMoisture":40,"timestamp":"2025-09-27T05:58:18.776Z","vibration":0,"waterFlow":0,"waterLevel":0}
{"accelerometer":{"x":1.34,"y":-1.21,"z":0},"floodProbability":0,"landslideProbability":20,"level":"info","message":"Sensor data updated:","rain":0,"soilMoisture":50,"timestamp":"2025-09-27T05:58:19.820Z","vibration":0,"waterFlow":0,"waterLevel":0}
{"accelerometer":{"x":1.48,"y":-1.23,"z":0},"floodProbability":0,"landslideProbability":20,"level":"info","message":"Sensor data updated:","rain":0,"soilMoisture":50,"timestamp":"2025-09-27T05:58:20.864Z","vibration":0,"waterFlow":0,"waterLevel":0}
{"accelerometer":{"x":1.39,"y":-1.22,"z":0},"floodProbability":0,"landslideProbability":20,"level":"info","message":"Sensor data updated:","rain":0,"soilMoisture":50,"timestamp":"2025-09-27T05:58:21.908Z","vibration":0,"waterFlow":0,"waterLevel":0}
{"accelerometer":{"x":1.4,"y":-1.23,"z":0},"floodProbability":0,"landslideProbability":20,"level":"info","message":"Sensor data updated:","rain":0,"soilMoisture":50,"timestamp":"2025-09-27T05:58:22.952Z","vibration":0,"waterFlow":0,"waterLevel":0}
{"accelerometer":{"x":1.33,"y":-1.19,"z":0},"floodProbability":0,"landslideProbability":16,"level":"info","message":"Sensor data updated:","rain":0,"soilMoisture":40,"timestamp":"2025-09-27T05:58:23.997Z","vibration":0,"waterFlow":0,"waterLevel":0}
{"accelerometer":{"x":1.32,"y":-1.21,"z":0},"floodProbability":0,"landslideProbability":20,"level":"info","message":"Sensor data updated:","rain":0,"soilMoisture":50,"timestamp":"2025-09-27T05:58:25.040Z","vibration":0,"waterFlow":0,"waterLevel":0}
{"accelerometer":{"x":1.35,"y":-1.2,"z":0},"floodProbability":0,"landslideProbability":20,"level":"info","message":"Sensor data updated:","rain":0,"soilMoisture":50,"timestamp":"2025-09-27T05:58:26.084Z","vibration":0,"waterFlow":0,"waterLevel":0}
{"accelerometer":{"x":1.45,"y":-1.16,"z":0},"floodProbability":0,"landslideProbability":16,"level":"info","message":"Sensor data updated:","rain":0,"soilMoisture":40,"timestamp":"2025-09-27T05:58:27.129Z","vibration":0,"waterFlow":0,"waterLevel":0}
{"accelerometer":{"x":1.44,"y":-1.19,"z":0},"floodProbability":0,"landslideProbability":20,"level":"info","message":"Sensor data updated:","rain":0,"soilMoisture":50,"timestamp":"2025-09-27T05:58:28.172Z","vibration":0,"waterFlow":0,"waterLevel":0}
{"accelerometer":{"x":1.37,"y":-1.17,"z":0},"floodProbability":0,"landslideProbability":20,"level":"info","message":"Sensor data updated:","rain":0,"soilMoisture":50,"timestamp":"2025-09-27T05:58:29.216Z","vibration":0,"waterFlow":0,"waterLevel":0}
{"accelerometer":{"x":1.41,"y":-1.27,"z":0},"floodProbability":0,"landslideProbability":20,"level":"info","message":"Sensor data updated:","rain":0,"soilMoisture":50,"timestamp":"2025-09-27T05:58:30.260Z","vibration":0,"waterFlow":0,"waterLevel":0}
{"accelerometer":{"x":1.39,"y":-1.2,"z":0},"floodProbability":0,"landslideProbability":20,"level":"info","message":"Sensor data updated:","rain":0,"soilMoisture":50,"timestamp":"2025-09-27T05:58:31.305Z","vibration":0,"waterFlow":0,"waterLevel":0}
{"accelerometer":{"x":1.38,"y":-1.07,"z":0},"floodProbability":0,"landslideProbability":100,"level":"info","message":"Sensor data updated:","rain":0,"soilMoisture":1000,"timestamp":"2025-09-27T05:58:32.602Z","vibration":0,"waterFlow":0,"waterLevel":0}
{"accelerometer":{"x":1.39,"y":-1.24,"z":0},"floodProbability":0,"landslideProbability":20,"level":"info","message":"Sensor data updated:","rain":0,"soilMoisture":50,"timestamp":"2025-09-27T05:58:33.646Z","vibration":0,"waterFlow":0,"waterLevel":0}
{"accelerometer":{"x":1.36,"y":-1.16,"z":0},"floodProbability":0,"landslideProbability":20,"level":"info","message":"Sensor data updated:","rain":0,"soilMoisture":50,"timestamp":"2025-09-27T05:58:34.689Z","vibration":0,"waterFlow":0,"waterLevel":0}
{"accelerometer":{"x":1.36,"y":-1.21,"z":0},"floodProbability":0,"landslideProbability":20,"level":"info","message":"Sensor data updated:","rain":0,"soilMoisture":50,"timestamp":"2025-09-27T05:58:35.720Z","vibration":0,"waterFlow":0,"waterLevel":0}
{"accelerometer":{"x":1.45,"y":-1.23,"z":0},"floodProbability":0,"landslideProbability":20,"level":"info","message":"Sensor data updated:","rain":0,"soilMoisture":50,"timestamp":"2025-09-27T05:58:36.764Z","vibration":0,"waterFlow":0,"waterLevel":0}
{"accelerometer":{"x":1.41,"y":-1.12,"z":0},"floodProbability":0,"landslideProbability":20,"level":"info","message":"Sensor data updated:","rain":0,"soilMoisture":50,"timestamp":"2025-09-27T05:58:37.808Z","vibration":0,"waterFlow":0,"waterLevel":0}
{"accelerometer":{"x":1.41,"y":-1.15,"z":0},"floodProbability":0,"landslideProbability":20,"level":"info","message":"Sensor data updated:","rain":0,"soilMoisture":50,"timestamp":"2025-09-27T05:58:38.852Z","vibration":0,"waterFlow":0,"waterLevel":0}
{"accelerometer":{"x":1.34,"y":-1.14,"z":0},"floodProbability":0,"landslideProbability":20,"level":"info","message":"Sensor data updated:","rain":0,"soilMoisture":50,"timestamp":"2025-09-27T05:58:39.896Z","vibration":0,"waterFlow":0,"waterLevel":0}
{"accelerometer":{"x":1.46,"y":-1.19,"z":0},"floodProbability":0,"landslideProbability":20,"level":"info","message":"Sensor data updated:","rain":0,"soilMoisture":50,"timestamp":"2025-09-27T05:58:40.940Z","vibration":0,"waterFlow":0,"waterLevel":0}
{"accelerometer":{"x":1.36,"y":-1.2,"z":0},"floodProbability":0,"landslideProbability":20,"level":"info","message":"Sensor data updated:","rain":0,"soilMoisture":50,"timestamp":"2025-09-27T05:58:41.985Z","vibration":0,"waterFlow":0,"waterLevel":0}
{"accelerometer":{"x":1.43,"y":-1.13,"z":0},"floodProbability":0,"landslideProbability":20,"level":"info","message":"Sensor data updated:","rain":0,"soilMoisture":50,"timestamp":"2025-09-27T05:58:43.028Z","vibration":0,"waterFlow":0,"waterLevel":0}
{"accelerometer":{"x":1.6,"y":-1.09,"z":0},"floodProbability":0,"landslideProbability":20,"level":"info","message":"Sensor data updated:","rain":0,"soilMoisture":50,"timestamp":"2025-09-27T05:58:44.072Z","vibration":0,"waterFlow":0,"waterLevel":0}
{"accelerometer":{"x":1.45,"y":-1.18,"z":0},"floodProbability":0,"landslideProbability":20,"level":"info","message":"Sensor data updated:","rain":0,"soilMoisture":50,"timestamp":"2025-09-27T05:58:45.116Z","vibration":0,"waterFlow":0,"waterLevel":0}
{"accelerometer":{"x":1.42,"y":-1.16,"z":0},"floodProbability":0,"landslideProbability":16,"level":"info","message":"Sensor data updated:","rain":0,"soilMoisture":40,"timestamp":"2025-09-27T05:58:46.160Z","vibration":0,"waterFlow":0,"waterLevel":0}
{"accelerometer":{"x":1.43,"y":-1.24,"z":0},"floodProbability":0,"landslideProbability":24,"level":"info","message":"Sensor data updated:","rain":0,"soilMoisture":60,"timestamp":"2025-09-27T05:58:47.204Z","vibration":0,"waterFlow":0,"waterLevel":0}
{"accelerometer":{"x":1.46,"y":-1.23,"z":0},"floodProbability":0,"landslideProbability":20,"level":"info","message":"Sensor data updated:","rain":0,"soilMoisture":50,"timestamp":"2025-09-27T05:58:48.248Z","vibration":0,"waterFlow":0,"waterLevel":0}
{"accelerometer":{"x":1.38,"y":-1.24,"z":0},"floodProbability":0,"landslideProbability":20,"level":"info","message":"Sensor data updated:","rain":0,"soilMoisture":50,"timestamp":"2025-09-27T05:58:49.292Z","vibration":0,"waterFlow":0,"waterLevel":0}
{"accelerometer":{"x":1.42,"y":-1.21,"z":0},"floodProbability":0,"landslideProbability":20,"level":"info","message":"Sensor data updated:","rain":0,"soilMoisture":50,"timestamp":"2025-09-27T05:58:50.336Z","vibration":0,"waterFlow":0,"waterLevel":0}
{"accelerometer":{"x":1.43,"y":-1.2,"z":0},"floodProbability":0,"landslideProbability":20,"level":"info","message":"Sensor data updated:","rain":0,"soilMoisture":50,"timestamp":"2025-09-27T05:58:51.380Z","vibration":0,"waterFlow":0,"waterLevel":0}
{"accelerometer":{"x":1.45,"y":-1.25,"z":0},"floodProbability":0,"landslideProbability":20,"level":"info","message":"Sensor data updated:","rain":0,"soilMoisture":50,"timestamp":"2025-09-27T05:58:52.424Z","vibration":0,"waterFlow":0,"waterLevel":0}
{"accelerometer":{"x":1.43,"y":-1.22,"z":0},"floodProbability":0,"landslideProbability":20,"level":"info","message":"Sensor data updated:","rain":0,"soilMoisture":50,"timestamp":"2025-09-27T05:58:53.468Z","vibration":0,"waterFlow":0,"waterLevel":0}
{"accelerometer":{"x":1.42,"y":-1.14,"z":0},"floodProbability":0,"landslideProbability":16,"level":"info","message":"Sensor data updated:","rain":0,"soilMoisture":40,"timestamp":"2025-09-27T05:58:54.512Z","vibration":0,"waterFlow":0,"waterLevel":0}
{"level":"info","message":"Client connected:","timestamp":"2025-09-27T05:58:55.403Z"}
{"level":"info","message":"Client connected:","timestamp":"2025-09-27T05:58:55.406Z"}
{"accelerometer":{"x":1.4,"y":-1.15,"z":0},"floodProbability":0,"landslideProbability":20,"level":"info","message":"Sensor data updated:","rain":0,"soilMoisture":50,"timestamp":"2025-09-27T05:58:55.556Z","vibration":0,"waterFlow":0,"waterLevel":0}
{"accelerometer":{"x":1.46,"y":-1.18,"z":0},"floodProbability":0,"landslideProbability":20,"level":"info","message":"Sensor data updated:","rain":0,"soilMoisture":50,"timestamp":"2025-09-27T05:58:56.600Z","vibration":0,"waterFlow":0,"waterLevel":0}
{"accelerometer":{"x":1.44,"y":-1.16,"z":0},"floodProbability":0,"landslideProbability":20,"level":"info","message":"Sensor data updated:","rain":0,"soilMoisture":50,"timestamp":"2025-09-27T05:58:57.644Z","vibration":0,"waterFlow":0,"waterLevel":0}
{"accelerometer":{"x":1.44,"y":-1.24,"z":0},"floodProbability":0,"landslideProbability":20,"level":"info","message":"Sensor data updated:","rain":0,"soilMoisture":50,"timestamp":"2025-09-27T05:58:58.688Z","vibration":0,"waterFlow":0,"waterLevel":0}
{"accelerometer":{"x":1.43,"y":-1.15,"z":0},"floodProbability":0,"landslideProbability":20,"level":"info","message":"Sensor data updated:","rain":0,"soilMoisture":50,"timestamp":"2025-09-27T05:58:59.732Z","vibration":0,"waterFlow":0,"waterLevel":0}
{"accelerometer":{"x":1.41,"y":-1.19,"z":0},"floodProbability":0,"landslideProbability":20,"level":"info","message":"Sensor data updated:","rain":0,"soilMoisture":50,"timestamp":"2025-09-27T05:59:00.776Z","vibration":0,"waterFlow":0,"waterLevel":0}
{"accelerometer":{"x":1.44,"y":-1.15,"z":0},"floodProbability":0,"landslideProbability":16,"level":"info","message":"Sensor data updated:","rain":0,"soilMoisture":40,"timestamp":"2025-09-27T05:59:01.821Z","vibration":0,"waterFlow":0,"waterLevel":0}
{"accelerometer":{"x":1.42,"y":-1.07,"z":0},"floodProbability":0,"landslideProbability":20,"level":"info","message":"Sensor data updated:","rain":0,"soilMoisture":50,"timestamp":"2025-09-27T05:59:02.864Z","vibration":0,"waterFlow":0,"waterLevel":0}
{"accelerometer":{"x":1.4,"y":-1.18,"z":0},"floodProbability":0,"landslideProbability":20,"level":"info","message":"Sensor data updated:","rain":0,"soilMoisture":50,"timestamp":"2025-09-27T05:59:03.908Z","vibration":0,"waterFlow":0,"waterLevel":0}
{"accelerometer":{"x":1.48,"y":-1.17,"z":0},"floodProbability":0,"landslideProbability":20,"level":"info","message":"Sensor data updated:","rain":0,"soilMoisture":50,"timestamp":"2025-09-27T05:59:04.952Z","vibration":0,"waterFlow":0,"waterLevel":0}
{"accelerometer":{"x":1.47,"y":-1.15,"z":0},"floodProbability":0,"landslideProbability":20,"level":"info","message":"Sensor data updated:","rain":0,"soilMoisture":50,"timestamp":"2025-09-27T05:59:05.996Z","vibration":0,"waterFlow":0,"waterLevel":0}
{"accelerometer":{"x":1.44,"y":-1.14,"z":0},"floodProbability":0,"landslideProbability":20,"level":"info","message":"Sensor data updated:","rain":0,"soilMoisture":50,"timestamp":"2025-09-27T05:59:07.041Z","vibration":0,"waterFlow":0,"waterLevel":0}
{"accelerometer":{"x":1.37,"y":-1.19,"z":0},"floodProbability":0,"landslideProbability":20,"level":"info","message":"Sensor data updated:","rain":0,"soilMoisture":50,"timestamp":"2025-09-27T05:59:08.085Z","vibration":0,"waterFlow":0,"waterLevel":0}
{"accelerometer":{"x":1.43,"y":-1.2,"z":0},"floodProbability":0,"landslideProbability":20,"level":"info","message":"Sensor data updated:","rain":0,"soilMoisture":50,"timestamp":"2025-09-27T05:59:09.129Z","vibration":0,"waterFlow":0,"waterLevel":0}
{"accelerometer":{"x":1.57,"y":-1.11,"z":0},"floodProbability":0,"landslideProbability":16,"level":"info","message":"Sensor data updated:","rain":0,"soilMoisture":40,"timestamp":"2025-09-27T05:59:10.173Z","vibration":0,"waterFlow":0,"waterLevel":0}
{"accelerometer":{"x":1.44,"y":-1.21,"z":0},"floodProbability":0,"landslideProbability":16,"level":"info","message":"Sensor data updated:","rain":0,"soilMoisture":40,"timestamp":"2025-09-27T05:59:11.217Z","vibration":0,"waterFlow":0,"waterLevel":0}
{"accelerometer":{"x":1.45,"y":-1.18,"z":0},"floodProbability":0,"landslideProbability":20,"level":"info","message":"Sensor data updated:","rain":0,"soilMoisture":50,"timestamp":"2025-09-27T05:59:12.261Z","vibration":0,"waterFlow":0,"waterLevel":0}
{"accelerometer":{"x":1.49,"y":-1.14,"z":0},"floodProbability":0,"landslideProbability":20,"level":"info","message":"Sensor data updated:","rain":0,"soilMoisture":50,"timestamp":"2025-09-27T05:59:13.305Z","vibration":0,"waterFlow":0,"waterLevel":0}
{"accelerometer":{"x":1.43,"y":-1.15,"z":0},"floodProbability":0,"landslideProbability":20,"level":"info","message":"Sensor data updated:","rain":0,"soilMoisture":50,"timestamp":"2025-09-27T05:59:14.349Z","vibration":0,"waterFlow":0,"waterLevel":0}
{"accelerometer":{"x":1.45,"y":-1.18,"z":0},"floodProbability":0,"landslideProbability":20,"level":"info","message":"Sensor data updated:","rain":0,"soilMoisture":50,"timestamp":"2025-09-27T05:59:15.393Z","vibration":0,"waterFlow":0,"waterLevel":0}
{"accelerometer":{"x":1.47,"y":-1.19,"z":0},"floodProbability":0,"landslideProbability":16,"level":"info","message":"Sensor data updated:","rain":0,"soilMoisture":40,"timestamp":"2025-09-27T05:59:16.437Z","vibration":0,"waterFlow":0,"waterLevel":0}
{"accelerometer":{"x":1.51,"y":-1.17,"z":0},"floodProbability":0,"landslideProbability":16,"level":"info","message":"Sensor data updated:","rain":0,"soilMoisture":40,"timestamp":"2025-09-27T05:59:17.481Z","vibration":0,"waterFlow":0,"waterLevel":0}
{"accelerometer":{"x":1.49,"y":-1.13,"z":0},"floodProbability":0,"landslideProbability":20,"level":"info","message":"Sensor data updated:","rain":0,"soilMoisture":50,"timestamp":"2025-09-27T05:59:18.525Z","vibration":0,"waterFlow":0,"waterLevel":0}
{"accelerometer":{"x":1.46,"y":-1.23,"z":0},"floodProbability":0,"landslideProbability":20,"level":"info","message":"Sensor data updated:","rain":0,"soilMoisture":50,"timestamp":"2025-09-27T05:59:19.569Z","vibration":0,"waterFlow":0,"waterLevel":0}
{"accelerometer":{"x":1.56,"y":-1.17,"z":0},"floodProbability":0,"landslideProbability":20,"level":"info","message":"Sensor data updated:","rain":0,"soilMoisture":50,"timestamp":"2025-09-27T05:59:20.613Z","vibration":0,"waterFlow":0,"waterLevel":0}
{"accelerometer":{"x":1.44,"y":-1.2,"z":0},"floodProbability":0,"landslideProbability":20,"level":"info","message":"Sensor data updated:","rain":0,"soilMoisture":50,"timestamp":"2025-09-27T05:59:21.657Z","vibration":0,"waterFlow":0,"waterLevel":0}
{"accelerometer":{"x":1.4,"y":-1.19,"z":0},"floodProbability":0,"landslideProbability":20,"level":"info","message":"Sensor data updated:","rain":0,"soilMoisture":50,"timestamp":"2025-09-27T05:59:22.701Z","vibration":0,"waterFlow":0,"waterLevel":0}
{"accelerometer":{"x":1.48,"y":-1.16,"z":0},"floodProbability":0,"landslideProbability":20,"level":"info","message":"Sensor data updated:","rain":0,"soilMoisture":50,"timestamp":"2025-09-27T05:59:23.745Z","vibration":0,"waterFlow":0,"waterLevel":0}
{"accelerometer":{"x":1.53,"y":-1.18,"z":0},"floodProbability":0,"landslideProbability":20,"level":"info","message":"Sensor data updated:","rain":0,"soilMoisture":50,"timestamp":"2025-09-27T05:59:24.789Z","vibration":0,"waterFlow":0,"waterLevel":0}
{"accelerometer":{"x":1.48,"y":-1.19,"z":0},"floodProbability":0,"landslideProbability":20,"level":"info","message":"Sensor data updated:","rain":0,"soilMoisture":50,"timestamp":"2025-09-27T05:59:25.833Z","vibration":0,"waterFlow":0,"waterLevel":0}
{"accelerometer":{"x":1.52,"y":-1.13,"z":0},"floodProbability":0,"landslideProbability":20,"level":"info","message":"Sensor data updated:","rain":0,"soilMoisture":50,"timestamp":"2025-09-27T05:59:26.877Z","vibration":0,"waterFlow":0,"waterLevel":0}
{"accelerometer":{"x":1.53,"y":-1.13,"z":0},"floodProbability":0,"landslideProbability":20,"level":"info","message":"Sensor data updated:","rain":0,"soilMoisture":50,"timestamp":"2025-09-27T05:59:27.921Z","vibration":0,"waterFlow":0,"waterLevel":0}
{"accelerometer":{"x":1.51,"y":-1.15,"z":0},"floodProbability":0,"landslideProbability":20,"level":"info","message":"Sensor data updated:","rain":0,"soilMoisture":50,"timestamp":"2025-09-27T05:59:28.965Z","vibration":0,"waterFlow":0,"waterLevel":0}
{"accelerometer":{"x":1.54,"y":-1.13,"z":0},"floodProbability":0,"landslideProbability":20,"level":"info","message":"Sensor data updated:","rain":0,"soilMoisture":50,"timestamp":"2025-09-27T05:59:30.009Z","vibration":0,"waterFlow":0,"waterLevel":0}
{"accelerometer":{"x":1.55,"y":-1.14,"z":0},"floodProbability":0,"landslideProbability":20,"level":"info","message":"Sensor data updated:","rain":0,"soilMoisture":50,"timestamp":"2025-09-27T05:59:31.053Z","vibration":0,"waterFlow":0,"waterLevel":0}
{"accelerometer":{"x":1.51,"y":-1.13,"z":0},"floodProbability":0,"landslideProbability":20,"level":"info","message":"Sensor data updated:","rain":0,"soilMoisture":50,"timestamp":"2025-09-27T05:59:32.097Z","vibration":0,"waterFlow":0,"waterLevel":0}
{"accelerometer":{"x":1.63,"y":-1.16,"z":0},"floodProbability":0,"landslideProbability":20,"level":"info","message":"Sensor data updated:","rain":0,"soilMoisture":50,"timestamp":"2025-09-27T05:59:33.141Z","vibration":0,"waterFlow":0,"waterLevel":0}
{"accelerometer":{"x":1.52,"y":-1.15,"z":0},"floodProbability":0,"landslideProbability":20,"level":"info","message":"Sensor data updated:","rain":0,"soilMoisture":50,"timestamp":"2025-09-27T05:59:34.186Z","vibration":0,"waterFlow":0,"waterLevel":0}
{"accelerometer":{"x":1.62,"y":-1.17,"z":0},"floodProbability":0,"landslideProbability":20,"level":"info","message":"Sensor data updated:","rain":0,"soilMoisture":50,"timestamp":"2025-09-27T05:59:35.230Z","vibration":0,"waterFlow":0,"waterLevel":0}
{"accelerometer":{"x":1.57,"y":-1.17,"z":0},"floodProbability":0,"landslideProbability":20,"level":"info","message":"Sensor data updated:","rain":0,"soilMoisture":50,"timestamp":"2025-09-27T05:59:36.286Z","vibration":0,"waterFlow":0,"waterLevel":0}
{"accelerometer":{"x":1.61,"y":-1.13,"z":0},"floodProbability":0,"landslideProbability":20,"level":"info","message":"Sensor data updated:","rain":0,"soilMoisture":50,"timestamp":"2025-09-27T05:59:37.331Z","vibration":0,"waterFlow":0,"waterLevel":0}
{"accelerometer":{"x":1.61,"y":-1.11,"z":0},"floodProbability":0,"landslideProbability":20,"level":"info","message":"Sensor data updated:","rain":0,"soilMoisture":50,"timestamp":"2025-09-27T05:59:38.375Z","vibration":0,"waterFlow":0,"waterLevel":0}
{"accelerometer":{"x":1.63,"y":-1.09,"z":0},"floodProbability":0,"landslideProbability":20,"level":"info","message":"Sensor data updated:","rain":0,"soilMoisture":50,"timestamp":"2025-09-27T05:59:39.418Z","vibration":0,"waterFlow":0,"waterLevel":0}
{"accelerometer":{"x":1.58,"y":-1.15,"z":0},"floodProbability":0,"landslideProbability":20,"level":"info","message":"Sensor data updated:","rain":0,"soilMoisture":50,"timestamp":"2025-09-27T05:59:40.463Z","vibration":0,"waterFlow":0,"waterLevel":0}
{"accelerometer":{"x":1.68,"y":-1.17,"z":0},"floodProbability":0,"landslideProbability":20,"level":"info","message":"Sensor data updated:","rain":0,"soilMoisture":50,"timestamp":"2025-09-27T05:59:41.506Z","vibration":0,"waterFlow":0,"waterLevel":0}
{"accelerometer":{"x":1.66,"y":-1.02,"z":0},"floodProbability":0,"landslideProbability":16,"level":"info","message":"Sensor data updated:","rain":0,"soilMoisture":40,"timestamp":"2025-09-27T05:59:42.550Z","vibration":0,"waterFlow":0,"waterLevel":0}
{"accelerometer":{"x":1.73,"y":-1.12,"z":0},"floodProbability":0,"landslideProbability":20,"level":"info","message":"Sensor data updated:","rain":0,"soilMoisture":50,"timestamp":"2025-09-27T05:59:43.594Z","vibration":0,"waterFlow":0,"waterLevel":0}
{"accelerometer":{"x":1.68,"y":-1.01,"z":0},"floodProbability":0,"landslideProbability":20,"level":"info","message":"Sensor data updated:","rain":0,"soilMoisture":50,"timestamp":"2025-09-27T05:59:44.638Z","vibration":0,"waterFlow":0,"waterLevel":0}
{"accelerometer":{"x":1.84,"y":-1.18,"z":0},"floodProbability":0,"landslideProbability":20,"level":"info","message":"Sensor data updated:","rain":0,"soilMoisture":50,"timestamp":"2025-09-27T05:59:45.682Z","vibration":0,"waterFlow":0,"waterLevel":0}
{"accelerometer":{"x":1.72,"y":-1.08,"z":0},"floodProbability":0,"landslideProbability":24,"level":"info","message":"Sensor data updated:","rain":0,"soilMoisture":60,"timestamp":"2025-09-27T05:59:46.727Z","vibration":0,"waterFlow":0,"waterLevel":0}
{"accelerometer":{"x":1.81,"y":-1.04,"z":0},"floodProbability":0,"landslideProbability":20,"level":"info","message":"Sensor data updated:","rain":0,"soilMoisture":50,"timestamp":"2025-09-27T05:59:47.770Z","vibration":0,"waterFlow":0,"waterLevel":0}
{"accelerometer":{"x":1.84,"y":-1.08,"z":0},"floodProbability":0,"landslideProbability":20,"level":"info","message":"Sensor data updated:","rain":0,"soilMoisture":50,"timestamp":"2025-09-27T05:59:48.814Z","vibration":0,"waterFlow":0,"waterLevel":0}
{"accelerometer":{"x":1.8,"y":-1.05,"z":0},"floodProbability":0,"landslideProbability":20,"level":"info","message":"Sensor data updated:","rain":0,"soilMoisture":50,"timestamp":"2025-09-27T05:59:49.858Z","vibration":0,"waterFlow":0,"waterLevel":0}
{"accelerometer":{"x":1.87,"y":-1.04,"z":0},"floodProbability":0,"landslideProbability":20,"level":"info","message":"Sensor data updated:","rain":0,"soilMoisture":50,"timestamp":"2025-09-27T05:59:50.902Z","vibration":0,"waterFlow":0,"waterLevel":0}
{"accelerometer":{"x":1.94,"y":-1.03,"z":0},"floodProbability":0,"landslideProbability":20,"level":"info","message":"Sensor data updated:","rain":0,"soilMoisture":50,"timestamp":"2025-09-27T05:59:51.947Z","vibration":0,"waterFlow":0,"waterLevel":0}
{"accelerometer":{"x":1.92,"y":-0.98,"z":0},"floodProbability":0,"landslideProbability":20,"level":"info","message":"Sensor data updated:","rain":0,"soilMoisture":50,"timestamp":"2025-09-27T05:59:52.990Z","vibration":0,"waterFlow":0,"waterLevel":0}
{"accelerometer":{"x":2.05,"y":-1.05,"z":0},"floodProbability":0,"landslideProbability":20,"level":"info","message":"Sensor data updated:","rain":0,"soilMoisture":50,"timestamp":"2025-09-27T05:59:54.034Z","vibration":0,"waterFlow":0,"waterLevel":0}
{"accelerometer":{"x":2.02,"y":-0.92,"z":0},"floodProbability":0,"landslideProbability":20,"level":"info","message":"Sensor data updated:","rain":0,"soilMoisture":50,"timestamp":"2025-09-27T05:59:55.078Z","vibration":0,"waterFlow":0,"waterLevel":0}
{"accelerometer":{"x":2.05,"y":-1.01,"z":0},"floodProbability":0,"landslideProbability":20,"level":"info","message":"Sensor data updated:","rain":0,"soilMoisture":50,"timestamp":"2025-09-27T05:59:56.122Z","vibration":0,"waterFlow":0,"waterLevel":0}
{"accelerometer":{"x":2.12,"y":-1.02,"z":0},"floodProbability":0,"landslideProbability":20,"level":"info","message":"Sensor data updated:","rain":0,"soilMoisture":50,"timestamp":"2025-09-27T05:59:57.166Z","vibration":0,"waterFlow":0,"waterLevel":0}
{"accelerometer":{"x":2.15,"y":-0.97,"z":0},"floodProbability":0,"landslideProbability":20,"level":"info","message":"Sensor data updated:","rain":0,"soilMoisture":50,"timestamp":"2025-09-27T05:59:58.210Z","vibration":0,"waterFlow":0,"waterLevel":0}
{"accelerometer":{"x":2.22,"y":-0.91,"z":0},"floodProbability":0,"landslideProbability":20,"level":"info","message":"Sensor data updated:","rain":0,"soilMoisture":50,"timestamp":"2025-09-27T05:59:59.254Z","vibration":0,"waterFlow":0,"waterLevel":0}
{"accelerometer":{"x":2.28,"y":-1.01,"z":0},"floodProbability":0,"landslideProbability":20,"level":"info","message":"Sensor data updated:","rain":0,"soilMoisture":50,"timestamp":"2025-09-27T06:00:00.298Z","vibration":0,"waterFlow":0,"waterLevel":0}
{"accelerometer":{"x":2.4,"y":-0.92,"z":0},"floodProbability":0,"landslideProbability":20,"level":"info","message":"Sensor data updated:","rain":0,"soilMoisture":50,"timestamp":"2025-09-27T06:00:01.342Z","vibration":0,"waterFlow":0,"waterLevel":0}
{"accelerometer":{"x":2.46,"y":-0.88,"z":0},"floodProbability":0,"landslideProbability":20,"level":"info","message":"Sensor data updated:","rain":0,"soilMoisture":50,"timestamp":"2025-09-27T06:00:02.386Z","vibration":0,"waterFlow":0,"waterLevel":0}
{"accelerometer":{"x":2.65,"y":-0.83,"z":0},"floodProbability":0,"landslideProbability":20,"level":"info","message":"Sensor data updated:","rain":0,"soilMoisture":50,"timestamp":"2025-09-27T06:00:03.430Z","vibration":0,"waterFlow":0,"waterLevel":0}
{"accelerometer":{"x":2.75,"y":-0.82,"z":0},"floodProbability":0,"landslideProbability":20,"level":"info","message":"Sensor data updated:","rain":0,"soilMoisture":50,"timestamp":"2025-09-27T06:00:04.474Z","vibration":0,"waterFlow":0,"waterLevel":0}
{"accelerometer":{"x":2.95,"y":-0.75,"z":0},"floodProbability":0,"landslideProbability":20,"level":"info","message":"Sensor data updated:","rain":0,"soilMoisture":50,"timestamp":"2025-09-27T06:00:05.518Z","vibration":0,"waterFlow":0,"waterLevel":0}
{"accelerometer":{"x":3,"y":-0.74,"z":0},"floodProbability":0,"landslideProbability":20,"level":"info","message":"Sensor data updated:","rain":0,"soilMoisture":50,"timestamp":"2025-09-27T06:00:06.563Z","vibration":0,"waterFlow":0,"waterLevel":0}
{"accelerometer":{"x":3.11,"y":-0.77,"z":0},"floodProbability":0,"landslideProbability":20,"level":"info","message":"Sensor data updated:","rain":0,"soilMoisture":50,"timestamp":"2025-09-27T06:00:07.606Z","vibration":0,"waterFlow":0,"waterLevel":0}
{"accelerometer":{"x":3.17,"y":-0.79,"z":0},"floodProbability":0,"landslideProbability":20,"level":"info","message":"Sensor data updated:","rain":0,"soilMoisture":50,"timestamp":"2025-09-27T06:00:08.650Z","vibration":0,"waterFlow":0,"waterLevel":0}
{"accelerometer":{"x":3.34,"y":-0.74,"z":0},"floodProbability":0,"landslideProbability":20,"level":"info","message":"Sensor data updated:","rain":0,"soilMoisture":50,"timestamp":"2025-09-27T06:00:09.694Z","vibration":0,"waterFlow":0,"waterLevel":0}
{"accelerometer":{"x":3.47,"y":-0.79,"z":0},"floodProbability":0,"landslideProbability":20,"level":"info","message":"Sensor data updated:","rain":0,"soilMoisture":50,"timestamp":"2025-09-27T06:00:10.738Z","vibration":0,"waterFlow":0,"waterLevel":0}
{"accelerometer":{"x":3.34,"y":-0.94,"z":0},"floodProbability":0,"landslideProbability":20,"level":"info","message":"Sensor data updated:","rain":0,"soilMoisture":50,"timestamp":"2025-09-27T06:00:11.782Z","vibration":0,"waterFlow":0,"waterLevel":0}
{"accelerometer":{"x":3.34,"y":-1.09,"z":0},"floodProbability":0,"landslideProbability":20,"level":"info","message":"Sensor data updated:","rain":0,"soilMoisture":50,"timestamp":"2025-09-27T06:00:12.826Z","vibration":0,"waterFlow":0,"waterLevel":0}
{"accelerometer":{"x":3.2,"y":-1.27,"z":0},"floodProbability":0,"landslideProbability":20,"level":"info","message":"Sensor data updated:","rain":0,"soilMoisture":50,"timestamp":"2025-09-27T06:00:13.870Z","vibration":0,"waterFlow":0,"waterLevel":0}
{"accelerometer":{"x":3.3,"y":-1.67,"z":0},"floodProbability":0,"landslideProbability":20,"level":"info","message":"Sensor data updated:","rain":0,"soilMoisture":50,"timestamp":"2025-09-27T06:00:14.914Z","vibration":0,"waterFlow":0,"waterLevel":0}
{"accelerometer":{"x":3.08,"y":-1.96,"z":0},"floodProbability":0,"landslideProbability":20,"level":"info","message":"Sensor data updated:","rain":0,"soilMoisture":50,"timestamp":"2025-09-27T06:00:15.958Z","vibration":0,"waterFlow":0,"waterLevel":0}
{"accelerometer":{"x":3.08,"y":-2.07,"z":0},"floodProbability":0,"landslideProbability":20,"level":"info","message":"Sensor data updated:","rain":0,"soilMoisture":50,"timestamp":"2025-09-27T06:00:17.002Z","vibration":0,"waterFlow":0,"waterLevel":0}
{"accelerometer":{"x":3.1,"y":-2.29,"z":0},"floodProbability":0,"landslideProbability":20,"level":"info","message":"Sensor data updated:","rain":0,"soilMoisture":50,"timestamp":"2025-09-27T06:00:18.046Z","vibration":0,"waterFlow":0,"waterLevel":0}
{"accelerometer":{"x":3.1,"y":-2.38,"z":0},"floodProbability":0,"landslideProbability":100,"level":"info","message":"Sensor data updated:","rain":0,"soilMoisture":1000,"timestamp":"2025-09-27T06:00:19.344Z","vibration":0,"waterFlow":0,"waterLevel":0}
{"accelerometer":{"x":3.23,"y":-2.36,"z":0},"floodProbability":5,"landslideProbability":100,"level":"info","message":"Sensor data updated:","rain":0,"soilMoisture":1000,"timestamp":"2025-09-27T06:00:20.641Z","vibration":0,"waterFlow":0,"waterLevel":10}
{"accelerometer":{"x":3.14,"y":-2.42,"z":0},"floodProbability":5,"landslideProbability":24,"level":"info","message":"Sensor data updated:","rain":0,"soilMoisture":60,"timestamp":"2025-09-27T06:00:21.685Z","vibration":0,"waterFlow":0,"waterLevel":0}
{"accelerometer":{"x":3.16,"y":-2.48,"z":0},"floodProbability":0,"landslideProbability":20,"level":"info","message":"Sensor data updated:","rain":0,"soilMoisture":50,"timestamp":"2025-09-27T06:00:22.729Z","vibration":0,"waterFlow":0,"waterLevel":0}
{"accelerometer":{"x":3.13,"y":-2.46,"z":0},"floodProbability":5,"landslideProbability":20,"level":"info","message":"Sensor data updated:","rain":0,"soilMoisture":50,"timestamp":"2025-09-27T06:00:23.773Z","vibration":0,"waterFlow":0,"waterLevel":10}
{"accelerometer":{"x":3.16,"y":-2.56,"z":0},"floodProbability":5,"landslideProbability":100,"level":"info","message":"Sensor data updated:","rain":0,"soilMoisture":1000,"timestamp":"2025-09-27T06:00:25.070Z","vibration":0,"waterFlow":0,"waterLevel":10}
{"accelerometer":{"x":3.2,"y":-2.55,"z":0},"floodProbability":5,"landslideProbability":20,"level":"info","message":"Sensor data updated:","rain":0,"soilMoisture":50,"timestamp":"2025-09-27T06:00:26.115Z","vibration":0,"waterFlow":0,"waterLevel":10}
{"accelerometer":{"x":3.09,"y":-2.55,"z":0},"floodProbability":5,"landslideProbability":20,"level":"info","message":"Sensor data updated:","rain":0,"soilMoisture":50,"timestamp":"2025-09-27T06:00:27.158Z","vibration":0,"waterFlow":0,"waterLevel":10}
{"accelerometer":{"x":3.09,"y":-2.65,"z":0},"floodProbability":5,"landslideProbability":20,"level":"info","message":"Sensor data updated:","rain":0,"soilMoisture":50,"timestamp":"2025-09-27T06:00:28.203Z","vibration":0,"waterFlow":0,"waterLevel":10}
{"accelerometer":{"x":3.48,"y":-2.56,"z":0},"floodProbability":5,"landslideProbability":20,"level":"info","message":"Sensor data updated:","rain":0,"soilMoisture":50,"timestamp":"2025-09-27T06:00:29.247Z","vibration":0,"waterFlow":0,"waterLevel":0}
{"accelerometer":{"x":3.01,"y":-2.92,"z":0},"floodProbability":0,"landslideProbability":20,"level":"info","message":"Sensor data updated:","rain":0,"soilMoisture":50,"timestamp":"2025-09-27T06:00:30.291Z","vibration":0,"waterFlow":0,"waterLevel":0}
{"accelerometer":{"x":2.87,"y":-2.89,"z":0},"floodProbability":0,"landslideProbability":44,"level":"info","message":"Sensor data updated:","rain":0,"soilMoisture":110,"timestamp":"2025-09-27T06:00:31.336Z","vibration":0,"waterFlow":0,"waterLevel":0}
{"accelerometer":{"x":0.63,"y":-3.65,"z":0},"floodProbability":0,"landslideProbability":24,"level":"info","message":"Sensor data updated:","rain":0,"soilMoisture":60,"timestamp":"2025-09-27T06:00:32.380Z","vibration":0,"waterFlow":0,"waterLevel":0}
{"accelerometer":{"x":3.34,"y":-2.9,"z":0},"floodProbability":0,"landslideProbability":48,"level":"info","message":"Sensor data updated:","rain":0,"soilMoisture":120,"timestamp":"2025-09-27T06:00:33.426Z","vibration":0,"waterFlow":0,"waterLevel":0}
{"accelerometer":{"x":1.21,"y":-1.37,"z":0},"floodProbability":0,"landslideProbability":20,"level":"info","message":"Sensor data updated:","rain":0,"soilMoisture":50,"timestamp":"2025-09-27T06:00:34.470Z","vibration":0,"waterFlow":0,"waterLevel":0}
{"accelerometer":{"x":1.31,"y":-1.19,"z":0},"floodProbability":0,"landslideProbability":100,"level":"info","message":"Sensor data updated:","rain":0,"soilMoisture":1000,"timestamp":"2025-09-27T06:00:35.767Z","vibration":0,"waterFlow":0,"waterLevel":0}
{"accelerometer":{"x":1.43,"y":-1.28,"z":0},"floodProbability":0,"landslideProbability":100,"level":"info","message":"Sensor data updated:","rain":0,"soilMoisture":1000,"timestamp":"2025-09-27T06:00:37.065Z","vibration":0,"waterFlow":0,"waterLevel":0}
{"accelerometer":{"x":1.42,"y":-1.08,"z":0},"floodProbability":0,"landslideProbability":100,"level":"info","message":"Sensor data updated:","rain":0,"soilMoisture":1000,"timestamp":"2025-09-27T06:00:38.363Z","vibration":0,"waterFlow":0,"waterLevel":0}
{"accelerometer":{"x":1.59,"y":-1.07,"z":0},"floodProbability":0,"landslideProbability":100,"level":"info","message":"Sensor data updated:","rain":0,"soilMoisture":640,"timestamp":"2025-09-27T06:00:39.658Z","vibration":0,"waterFlow":0,"waterLevel":0}
{"accelerometer":{"x":1.56,"y":-1.05,"z":0},"floodProbability":0,"landslideProbability":100,"level":"info","message":"Sensor data updated:","rain":0,"soilMoisture":1000,"timestamp":"2025-09-27T06:00:40.956Z","vibration":0,"waterFlow":0,"waterLevel":0}
{"accelerometer":{"x":1.61,"y":-1.07,"z":0},"floodProbability":0,"landslideProbability":24,"level":"info","message":"Sensor data updated:","rain":0,"soilMoisture":60,"timestamp":"2025-09-27T06:00:42.000Z","vibration":0,"waterFlow":0,"waterLevel":0}
{"accelerometer":{"x":1.55,"y":-1.07,"z":0},"floodProbability":0,"landslideProbability":20,"level":"info","message":"Sensor data updated:","rain":0,"soilMoisture":50,"timestamp":"2025-09-27T06:00:43.044Z","vibration":0,"waterFlow":0,"waterLevel":0}
{"accelerometer":{"x":1.61,"y":-1.09,"z":0},"floodProbability":0,"landslideProbability":20,"level":"info","message":"Sensor data updated:","rain":0,"soilMoisture":50,"timestamp":"2025-09-27T06:00:44.088Z","vibration":0,"waterFlow":0,"waterLevel":0}
{"accelerometer":{"x":1.59,"y":-1.06,"z":0},"floodProbability":0,"landslideProbability":20,"level":"info","message":"Sensor data updated:","rain":0,"soilMoisture":50,"timestamp":"2025-09-27T06:00:45.132Z","vibration":0,"waterFlow":0,"waterLevel":0}
{"accelerometer":{"x":1.56,"y":-1.13,"z":0},"floodProbability":0,"landslideProbability":20,"level":"info","message":"Sensor data updated:","rain":0,"soilMoisture":50,"timestamp":"2025-09-27T06:00:46.176Z","vibration":0,"waterFlow":0,"waterLevel":0}
{"accelerometer":{"x":1.66,"y":-1.08,"z":0},"floodProbability":0,"landslideProbability":20,"level":"info","message":"Sensor data updated:","rain":0,"soilMoisture":50,"timestamp":"2025-09-27T06:00:47.220Z","vibration":0,"waterFlow":0,"waterLevel":0}
{"accelerometer":{"x":1.61,"y":-1.07,"z":0},"floodProbability":0,"landslideProbability":20,"level":"info","message":"Sensor data updated:","rain":0,"soilMoisture":50,"timestamp":"2025-09-27T06:00:48.264Z","vibration":0,"waterFlow":0,"waterLevel":0}
{"accelerometer":{"x":1.65,"y":-1.1,"z":0},"floodProbability":0,"landslideProbability":20,"level":"info","message":"Sensor data updated:","rain":0,"soilMoisture":50,"timestamp":"2025-09-27T06:00:49.308Z","vibration":0,"waterFlow":0,"waterLevel":0}
{"accelerometer":{"x":1.67,"y":-1.08,"z":0},"floodProbability":0,"landslideProbability":20,"level":"info","message":"Sensor data updated:","rain":0,"soilMoisture":50,"timestamp":"2025-09-27T06:00:50.352Z","vibration":0,"waterFlow":0,"waterLevel":0}
{"accelerometer":{"x":1.7,"y":-1.08,"z":0},"floodProbability":0,"landslideProbability":20,"level":"info","message":"Sensor data updated:","rain":0,"soilMoisture":50,"timestamp":"2025-09-27T06:00:51.396Z","vibration":0,"waterFlow":0,"waterLevel":0}
{"accelerometer":{"x":1.65,"y":-1.07,"z":0},"floodProbability":0,"landslideProbability":20,"level":"info","message":"Sensor data updated:","rain":0,"soilMoisture":50,"timestamp":"2025-09-27T06:00:52.440Z","vibration":0,"waterFlow":0,"waterLevel":0}
{"accelerometer":{"x":1.68,"y":-1.11,"z":0},"floodProbability":0,"landslideProbability":20,"level":"info","message":"Sensor data updated:","rain":0,"soilMoisture":50,"timestamp":"2025-09-27T06:00:53.484Z","vibration":0,"waterFlow":0,"waterLevel":0}
{"accelerometer":{"x":1.73,"y":-1.11,"z":0},"floodProbability":0,"landslideProbability":20,"level":"info","message":"Sensor data updated:","rain":0,"soilMoisture":50,"timestamp":"2025-09-27T06:00:54.528Z","vibration":0,"waterFlow":0,"waterLevel":0}
{"accelerometer":{"x":1.74,"y":-0.95,"z":0},"floodProbability":0,"landslideProbability":20,"level":"info","message":"Sensor data updated:","rain":0,"soilMoisture":50,"timestamp":"2025-09-27T06:00:55.572Z","vibration":0,"waterFlow":0,"waterLevel":0}
{"accelerometer":{"x":1.75,"y":-1.06,"z":0},"floodProbability":0,"landslideProbability":20,"level":"info","message":"Sensor data updated:","rain":0,"soilMoisture":50,"timestamp":"2025-09-27T06:00:56.616Z","vibration":0,"waterFlow":0,"waterLevel":0}
{"accelerometer":{"x":1.78,"y":-0.99,"z":0},"floodProbability":0,"landslideProbability":20,"level":"info","message":"Sensor data updated:","rain":0,"soilMoisture":50,"timestamp":"2025-09-27T06:00:57.660Z","vibration":0,"waterFlow":0,"waterLevel":0}
{"accelerometer":{"x":1.74,"y":-1.08,"z":0},"floodProbability":0,"landslideProbability":20,"level":"info","message":"Sensor data updated:","rain":0,"soilMoisture":50,"timestamp":"2025-09-27T06:00:58.704Z","vibration":0,"waterFlow":0,"waterLevel":0}
{"accelerometer":{"x":1.88,"y":-1.04,"z":0},"floodProbability":0,"landslideProbability":20,"level":"info","message":"Sensor data updated:","rain":0,"soilMoisture":50,"timestamp":"2025-09-27T06:00:59.748Z","vibration":0,"waterFlow":0,"waterLevel":0}
{"accelerometer":{"x":1.78,"y":-0.99,"z":0},"floodProbability":0,"landslideProbability":20,"level":"info","message":"Sensor data updated:","rain":0,"soilMoisture":50,"timestamp":"2025-09-27T06:01:00.792Z","vibration":0,"waterFlow":0,"waterLevel":0}
{"accelerometer":{"x":1.85,"y":-1,"z":0},"floodProbability":0,"landslideProbability":20,"level":"info","message":"Sensor data updated:","rain":0,"soilMoisture":50,"timestamp":"2025-09-27T06:01:01.836Z","vibration":0,"waterFlow":0,"waterLevel":0}
{"accelerometer":{"x":1.87,"y":-0.98,"z":0},"floodProbability":0,"landslideProbability":20,"level":"info","message":"Sensor data updated:","rain":0,"soilMoisture":50,"timestamp":"2025-09-27T06:01:02.880Z","vibration":0,"waterFlow":0,"waterLevel":0}
{"accelerometer":{"x":1.91,"y":-0.94,"z":0},"floodProbability":0,"landslideProbability":20,"level":"info","message":"Sensor data updated:","rain":0,"soilMoisture":50,"timestamp":"2025-09-27T06:01:03.924Z","vibration":0,"waterFlow":0,"waterLevel":0}
{"accelerometer":{"x":1.89,"y":-1.03,"z":0},"floodProbability":0,"landslideProbability":20,"level":"info","message":"Sensor data updated:","rain":0,"soilMoisture":50,"timestamp":"2025-09-27T06:01:04.968Z","vibration":0,"waterFlow":0,"waterLevel":0}
{"accelerometer":{"x":1.92,"y":-0.94,"z":0},"floodProbability":0,"landslideProbability":20,"level":"info","message":"Sensor data updated:","rain":0,"soilMoisture":50,"timestamp":"2025-09-27T06:01:06.012Z","vibration":0,"waterFlow":0,"waterLevel":0}
{"accelerometer":{"x":1.98,"y":-0.97,"z":0},"floodProbability":0,"landslideProbability":20,"level":"info","message":"Sensor data updated:","rain":0,"soilMoisture":50,"timestamp":"2025-09-27T06:01:07.057Z","vibration":0,"waterFlow":0,"waterLevel":0}
{"accelerometer":{"x":2.05,"y":-0.96,"z":0},"floodProbability":0,"landslideProbability":20,"level":"info","message":"Sensor data updated:","rain":0,"soilMoisture":50,"timestamp":"2025-09-27T06:01:08.101Z","vibration":0,"waterFlow":0,"waterLevel":0}
{"accelerometer":{"x":2.08,"y":-0.92,"z":0},"floodProbability":0,"landslideProbability":20,"level":"info","message":"Sensor data updated:","rain":0,"soilMoisture":50,"timestamp":"2025-09-27T06:01:09.145Z","vibration":0,"waterFlow":0,"waterLevel":0}
{"accelerometer":{"x":2.17,"y":-0.93,"z":0},"floodProbability":0,"landslideProbability":20,"level":"info","message":"Sensor data updated:","rain":0,"soilMoisture":50,"timestamp":"2025-09-27T06:01:10.189Z","vibration":0,"waterFlow":0,"waterLevel":0}
{"accelerometer":{"x":2.36,"y":-0.79,"z":0},"floodProbability":0,"landslideProbability":20,"level":"info","message":"Sensor data updated:","rain":0,"soilMoisture":50,"timestamp":"2025-09-27T06:01:11.233Z","vibration":0,"waterFlow":0,"waterLevel":0}
{"accelerometer":{"x":2.48,"y":-0.76,"z":0},"floodProbability":0,"landslideProbability":20,"level":"info","message":"Sensor data updated:","rain":0,"soilMoisture":50,"timestamp":"2025-09-27T06:01:12.277Z","vibration":0,"waterFlow":0,"waterLevel":0}
{"accelerometer":{"x":2.69,"y":-0.7,"z":0},"floodProbability":0,"landslideProbability":20,"level":"info","message":"Sensor data updated:","rain":0,"soilMoisture":50,"timestamp":"2025-09-27T06:01:13.320Z","vibration":0,"waterFlow":0,"waterLevel":0}
{"accelerometer":{"x":2.89,"y":-0.66,"z":0},"floodProbability":0,"landslideProbability":20,"level":"info","message":"Sensor data updated:","rain":0,"soilMoisture":50,"timestamp":"2025-09-27T06:01:14.365Z","vibration":0,"waterFlow":0,"waterLevel":0}
{"accelerometer":{"x":3.03,"y":-0.69,"z":0},"floodProbability":0,"landslideProbability":20,"level":"info","message":"Sensor data updated:","rain":0,"soilMoisture":50,"timestamp":"2025-09-27T06:01:15.409Z","vibration":0,"waterFlow":0,"waterLevel":0}
{"accelerometer":{"x":3.15,"y":-0.65,"z":0},"floodProbability":0,"landslideProbability":20,"level":"info","message":"Sensor data updated:","rain":0,"soilMoisture":50,"timestamp":"2025-09-27T06:01:16.453Z","vibration":0,"waterFlow":0,"waterLevel":0}
{"accelerometer":{"x":3.16,"y":-0.74,"z":0},"floodProbability":0,"landslideProbability":20,"level":"info","message":"Sensor data updated:","rain":0,"soilMoisture":50,"timestamp":"2025-09-27T06:01:17.497Z","vibration":0,"waterFlow":0,"waterLevel":0}
{"accelerometer":{"x":3.47,"y":-0.63,"z":0},"floodProbability":0,"landslideProbability":20,"level":"info","message":"Sensor data updated:","rain":0,"soilMoisture":50,"timestamp":"2025-09-27T06:01:18.541Z","vibration":0,"waterFlow":0,"waterLevel":0}
{"accelerometer":{"x":3.61,"y":-0.66,"z":0},"floodProbability":0,"landslideProbability":20,"level":"info","message":"Sensor data updated:","rain":0,"soilMoisture":50,"timestamp":"2025-09-27T06:01:19.585Z","vibration":0,"waterFlow":0,"waterLevel":0}
{"accelerometer":{"x":3.92,"y":-0.63,"z":0},"floodProbability":0,"landslideProbability":20,"level":"info","message":"Sensor data updated:","rain":0,"soilMoisture":50,"timestamp":"2025-09-27T06:01:20.629Z","vibration":0,"waterFlow":0,"waterLevel":0}
{"accelerometer":{"x":4.4,"y":-0.7,"z":0},"floodProbability":0,"landslideProbability":20,"level":"info","message":"Sensor data updated:","rain":0,"soilMoisture":50,"timestamp":"2025-09-27T06:01:21.673Z","vibration":0,"waterFlow":0,"waterLevel":0}
{"accelerometer":{"x":4.07,"y":-1.96,"z":0},"floodProbability":0,"landslideProbability":20,"level":"info","message":"Sensor data updated:","rain":0,"soilMoisture":50,"timestamp":"2025-09-27T06:01:22.717Z","vibration":0,"waterFlow":0,"waterLevel":0}
{"accelerometer":{"x":3.71,"y":-2.19,"z":0},"floodProbability":0,"landslideProbability":20,"level":"info","message":"Sensor data updated:","rain":0,"soilMoisture":50,"timestamp":"2025-09-27T06:01:23.761Z","vibration":0,"waterFlow":0,"waterLevel":0}
{"accelerometer":{"x":3.62,"y":-2.37,"z":0},"floodProbability":0,"landslideProbability":20,"level":"info","message":"Sensor data updated:","rain":0,"soilMoisture":50,"timestamp":"2025-09-27T06:01:24.805Z","vibration":0,"waterFlow":0,"waterLevel":0}
{"accelerometer":{"x":3.62,"y":-2.47,"z":0},"floodProbability":0,"landslideProbability":20,"level":"info","message":"Sensor data updated:","rain":0,"soilMoisture":50,"timestamp":"2025-09-27T06:01:25.849Z","vibration":0,"waterFlow":0,"waterLevel":0}
{"accelerometer":{"x":3.53,"y":-2.58,"z":0},"floodProbability":0,"landslideProbability":20,"level":"info","message":"Sensor data updated:","rain":0,"soilMoisture":50,"timestamp":"2025-09-27T06:01:26.893Z","vibration":0,"waterFlow":0,"waterLevel":0}
{"accelerometer":{"x":3.58,"y":-2.55,"z":0},"floodProbability":0,"landslideProbability":20,"level":"info","message":"Sensor data updated:","rain":0,"soilMoisture":50,"timestamp":"2025-09-27T06:01:27.937Z","vibration":0,"waterFlow":0,"waterLevel":0}
{"accelerometer":{"x":3.52,"y":-2.67,"z":0},"floodProbability":0,"landslideProbability":20,"level":"info","message":"Sensor data updated:","rain":0,"soilMoisture":50,"timestamp":"2025-09-27T06:01:28.981Z","vibration":0,"waterFlow":0,"waterLevel":0}
{"accelerometer":{"x":3.51,"y":-2.68,"z":0},"floodProbability":0,"landslideProbability":20,"level":"info","message":"Sensor data updated:","rain":0,"soilMoisture":50,"timestamp":"2025-09-27T06:01:30.025Z","vibration":0,"waterFlow":0,"waterLevel":0}
{"accelerometer":{"x":3.47,"y":-2.72,"z":0},"floodProbability":0,"landslideProbability":20,"level":"info","message":"Sensor data updated:","rain":0,"soilMoisture":50,"timestamp":"2025-09-27T06:01:31.069Z","vibration":0,"waterFlow":0,"waterLevel":0}
{"accelerometer":{"x":3.44,"y":-2.76,"z":0},"floodProbability":0,"landslideProbability":20,"level":"info","message":"Sensor data updated:","rain":0,"soilMoisture":50,"timestamp":"2025-09-27T06:01:32.113Z","vibration":0,"waterFlow":0,"waterLevel":0}
{"accelerometer":{"x":3.43,"y":-2.83,"z":0},"floodProbability":0,"landslideProbability":20,"level":"info","message":"Sensor data updated:","rain":0,"soilMoisture":50,"timestamp":"2025-09-27T06:01:33.157Z","vibration":0,"waterFlow":0,"waterLevel":0}
{"accelerometer":{"x":3.37,"y":-2.72,"z":0},"floodProbability":0,"landslideProbability":20,"level":"info","message":"Sensor data updated:","rain":0,"soilMoisture":50,"timestamp":"2025-09-27T06:01:34.201Z","vibration":0,"waterFlow":0,"waterLevel":0}
{"accelerometer":{"x":3.44,"y":-2.66,"z":0},"floodProbability":0,"landslideProbability":20,"level":"info","message":"Sensor data updated:","rain":0,"soilMoisture":50,"timestamp":"2025-09-27T06:01:35.245Z","vibration":0,"waterFlow":0,"waterLevel":0}
{"accelerometer":{"x":4.27,"y":-1.15,"z":0},"floodProbability":0,"landslideProbability":20,"level":"info","message":"Sensor data updated:","rain":0,"soilMoisture":50,"timestamp":"2025-09-27T06:01:36.289Z","vibration":0,"waterFlow":0,"waterLevel":0}
{"accelerometer":{"x":1,"y":-1.42,"z":0},"floodProbability":0,"landslideProbability":100,"level":"info","message":"Sensor data updated:","rain":0,"soilMoisture":310,"timestamp":"2025-09-27T06:01:37.582Z","vibration":0,"waterFlow":0,"waterLevel":0}
{"accelerometer":{"x":1.28,"y":-1.36,"z":0},"floodProbability":0,"landslideProbability":100,"level":"info","message":"Sensor data updated:","rain":0,"soilMoisture":810,"timestamp":"2025-09-27T06:01:38.878Z","vibration":0,"waterFlow":0,"waterLevel":0}
{"accelerometer":{"x":1.39,"y":-1.32,"z":0},"floodProbability":0,"landslideProbability":28,"level":"info","message":"Sensor data updated:","rain":0,"soilMoisture":70,"timestamp":"2025-09-27T06:01:39.922Z","vibration":0,"waterFlow":0,"waterLevel":0}
{"accelerometer":{"x":1.55,"y":-1.37,"z":0},"floodProbability":0,"landslideProbability":100,"level":"info","message":"Sensor data updated:","rain":0,"soilMoisture":780,"timestamp":"2025-09-27T06:01:41.217Z","vibration":0,"waterFlow":0,"waterLevel":0}
{"accelerometer":{"x":1.56,"y":-1.39,"z":0},"floodProbability":0,"landslideProbability":20,"level":"info","message":"Sensor data updated:","rain":0,"soilMoisture":50,"timestamp":"2025-09-27T06:01:42.262Z","vibration":0,"waterFlow":0,"waterLevel":0}
{"accelerometer":{"x":1.68,"y":-1.32,"z":0},"floodProbability":0,"landslideProbability":20,"level":"info","message":"Sensor data updated:","rain":0,"soilMoisture":50,"timestamp":"2025-09-27T06:01:43.306Z","vibration":0,"waterFlow":0,"waterLevel":0}
{"accelerometer":{"x":1.73,"y":-1.31,"z":0},"floodProbability":0,"landslideProbability":20,"level":"info","message":"Sensor data updated:","rain":0,"soilMoisture":50,"timestamp":"2025-09-27T06:01:44.350Z","vibration":0,"waterFlow":0,"waterLevel":0}
{"accelerometer":{"x":1.89,"y":-1.27,"z":0},"floodProbability":0,"landslideProbability":20,"level":"info","message":"Sensor data updated:","rain":0,"soilMoisture":50,"timestamp":"2025-09-27T06:01:45.394Z","vibration":0,"waterFlow":0,"waterLevel":0}
{"accelerometer":{"x":2.06,"y":-1.38,"z":0},"floodProbability":0,"landslideProbability":20,"level":"info","message":"Sensor data updated:","rain":0,"soilMoisture":50,"timestamp":"2025-09-27T06:01:46.438Z","vibration":0,"waterFlow":0,"waterLevel":0}
{"accelerometer":{"x":2.39,"y":-1.34,"z":0},"floodProbability":0,"landslideProbability":20,"level":"info","message":"Sensor data updated:","rain":0,"soilMoisture":50,"timestamp":"2025-09-27T06:01:47.482Z","vibration":0,"waterFlow":0,"waterLevel":0}
{"accelerometer":{"x":2.92,"y":-1.27,"z":0},"floodProbability":0,"landslideProbability":20,"level":"info","message":"Sensor data updated:","rain":0,"soilMoisture":50,"timestamp":"2025-09-27T06:01:48.526Z","vibration":0,"waterFlow":0,"waterLevel":0}
{"accelerometer":{"x":3.76,"y":-1.22,"z":0},"floodProbability":0,"landslideProbability":20,"level":"info","message":"Sensor data updated:","rain":0,"soilMoisture":50,"timestamp":"2025-09-27T06:01:49.570Z","vibration":0,"waterFlow":0,"waterLevel":0}
{"accelerometer":{"x":4.38,"y":-1.31,"z":0},"floodProbability":0,"landslideProbability":20,"level":"info","message":"Sensor data updated:","rain":0,"soilMoisture":50,"timestamp":"2025-09-27T06:01:50.614Z","vibration":0,"waterFlow":0,"waterLevel":0}
{"accelerometer":{"x":4.24,"y":-2.23,"z":0},"floodProbability":0,"landslideProbability":20,"level":"info","message":"Sensor data updated:","rain":0,"soilMoisture":50,"timestamp":"2025-09-27T06:01:51.658Z","vibration":0,"waterFlow":0,"waterLevel":0}
{"accelerometer":{"x":3.53,"y":-2.35,"z":0},"floodProbability":0,"landslideProbability":20,"level":"info","message":"Sensor data updated:","rain":0,"soilMoisture":50,"timestamp":"2025-09-27T06:01:52.702Z","vibration":0,"waterFlow":0,"waterLevel":0}
{"accelerometer":{"x":3.38,"y":-2.59,"z":0},"floodProbability":0,"landslideProbability":20,"level":"info","message":"Sensor data updated:","rain":0,"soilMoisture":50,"timestamp":"2025-09-27T06:01:53.746Z","vibration":0,"waterFlow":0,"waterLevel":0}
{"accelerometer":{"x":3.43,"y":-2.65,"z":0},"floodProbability":0,"landslideProbability":20,"level":"info","message":"Sensor data updated:","rain":0,"soilMoisture":50,"timestamp":"2025-09-27T06:01:54.790Z","vibration":0,"waterFlow":0,"waterLevel":0}
{"accelerometer":{"x":3.36,"y":-2.61,"z":0},"floodProbability":0,"landslideProbability":20,"level":"info","message":"Sensor data updated:","rain":0,"soilMoisture":50,"timestamp":"2025-09-27T06:01:55.835Z","vibration":0,"waterFlow":0,"waterLevel":0}
{"accelerometer":{"x":3.35,"y":-2.77,"z":0},"floodProbability":0,"landslideProbability":20,"level":"info","message":"Sensor data updated:","rain":0,"soilMoisture":50,"timestamp":"2025-09-27T06:01:56.878Z","vibration":0,"waterFlow":0,"waterLevel":0}
{"accelerometer":{"x":3.31,"y":-2.72,"z":0},"floodProbability":0,"landslideProbability":20,"level":"info","message":"Sensor data updated:","rain":0,"soilMoisture":50,"timestamp":"2025-09-27T06:01:57.923Z","vibration":0,"waterFlow":0,"waterLevel":0}
{"accelerometer":{"x":3.34,"y":-2.8,"z":0},"floodProbability":0,"landslideProbability":20,"level":"info","message":"Sensor data updated:","rain":0,"soilMoisture":50,"timestamp":"2025-09-27T06:01:58.966Z","vibration":0,"waterFlow":0,"waterLevel":0}
{"accelerometer":{"x":3.34,"y":-2.79,"z":0},"floodProbability":0,"landslideProbability":20,"level":"info","message":"Sensor data updated:","rain":0,"soilMoisture":50,"timestamp":"2025-09-27T06:02:00.010Z","vibration":0,"waterFlow":0,"waterLevel":0}
{"accelerometer":{"x":3.22,"y":-2.82,"z":0},"floodProbability":0,"landslideProbability":20,"level":"info","message":"Sensor data updated:","rain":0,"soilMoisture":50,"timestamp":"2025-09-27T06:02:01.054Z","vibration":0,"waterFlow":0,"waterLevel":0}
{"accelerometer":{"x":3.3,"y":-2.87,"z":0},"floodProbability":0,"landslideProbability":20,"level":"info","message":"Sensor data updated:","rain":0,"soilMoisture":50,"timestamp":"2025-09-27T06:02:02.098Z","vibration":0,"waterFlow":0,"waterLevel":0}
{"accelerometer":{"x":3.25,"y":-2.86,"z":0},"floodProbability":0,"landslideProbability":20,"level":"info","message":"Sensor data updated:","rain":0,"soilMoisture":50,"timestamp":"2025-09-27T06:02:03.142Z","vibration":0,"waterFlow":0,"waterLevel":0}
{"accelerometer":{"x":3.27,"y":-2.78,"z":0},"floodProbability":0,"landslideProbability":20,"level":"info","message":"Sensor data updated:","rain":0,"soilMoisture":50,"timestamp":"2025-09-27T06:02:04.187Z","vibration":0,"waterFlow":0,"waterLevel":0}
{"accelerometer":{"x":3.29,"y":-2.87,"z":0},"floodProbability":0,"landslideProbability":20,"level":"info","message":"Sensor data updated:","rain":0,"soilMoisture":50,"timestamp":"2025-09-27T06:02:05.231Z","vibration":0,"waterFlow":0,"waterLevel":0}
{"accelerometer":{"x":3.27,"y":-2.83,"z":0},"floodProbability":0,"landslideProbability":20,"level":"info","message":"Sensor data updated:","rain":0,"soilMoisture":50,"timestamp":"2025-09-27T06:02:06.275Z","vibration":0,"waterFlow":0,"waterLevel":0}
{"accelerometer":{"x":3.28,"y":-2.81,"z":0},"floodProbability":0,"landslideProbability":20,"level":"info","message":"Sensor data updated:","rain":0,"soilMoisture":50,"timestamp":"2025-09-27T06:02:07.319Z","vibration":0,"waterFlow":0,"waterLevel":0}
{"accelerometer":{"x":3.24,"y":-2.78,"z":0},"floodProbability":0,"landslideProbability":20,"level":"info","message":"Sensor data updated:","rain":0,"soilMoisture":50,"timestamp":"2025-09-27T06:02:08.363Z","vibration":0,"waterFlow":0,"waterLevel":0}
{"accelerometer":{"x":3.26,"y":-2.82,"z":0},"floodProbability":0,"landslideProbability":20,"level":"info","message":"Sensor data updated:","rain":0,"soilMoisture":50,"timestamp":"2025-09-27T06:02:09.407Z","vibration":0,"waterFlow":0,"waterLevel":0}
{"accelerometer":{"x":3.27,"y":-2.87,"z":0},"floodProbability":0,"landslideProbability":20,"level":"info","message":"Sensor data updated:","rain":0,"soilMoisture":50,"timestamp":"2025-09-27T06:02:10.451Z","vibration":0,"waterFlow":0,"waterLevel":0}
{"accelerometer":{"x":3.28,"y":-2.82,"z":0},"floodProbability":0,"landslideProbability":20,"level":"info","message":"Sensor data updated:","rain":0,"soilMoisture":50,"timestamp":"2025-09-27T06:02:11.495Z","vibration":0,"waterFlow":0,"waterLevel":0}
{"accelerometer":{"x":3.28,"y":-2.87,"z":0},"floodProbability":0,"landslideProbability":20,"level":"info","message":"Sensor data updated:","rain":0,"soilMoisture":50,"timestamp":"2025-09-27T06:02:12.539Z","vibration":0,"waterFlow":0,"waterLevel":0}
{"accelerometer":{"x":3.27,"y":-2.85,"z":0},"floodProbability":0,"landslideProbability":20,"level":"info","message":"Sensor data updated:","rain":0,"soilMoisture":50,"timestamp":"2025-09-27T06:02:13.583Z","vibration":0,"waterFlow":0,"waterLevel":0}
{"accelerometer":{"x":3.22,"y":-2.86,"z":0},"floodProbability":0,"landslideProbability":20,"level":"info","message":"Sensor data updated:","rain":0,"soilMoisture":50,"timestamp":"2025-09-27T06:02:14.627Z","vibration":0,"waterFlow":0,"waterLevel":0}
{"accelerometer":{"x":3.28,"y":-2.89,"z":0},"floodProbability":0,"landslideProbability":20,"level":"info","message":"Sensor data updated:","rain":0,"soilMoisture":50,"timestamp":"2025-09-27T06:02:15.672Z","vibration":0,"waterFlow":0,"waterLevel":0}
{"accelerometer":{"x":3.28,"y":-2.88,"z":0},"floodProbability":0,"landslideProbability":20,"level":"info","message":"Sensor data updated:","rain":0,"soilMoisture":50,"timestamp":"2025-09-27T06:02:16.715Z","vibration":0,"waterFlow":0,"waterLevel":0}
{"accelerometer":{"x":3.52,"y":-3,"z":0},"floodProbability":0,"landslideProbability":20,"level":"info","message":"Sensor data updated:","rain":0,"soilMoisture":50,"timestamp":"2025-09-27T06:02:17.759Z","vibration":0,"waterFlow":0,"waterLevel":0}
{"accelerometer":{"x":3.22,"y":-2.98,"z":0},"floodProbability":0,"landslideProbability":20,"level":"info","message":"Sensor data updated:","rain":0,"soilMoisture":50,"timestamp":"2025-09-27T06:02:18.803Z","vibration":0,"waterFlow":0,"waterLevel":0}
{"accelerometer":{"x":3.16,"y":-2.95,"z":0},"floodProbability":0,"landslideProbability":20,"level":"info","message":"Sensor data updated:","rain":0,"soilMoisture":50,"timestamp":"2025-09-27T06:02:19.847Z","vibration":0,"waterFlow":0,"waterLevel":0}
{"accelerometer":{"x":3.25,"y":-2.87,"z":0},"floodProbability":0,"landslideProbability":100,"level":"info","message":"Sensor data updated:","rain":0,"soilMoisture":1000,"timestamp":"2025-09-27T06:02:21.144Z","vibration":0,"waterFlow":0,"waterLevel":0}
{"accelerometer":{"x":3.26,"y":-2.94,"z":0},"floodProbability":0,"landslideProbability":28,"level":"info","message":"Sensor data updated:","rain":0,"soilMoisture":70,"timestamp":"2025-09-27T06:02:22.189Z","vibration":0,"waterFlow":0,"waterLevel":0}
{"accelerometer":{"x":3.36,"y":-2.91,"z":0},"floodProbability":0,"landslideProbability":32,"level":"info","message":"Sensor data updated:","rain":0,"soilMoisture":80,"timestamp":"2025-09-27T06:02:23.233Z","vibration":0,"waterFlow":0,"waterLevel":0}
{"accelerometer":{"x":3.37,"y":-2.93,"z":0},"floodProbability":0,"landslideProbability":20,"level":"info","message":"Sensor data updated:","rain":0,"soilMoisture":50,"timestamp":"2025-09-27T06:02:24.277Z","vibration":0,"waterFlow":0,"waterLevel":0}
{"accelerometer":{"x":3.29,"y":-2.9,"z":0},"floodProbability":0,"landslideProbability":20,"level":"info","message":"Sensor data updated:","rain":0,"soilMoisture":50,"timestamp":"2025-09-27T06:02:25.322Z","vibration":0,"waterFlow":0,"waterLevel":0}
{"accelerometer":{"x":3.29,"y":-2.93,"z":0},"floodProbability":0,"landslideProbability":20,"level":"info","message":"Sensor data updated:","rain":0,"soilMoisture":50,"timestamp":"2025-09-27T06:02:26.365Z","vibration":0,"waterFlow":0,"waterLevel":0}
{"accelerometer":{"x":3.28,"y":-2.89,"z":0},"floodProbability":0,"landslideProbability":100,"level":"info","message":"Sensor data updated:","rain":0,"soilMoisture":1000,"timestamp":"2025-09-27T06:02:27.662Z","vibration":0,"waterFlow":0,"waterLevel":0}
{"accelerometer":{"x":3.39,"y":-2.96,"z":0},"floodProbability":0,"landslideProbability":20,"level":"info","message":"Sensor data updated:","rain":0,"soilMoisture":50,"timestamp":"2025-09-27T06:02:28.706Z","vibration":0,"waterFlow":0,"waterLevel":0}
{"accelerometer":{"x":3.3,"y":-2.95,"z":0},"floodProbability":0,"landslideProbability":20,"level":"info","message":"Sensor data updated:","rain":0,"soilMoisture":50,"timestamp":"2025-09-27T06:02:29.751Z","vibration":0,"waterFlow":0,"waterLevel":0}
{"accelerometer":{"x":3.36,"y":-2.93,"z":0},"floodProbability":0,"landslideProbability":20,"level":"info","message":"Sensor data updated:","rain":0,"soilMoisture":50,"timestamp":"2025-09-27T06:02:30.794Z","vibration":0,"waterFlow":0,"waterLevel":0}
{"accelerometer":{"x":3.38,"y":-2.91,"z":0},"floodProbability":0,"landslideProbability":20,"level":"info","message":"Sensor data updated:","rain":0,"soilMoisture":50,"timestamp":"2025-09-27T06:02:31.838Z","vibration":0,"waterFlow":0,"waterLevel":0}
{"accelerometer":{"x":3.26,"y":-2.89,"z":0},"floodProbability":0,"landslideProbability":100,"level":"info","message":"Sensor data updated:","rain":0,"soilMoisture":1000,"timestamp":"2025-09-27T06:02:33.136Z","vibration":0,"waterFlow":0,"waterLevel":0}
{"accelerometer":{"x":2.94,"y":-3.43,"z":0},"floodProbability":0,"landslideProbability":20,"level":"info","message":"Sensor data updated:","rain":0,"soilMoisture":50,"timestamp":"2025-09-27T06:02:34.180Z","vibration":0,"waterFlow":0,"waterLevel":0}
{"accelerometer":{"x":3.39,"y":-2.94,"z":0},"floodProbability":0,"landslideProbability":100,"level":"info","message":"Sensor data updated:","rain":0,"soilMoisture":540,"timestamp":"2025-09-27T06:02:35.476Z","vibration":0,"waterFlow":0,"waterLevel":0}
{"accelerometer":{"x":3.32,"y":-2.89,"z":0},"floodProbability":0,"landslideProbability":24,"level":"info","message":"Sensor data updated:","rain":0,"soilMoisture":60,"timestamp":"2025-09-27T06:02:36.520Z","vibration":0,"waterFlow":0,"waterLevel":0}
{"accelerometer":{"x":3.45,"y":-2.92,"z":0},"floodProbability":0,"landslideProbability":100,"level":"info","message":"Sensor data updated:","rain":0,"soilMoisture":520,"timestamp":"2025-09-27T06:02:37.811Z","vibration":0,"waterFlow":0,"waterLevel":0}
{"accelerometer":{"x":3.32,"y":-2.9,"z":0},"floodProbability":0,"landslideProbability":24,"level":"info","message":"Sensor data updated:","rain":0,"soilMoisture":60,"timestamp":"2025-09-27T06:02:38.855Z","vibration":0,"waterFlow":0,"waterLevel":0}
{"accelerometer":{"x":3.34,"y":-2.95,"z":0},"floodProbability":0,"landslideProbability":24,"level":"info","message":"Sensor data updated:","rain":0,"soilMoisture":60,"timestamp":"2025-09-27T06:02:39.900Z","vibration":0,"waterFlow":0,"waterLevel":0}
{"accelerometer":{"x":3.43,"y":-2.84,"z":0},"floodProbability":0,"landslideProbability":24,"level":"info","message":"Sensor data updated:","rain":0,"soilMoisture":60,"timestamp":"2025-09-27T06:02:40.943Z","vibration":0,"waterFlow":0,"waterLevel":0}
{"accelerometer":{"x":3.3,"y":-2.94,"z":0},"floodProbability":0,"landslideProbability":24,"level":"info","message":"Sensor data updated:","rain":0,"soilMoisture":60,"timestamp":"2025-09-27T06:02:41.987Z","vibration":0,"waterFlow":0,"waterLevel":0}
{"accelerometer":{"x":3.32,"y":-2.91,"z":0},"floodProbability":0,"landslideProbability":28,"level":"info","message":"Sensor data updated:","rain":0,"soilMoisture":70,"timestamp":"2025-09-27T06:02:43.032Z","vibration":0,"waterFlow":0,"waterLevel":0}
{"accelerometer":{"x":3.37,"y":-2.91,"z":0},"floodProbability":0,"landslideProbability":24,"level":"info","message":"Sensor data updated:","rain":0,"soilMoisture":60,"timestamp":"2025-09-27T06:02:44.076Z","vibration":0,"waterFlow":0,"waterLevel":0}
{"accelerometer":{"x":3.33,"y":-2.97,"z":0},"floodProbability":0,"landslideProbability":28,"level":"info","message":"Sensor data updated:","rain":0,"soilMoisture":70,"timestamp":"2025-09-27T06:02:45.119Z","vibration":0,"waterFlow":0,"waterLevel":0}
{"accelerometer":{"x":3.31,"y":-2.99,"z":0},"floodProbability":0,"landslideProbability":24,"level":"info","message":"Sensor data updated:","rain":0,"soilMoisture":60,"timestamp":"2025-09-27T06:02:46.163Z","vibration":0,"waterFlow":0,"waterLevel":0}
{"accelerometer":{"x":3.38,"y":-2.92,"z":0},"floodProbability":0,"landslideProbability":24,"level":"info","message":"Sensor data updated:","rain":0,"soilMoisture":60,"timestamp":"2025-09-27T06:02:47.208Z","vibration":0,"waterFlow":0,"waterLevel":0}
{"accelerometer":{"x":3.4,"y":-2.93,"z":0},"floodProbability":0,"landslideProbability":24,"level":"info","message":"Sensor data updated:","rain":0,"soilMoisture":60,"timestamp":"2025-09-27T06:02:48.252Z","vibration":0,"waterFlow":0,"waterLevel":0}
{"accelerometer":{"x":3.4,"y":-2.93,"z":0},"floodProbability":0,"landslideProbability":24,"level":"info","message":"Sensor data updated:","rain":0,"soilMoisture":60,"timestamp":"2025-09-27T06:02:49.295Z","vibration":0,"waterFlow":0,"waterLevel":0}
{"accelerometer":{"x":3.49,"y":-2.85,"z":0},"floodProbability":0,"landslideProbability":24,"level":"info","message":"Sensor data updated:","rain":0,"soilMoisture":60,"timestamp":"2025-09-27T06:02:50.340Z","vibration":0,"waterFlow":0,"waterLevel":0}
{"accelerometer":{"x":3.18,"y":-3.14,"z":0},"floodProbability":0,"landslideProbability":24,"level":"info","message":"Sensor data updated:","rain":0,"soilMoisture":60,"timestamp":"2025-09-27T06:02:51.384Z","vibration":0,"waterFlow":0,"waterLevel":0}
{"accelerometer":{"x":3.55,"y":-2.82,"z":0},"floodProbability":0,"landslideProbability":24,"level":"info","message":"Sensor data updated:","rain":0,"soilMoisture":60,"timestamp":"2025-09-27T06:02:52.428Z","vibration":0,"waterFlow":0,"waterLevel":0}
{"accelerometer":{"x":3.68,"y":-2.78,"z":0},"floodProbability":0,"landslideProbability":24,"level":"info","message":"Sensor data updated:","rain":0,"soilMoisture":60,"timestamp":"2025-09-27T06:02:53.472Z","vibration":0,"waterFlow":0,"waterLevel":0}
{"accelerometer":{"x":3.62,"y":-3.06,"z":0},"floodProbability":30,"landslideProbability":54,"level":"info","message":"Sensor data updated:","rain":1,"soilMoisture":60,"timestamp":"2025-09-27T06:02:54.517Z","vibration":0,"waterFlow":0,"waterLevel":0}
{"accelerometer":{"x":3.56,"y":-2.89,"z":0},"floodProbability":30,"landslideProbability":54,"level":"info","message":"Sensor data updated:","rain":1,"soilMoisture":60,"timestamp":"2025-09-27T06:02:55.564Z","vibration":0,"waterFlow":0,"waterLevel":0}
{"accelerometer":{"x":3.48,"y":-2.89,"z":0},"floodProbability":30,"landslideProbability":50,"level":"info","message":"Sensor data updated:","rain":1,"soilMoisture":50,"timestamp":"2025-09-27T06:02:56.608Z","vibration":0,"waterFlow":0,"waterLevel":0}
{"accelerometer":{"x":3.56,"y":-2.88,"z":0},"floodProbability":50,"landslideProbability":80,"level":"info","message":"Sensor data updated:","rain":1,"soilMoisture":50,"timestamp":"2025-09-27T06:02:57.906Z","vibration":1,"waterFlow":1,"waterLevel":0}
{"accelerometer":{"x":3.49,"y":-2.83,"z":0},"floodProbability":50,"landslideProbability":80,"level":"info","message":"Sensor data updated:","rain":1,"soilMoisture":50,"timestamp":"2025-09-27T06:02:59.203Z","vibration":1,"waterFlow":1,"waterLevel":0}
{"accelerometer":{"x":3.58,"y":-2.92,"z":0},"floodProbability":55,"landslideProbability":80,"level":"info","message":"Sensor data updated:","rain":1,"soilMoisture":50,"timestamp":"2025-09-27T06:03:00.501Z","vibration":1,"waterFlow":1,"waterLevel":10}
{"accelerometer":{"x":3.48,"y":-2.82,"z":0},"floodProbability":55,"landslideProbability":80,"level":"info","message":"Sensor data updated:","rain":1,"soilMoisture":50,"timestamp":"2025-09-27T06:03:01.546Z","vibration":1,"waterFlow":1,"waterLevel":10}
{"accelerometer":{"x":3.54,"y":-2.78,"z":0},"floodProbability":55,"landslideProbability":80,"level":"info","message":"Sensor data updated:","rain":1,"soilMoisture":50,"timestamp":"2025-09-27T06:03:02.591Z","vibration":1,"waterFlow":1,"waterLevel":10}
{"accelerometer":{"x":3.54,"y":-2.72,"z":0},"floodProbability":55,"landslideProbability":80,"level":"info","message":"Sensor data updated:","rain":1,"soilMoisture":50,"timestamp":"2025-09-27T06:03:03.637Z","vibration":1,"waterFlow":1,"waterLevel":10}
{"accelerometer":{"x":3.62,"y":-2.77,"z":0},"floodProbability":55,"landslideProbability":80,"level":"info","message":"Sensor data updated:","rain":1,"soilMoisture":50,"timestamp":"2025-09-27T06:03:04.682Z","vibration":1,"waterFlow":1,"waterLevel":10}
{"accelerometer":{"x":3.69,"y":-3,"z":0},"floodProbability":55,"landslideProbability":100,"level":"info","message":"Sensor data updated:","rain":1,"soilMoisture":320,"timestamp":"2025-09-27T06:03:05.981Z","vibration":1,"waterFlow":1,"waterLevel":10}
{"accelerometer":{"x":3.45,"y":-3.39,"z":0},"floodProbability":55,"landslideProbability":80,"level":"info","message":"Sensor data updated:","rain":1,"soilMoisture":50,"timestamp":"2025-09-27T06:03:07.278Z","vibration":1,"waterFlow":1,"waterLevel":10}
{"accelerometer":{"x":3.39,"y":-3.5,"z":0},"floodProbability":55,"landslideProbability":80,"level":"info","message":"Sensor data updated:","rain":1,"soilMoisture":50,"timestamp":"2025-09-27T06:03:08.576Z","vibration":1,"waterFlow":1,"waterLevel":0}
{"accelerometer":{"x":3.5,"y":-3.55,"z":0},"floodProbability":50,"landslideProbability":100,"level":"info","message":"Sensor data updated:","rain":1,"soilMoisture":250,"timestamp":"2025-09-27T06:03:09.875Z","vibration":1,"waterFlow":1,"waterLevel":0}
{"accelerometer":{"x":3.44,"y":-3.52,"z":0},"floodProbability":50,"landslideProbability":100,"level":"info","message":"Sensor data updated:","rain":1,"soilMoisture":500,"timestamp":"2025-09-27T06:03:11.174Z","vibration":1,"waterFlow":1,"waterLevel":0}
{"accelerometer":{"x":3.53,"y":-3.58,"z":0},"floodProbability":50,"landslideProbability":80,"level":"info","message":"Sensor data updated:","rain":1,"soilMoisture":50,"timestamp":"2025-09-27T06:03:12.471Z","vibration":1,"waterFlow":1,"waterLevel":0}
{"accelerometer":{"x":3.43,"y":-3.53,"z":0},"floodProbability":50,"landslideProbability":80,"level":"info","message":"Sensor data updated:","rain":1,"soilMoisture":50,"timestamp":"2025-09-27T06:03:13.768Z","vibration":1,"waterFlow":1,"waterLevel":0}
{"accelerometer":{"x":3.42,"y":-3.63,"z":0},"floodProbability":50,"landslideProbability":80,"level":"info","message":"Sensor data updated:","rain":1,"soilMoisture":50,"timestamp":"2025-09-27T06:03:15.066Z","vibration":1,"waterFlow":1,"waterLevel":0}
{"accelerometer":{"x":3.46,"y":-3.55,"z":0},"floodProbability":50,"landslideProbability":80,"level":"info","message":"Sensor data updated:","rain":1,"soilMoisture":50,"timestamp":"2025-09-27T06:03:16.363Z","vibration":1,"waterFlow":1,"waterLevel":0}
{"accelerometer":{"x":3.46,"y":-3.58,"z":0},"floodProbability":50,"landslideProbability":80,"level":"info","message":"Sensor data updated:","rain":1,"soilMoisture":50,"timestamp":"2025-09-27T06:03:17.660Z","vibration":1,"waterFlow":1,"waterLevel":0}
{"accelerometer":{"x":3.48,"y":-3.53,"z":0},"floodProbability":50,"landslideProbability":80,"level":"info","message":"Sensor data updated:","rain":1,"soilMoisture":50,"timestamp":"2025-09-27T06:03:18.957Z","vibration":1,"waterFlow":1,"waterLevel":0}
{"accelerometer":{"x":3.54,"y":-3.48,"z":0},"floodProbability":50,"landslideProbability":80,"level":"info","message":"Sensor data updated:","rain":1,"soilMoisture":50,"timestamp":"2025-09-27T06:03:20.254Z","vibration":1,"waterFlow":1,"waterLevel":0}
{"accelerometer":{"x":3.33,"y":-3.55,"z":0},"floodProbability":50,"landslideProbability":80,"level":"info","message":"Sensor data updated:","rain":1,"soilMoisture":50,"timestamp":"2025-09-27T06:03:21.552Z","vibration":1,"waterFlow":1,"waterLevel":0}
{"accelerometer":{"x":3.44,"y":-3.58,"z":0},"floodProbability":50,"landslideProbability":80,"level":"info","message":"Sensor data updated:","rain":1,"soilMoisture":50,"timestamp":"2025-09-27T06:03:22.849Z","vibration":1,"waterFlow":1,"waterLevel":0}
{"accelerometer":{"x":3.42,"y":-3.61,"z":0},"floodProbability":50,"landslideProbability":80,"level":"info","message":"Sensor data updated:","rain":1,"soilMoisture":50,"timestamp":"2025-09-27T06:03:24.147Z","vibration":1,"waterFlow":1,"waterLevel":0}
{"accelerometer":{"x":3.54,"y":-3.56,"z":0},"floodProbability":50,"landslideProbability":80,"level":"info","message":"Sensor data updated:","rain":1,"soilMoisture":50,"timestamp":"2025-09-27T06:03:25.444Z","vibration":1,"waterFlow":1,"waterLevel":0}
{"accelerometer":{"x":3.45,"y":-3.62,"z":0},"floodProbability":50,"landslideProbability":80,"level":"info","message":"Sensor data updated:","rain":1,"soilMoisture":50,"timestamp":"2025-09-27T06:03:26.741Z","vibration":1,"waterFlow":1,"waterLevel":0}
{"accelerometer":{"x":3.41,"y":-3.64,"z":0},"floodProbability":50,"landslideProbability":80,"level":"info","message":"Sensor data updated:","rain":1,"soilMoisture":50,"timestamp":"2025-09-27T06:03:28.038Z","vibration":1,"waterFlow":1,"waterLevel":0}
{"accelerometer":{"x":3.45,"y":-3.63,"z":0},"floodProbability":55,"landslideProbability":80,"level":"info","message":"Sensor data updated:","rain":1,"soilMoisture":50,"timestamp":"2025-09-27T06:03:29.336Z","vibration":1,"waterFlow":1,"waterLevel":10}
{"accelerometer":{"x":3.56,"y":-3.75,"z":0},"floodProbability":55,"landslideProbability":100,"level":"info","message":"Sensor data updated:","rain":1,"soilMoisture":590,"timestamp":"2025-09-27T06:03:30.635Z","vibration":1,"waterFlow":1,"waterLevel":0}
{"level":"info","message":"Client disconnected:","timestamp":"2025-09-27T06:03:38.728Z"}
{"level":"info","message":"Client disconnected:","timestamp":"2025-09-27T06:03:38.730Z"}
{"level":"info","message":"Server running on port 3001","timestamp":"2025-09-27T06:56:39.257Z"}
{"level":"info","message":"Serial port COM7 connected","timestamp":"2025-09-27T06:56:39.267Z"}
{"level":"info","message":"Client connected:","timestamp":"2025-09-27T06:56:50.542Z"}
{"level":"info","message":"Client connected:","timestamp":"2025-09-27T06:56:50.550Z"}
{"accelerometer":{"x":1.07,"y":-0.27,"z":0},"floodProbability":0,"landslideProbability":20,"level":"info","message":"Sensor data updated:","rain":0,"soilMoisture":50,"timestamp":"2025-09-27T07:09:39.367Z","vibration":0,"waterFlow":0,"waterLevel":0}
{"accelerometer":{"x":1.04,"y":-0.34,"z":0},"floodProbability":35,"landslideProbability":46,"level":"info","message":"Sensor data updated:","rain":1,"soilMoisture":40,"timestamp":"2025-09-27T07:09:47.682Z","vibration":0,"waterFlow":0,"waterLevel":10}
{"accelerometer":{"x":1.39,"y":0.12,"z":0},"floodProbability":55,"landslideProbability":100,"level":"info","message":"Sensor data updated:","rain":1,"soilMoisture":250,"timestamp":"2025-09-27T07:09:52.964Z","vibration":0,"waterFlow":1,"waterLevel":10}
{"accelerometer":{"x":2.14,"y":-0.21,"z":0},"floodProbability":55,"landslideProbability":54,"level":"info","message":"Sensor data updated:","rain":1,"soilMoisture":60,"timestamp":"2025-09-27T07:09:54.260Z","vibration":0,"waterFlow":1,"waterLevel":10}
{"accelerometer":{"x":2.15,"y":-0.53,"z":0},"floodProbability":55,"landslideProbability":50,"level":"info","message":"Sensor data updated:","rain":1,"soilMoisture":50,"timestamp":"2025-09-27T07:09:55.556Z","vibration":0,"waterFlow":1,"waterLevel":10}
{"accelerometer":{"x":2.21,"y":0.17,"z":0},"floodProbability":55,"landslideProbability":100,"level":"info","message":"Sensor data updated:","rain":1,"soilMoisture":400,"timestamp":"2025-09-27T07:09:56.852Z","vibration":0,"waterFlow":1,"waterLevel":10}
{"accelerometer":{"x":0.99,"y":0.34,"z":0},"floodProbability":55,"landslideProbability":50,"level":"info","message":"Sensor data updated:","rain":1,"soilMoisture":50,"timestamp":"2025-09-27T07:09:58.146Z","vibration":0,"waterFlow":1,"waterLevel":10}
{"accelerometer":{"x":0.91,"y":0.06,"z":0},"floodProbability":55,"landslideProbability":100,"level":"info","message":"Sensor data updated:","rain":1,"soilMoisture":1000,"timestamp":"2025-09-27T07:09:59.444Z","vibration":0,"waterFlow":1,"waterLevel":0}
{"accelerometer":{"x":0.8,"y":0.13,"z":0},"floodProbability":35,"landslideProbability":80,"level":"info","message":"Sensor data updated:","rain":1,"soilMoisture":50,"timestamp":"2025-09-27T07:10:24.224Z","vibration":1,"waterFlow":0,"waterLevel":10}
{"accelerometer":{"x":0.78,"y":0.08,"z":0},"floodProbability":35,"landslideProbability":80,"level":"info","message":"Sensor data updated:","rain":1,"soilMoisture":50,"timestamp":"2025-09-27T07:10:25.519Z","vibration":1,"waterFlow":0,"waterLevel":10}
{"accelerometer":{"x":0.87,"y":0.11,"z":0},"floodProbability":35,"landslideProbability":76,"level":"info","message":"Sensor data updated:","rain":1,"soilMoisture":40,"timestamp":"2025-09-27T07:10:26.815Z","vibration":1,"waterFlow":0,"waterLevel":10}
{"accelerometer":{"x":0.77,"y":0.09,"z":0},"floodProbability":35,"landslideProbability":80,"level":"info","message":"Sensor data updated:","rain":1,"soilMoisture":50,"timestamp":"2025-09-27T07:10:28.111Z","vibration":1,"waterFlow":0,"waterLevel":0}
{"accelerometer":{"x":0.83,"y":0.03,"z":0},"floodProbability":35,"landslideProbability":80,"level":"info","message":"Sensor data updated:","rain":1,"soilMoisture":50,"timestamp":"2025-09-27T07:10:29.407Z","vibration":1,"waterFlow":0,"waterLevel":10}
{"accelerometer":{"x":0.83,"y":0.07,"z":0},"floodProbability":35,"landslideProbability":80,"level":"info","message":"Sensor data updated:","rain":1,"soilMoisture":50,"timestamp":"2025-09-27T07:10:30.702Z","vibration":1,"waterFlow":0,"waterLevel":10}
{"accelerometer":{"x":0.85,"y":0.07,"z":0},"floodProbability":35,"landslideProbability":76,"level":"info","message":"Sensor data updated:","rain":1,"soilMoisture":40,"timestamp":"2025-09-27T07:10:31.998Z","vibration":1,"waterFlow":0,"waterLevel":10}
{"accelerometer":{"x":0.81,"y":0.12,"z":0},"floodProbability":35,"landslideProbability":76,"level":"info","message":"Sensor data updated:","rain":1,"soilMoisture":40,"timestamp":"2025-09-27T07:10:33.294Z","vibration":1,"waterFlow":0,"waterLevel":10}
{"accelerometer":{"x":0.89,"y":-0.02,"z":0},"floodProbability":35,"landslideProbability":76,"level":"info","message":"Sensor data updated:","rain":1,"soilMoisture":40,"timestamp":"2025-09-27T07:10:34.591Z","vibration":1,"waterFlow":0,"waterLevel":10}
{"accelerometer":{"x":0.76,"y":0.07,"z":0},"floodProbability":35,"landslideProbability":50,"level":"info","message":"Sensor data updated:","rain":1,"soilMoisture":50,"timestamp":"2025-09-27T07:10:35.635Z","vibration":0,"waterFlow":0,"waterLevel":10}
{"accelerometer":{"x":0.84,"y":0.09,"z":0},"floodProbability":35,"landslideProbability":50,"level":"info","message":"Sensor data updated:","rain":1,"soilMoisture":50,"timestamp":"2025-09-27T07:10:36.680Z","vibration":0,"waterFlow":0,"waterLevel":10}
{"accelerometer":{"x":0.84,"y":0.1,"z":0},"floodProbability":35,"landslideProbability":46,"level":"info","message":"Sensor data updated:","rain":1,"soilMoisture":40,"timestamp":"2025-09-27T07:10:37.723Z","vibration":0,"waterFlow":0,"waterLevel":10}
{"accelerometer":{"x":0.85,"y":0.03,"z":0},"floodProbability":35,"landslideProbability":46,"level":"info","message":"Sensor data updated:","rain":1,"soilMoisture":40,"timestamp":"2025-09-27T07:10:38.767Z","vibration":0,"waterFlow":0,"waterLevel":10}
{"accelerometer":{"x":0.83,"y":0.09,"z":0},"floodProbability":35,"landslideProbability":76,"level":"info","message":"Sensor data updated:","rain":1,"soilMoisture":40,"timestamp":"2025-09-27T07:10:40.063Z","vibration":1,"waterFlow":0,"waterLevel":10}
{"accelerometer":{"x":0.81,"y":0.11,"z":0},"floodProbability":35,"landslideProbability":50,"level":"info","message":"Sensor data updated:","rain":1,"soilMoisture":50,"timestamp":"2025-09-27T07:10:41.107Z","vibration":0,"waterFlow":0,"waterLevel":10}
{"accelerometer":{"x":0.84,"y":0.05,"z":0},"floodProbability":35,"landslideProbability":50,"level":"info","message":"Sensor data updated:","rain":1,"soilMoisture":50,"timestamp":"2025-09-27T07:10:42.152Z","vibration":0,"waterFlow":0,"waterLevel":10}
{"accelerometer":{"x":0.7,"y":-0.04,"z":0},"floodProbability":35,"landslideProbability":50,"level":"info","message":"Sensor data updated:","rain":1,"soilMoisture":50,"timestamp":"2025-09-27T07:10:43.197Z","vibration":0,"waterFlow":0,"waterLevel":10}
{"accelerometer":{"x":0.89,"y":0.08,"z":0},"floodProbability":35,"landslideProbability":50,"level":"info","message":"Sensor data updated:","rain":1,"soilMoisture":50,"timestamp":"2025-09-27T07:10:44.241Z","vibration":0,"waterFlow":0,"waterLevel":10}
{"accelerometer":{"x":0.83,"y":0.13,"z":0},"floodProbability":35,"landslideProbability":50,"level":"info","message":"Sensor data updated:","rain":1,"soilMoisture":50,"timestamp":"2025-09-27T07:10:45.289Z","vibration":0,"waterFlow":0,"waterLevel":10}
{"accelerometer":{"x":0.74,"y":0.07,"z":0},"floodProbability":35,"landslideProbability":50,"level":"info","message":"Sensor data updated:","rain":1,"soilMoisture":50,"timestamp":"2025-09-27T07:10:46.329Z","vibration":0,"waterFlow":0,"waterLevel":10}
{"accelerometer":{"x":0.8,"y":0.11,"z":0},"floodProbability":35,"landslideProbability":50,"level":"info","message":"Sensor data updated:","rain":1,"soilMoisture":50,"timestamp":"2025-09-27T07:10:47.373Z","vibration":0,"waterFlow":0,"waterLevel":10}
{"accelerometer":{"x":0.83,"y":0.12,"z":0},"floodProbability":35,"landslideProbability":50,"level":"info","message":"Sensor data updated:","rain":1,"soilMoisture":50,"timestamp":"2025-09-27T07:10:48.417Z","vibration":0,"waterFlow":0,"waterLevel":10}
{"accelerometer":{"x":0.84,"y":0.15,"z":0},"floodProbability":35,"landslideProbability":50,"level":"info","message":"Sensor data updated:","rain":1,"soilMoisture":50,"timestamp":"2025-09-27T07:10:49.461Z","vibration":0,"waterFlow":0,"waterLevel":10}
{"accelerometer":{"x":0.82,"y":0.09,"z":0},"floodProbability":35,"landslideProbability":50,"level":"info","message":"Sensor data updated:","rain":1,"soilMoisture":50,"timestamp":"2025-09-27T07:10:50.506Z","vibration":0,"waterFlow":0,"waterLevel":10}
{"accelerometer":{"x":0.87,"y":0.15,"z":0},"floodProbability":35,"landslideProbability":50,"level":"info","message":"Sensor data updated:","rain":1,"soilMoisture":50,"timestamp":"2025-09-27T07:10:51.550Z","vibration":0,"waterFlow":0,"waterLevel":10}
{"accelerometer":{"x":0.79,"y":0.1,"z":0},"floodProbability":35,"landslideProbability":50,"level":"info","message":"Sensor data updated:","rain":1,"soilMoisture":50,"timestamp":"2025-09-27T07:10:52.594Z","vibration":0,"waterFlow":0,"waterLevel":10}
{"accelerometer":{"x":0.85,"y":0.07,"z":0},"floodProbability":35,"landslideProbability":50,"level":"info","message":"Sensor data updated:","rain":1,"soilMoisture":50,"timestamp":"2025-09-27T07:10:53.638Z","vibration":0,"waterFlow":0,"waterLevel":10}
{"accelerometer":{"x":0.87,"y":0.07,"z":0},"floodProbability":35,"landslideProbability":50,"level":"info","message":"Sensor data updated:","rain":1,"soilMoisture":50,"timestamp":"2025-09-27T07:10:54.682Z","vibration":0,"waterFlow":0,"waterLevel":10}
{"accelerometer":{"x":0.81,"y":0.12,"z":0},"floodProbability":35,"landslideProbability":50,"level":"info","message":"Sensor data updated:","rain":1,"soilMoisture":50,"timestamp":"2025-09-27T07:10:55.726Z","vibration":0,"waterFlow":0,"waterLevel":10}
{"accelerometer":{"x":0.84,"y":0.04,"z":0},"floodProbability":35,"landslideProbability":50,"level":"info","message":"Sensor data updated:","rain":1,"soilMoisture":50,"timestamp":"2025-09-27T07:10:56.770Z","vibration":0,"waterFlow":0,"waterLevel":10}
{"accelerometer":{"x":0.85,"y":0.05,"z":0},"floodProbability":35,"landslideProbability":50,"level":"info","message":"Sensor data updated:","rain":1,"soilMoisture":50,"timestamp":"2025-09-27T07:10:57.814Z","vibration":0,"waterFlow":0,"waterLevel":10}
{"accelerometer":{"x":0.79,"y":0.06,"z":0},"floodProbability":35,"landslideProbability":50,"level":"info","message":"Sensor data updated:","rain":1,"soilMoisture":50,"timestamp":"2025-09-27T07:10:58.858Z","vibration":0,"waterFlow":0,"waterLevel":10}
{"accelerometer":{"x":0.85,"y":0.11,"z":0},"floodProbability":35,"landslideProbability":50,"level":"info","message":"Sensor data updated:","rain":1,"soilMoisture":50,"timestamp":"2025-09-27T07:10:59.902Z","vibration":0,"waterFlow":0,"waterLevel":10}
{"accelerometer":{"x":0.8,"y":0.1,"z":0},"floodProbability":35,"landslideProbability":50,"level":"info","message":"Sensor data updated:","rain":1,"soilMoisture":50,"timestamp":"2025-09-27T07:11:00.947Z","vibration":0,"waterFlow":0,"waterLevel":10}
{"accelerometer":{"x":0.81,"y":0.07,"z":0},"floodProbability":35,"landslideProbability":50,"level":"info","message":"Sensor data updated:","rain":1,"soilMoisture":50,"timestamp":"2025-09-27T07:11:01.991Z","vibration":0,"waterFlow":0,"waterLevel":10}
{"accelerometer":{"x":0.89,"y":0.11,"z":0},"floodProbability":35,"landslideProbability":50,"level":"info","message":"Sensor data updated:","rain":1,"soilMoisture":50,"timestamp":"2025-09-27T07:11:03.035Z","vibration":0,"waterFlow":0,"waterLevel":10}
{"accelerometer":{"x":0.82,"y":0.06,"z":0},"floodProbability":35,"landslideProbability":50,"level":"info","message":"Sensor data updated:","rain":1,"soilMoisture":50,"timestamp":"2025-09-27T07:11:04.079Z","vibration":0,"waterFlow":0,"waterLevel":10}
{"level":"info","message":"Client disconnected:","timestamp":"2025-09-27T07:11:04.210Z"}
{"level":"info","message":"Client disconnected:","timestamp":"2025-09-27T07:11:04.213Z"}
{"accelerometer":{"x":0.77,"y":0.12,"z":0},"floodProbability":35,"landslideProbability":50,"level":"info","message":"Sensor data updated:","rain":1,"soilMoisture":50,"timestamp":"2025-09-27T07:11:05.123Z","vibration":0,"waterFlow":0,"waterLevel":10}
{"accelerometer":{"x":0.86,"y":0.08,"z":0},"floodProbability":35,"landslideProbability":50,"level":"info","message":"Sensor data updated:","rain":1,"soilMoisture":50,"timestamp":"2025-09-27T07:11:06.167Z","vibration":0,"waterFlow":0,"waterLevel":10}
{"accelerometer":{"x":0.89,"y":0.09,"z":0},"floodProbability":35,"landslideProbability":50,"level":"info","message":"Sensor data updated:","rain":1,"soilMoisture":50,"timestamp":"2025-09-27T07:11:07.211Z","vibration":0,"waterFlow":0,"waterLevel":10}
{"accelerometer":{"x":0.81,"y":0.05,"z":0},"floodProbability":35,"landslideProbability":50,"level":"info","message":"Sensor data updated:","rain":1,"soilMoisture":50,"timestamp":"2025-09-27T07:11:08.256Z","vibration":0,"waterFlow":0,"waterLevel":10}
{"accelerometer":{"x":1.03,"y":0.22,"z":0},"floodProbability":35,"landslideProbability":54,"level":"info","message":"Sensor data updated:","rain":1,"soilMoisture":60,"timestamp":"2025-09-27T07:11:09.299Z","vibration":0,"waterFlow":0,"waterLevel":10}
{"level":"info","message":"Server running on port 3001","timestamp":"2025-10-28T05:29:44.965Z"}
{"level":"info","message":"Serial port COM7 connected","timestamp":"2025-10-28T05:29:44.973Z"}
{"level":"error","message":"Serial port error: Opening COM7: File not found","stack":"Error: Opening COM7: File not found","timestamp":"2025-10-28T05:29:44.987Z"}
{"level":"info","message":"Simulator mode activated","timestamp":"2025-10-28T05:29:44.991Z"}
{"accelerometer":{"x":0,"y":0,"z":0},"floodProbability":0,"landslideProbability":0,"level":"info","message":"Sensor data updated:","rain":0,"soilMoisture":null,"timestamp":"2025-10-28T05:29:47.010Z","vibration":0,"waterFlow":0,"waterLevel":null}
{"accelerometer":{"x":0,"y":0,"z":0},"floodProbability":null,"landslideProbability":null,"level":"info","message":"Sensor data updated:","rain":0,"soilMoisture":null,"timestamp":"2025-10-28T05:29:49.015Z","vibration":0,"waterFlow":0,"waterLevel":null}
{"accelerometer":{"x":0,"y":0,"z":0},"floodProbability":null,"landslideProbability":null,"level":"info","message":"Sensor data updated:","rain":0,"soilMoisture":null,"timestamp":"2025-10-28T05:29:51.018Z","vibration":0,"waterFlow":0,"waterLevel":null}
{"accelerometer":{"x":0,"y":0,"z":0},"floodProbability":null,"landslideProbability":null,"level":"info","message":"Sensor data updated:","rain":0,"soilMoisture":null,"timestamp":"2025-10-28T05:29:53.027Z","vibration":0,"waterFlow":0,"waterLevel":null}
{"level":"info","message":"Client connected:","timestamp":"2025-10-28T05:29:54.426Z"}
{"level":"info","message":"Client connected:","timestamp":"2025-10-28T05:29:54.438Z"}
{"accelerometer":{"x":0,"y":0,"z":0},"floodProbability":null,"landslideProbability":null,"level":"info","message":"Sensor data updated:","rain":0,"soilMoisture":null,"timestamp":"2025-10-28T05:29:55.042Z","vibration":0,"waterFlow":0,"waterLevel":null}
{"accelerometer":{"x":0,"y":0,"z":0},"floodProbability":null,"landslideProbability":null,"level":"info","message":"Sensor data updated:","rain":0,"soilMoisture":null,"timestamp":"2025-10-28T05:29:57.046Z","vibration":0,"waterFlow":0,"waterLevel":null}
{"accelerometer":{"x":0,"y":0,"z":0},"floodProbability":null,"landslideProbability":null,"level":"info","message":"Sensor data updated:","rain":0,"soilMoisture":null,"timestamp":"2025-10-28T05:29:59.058Z","vibration":0,"waterFlow":0,"waterLevel":null}
{"accelerometer":{"x":0,"y":0,"z":0},"floodProbability":null,"landslideProbability":null,"level":"info","message":"Sensor data updated:","rain":0,"soilMoisture":null,"timestamp":"2025-10-28T05:30:01.068Z","vibration":0,"waterFlow":0,"waterLevel":null}
{"accelerometer":{"x":0,"y":0,"z":0},"floodProbability":null,"landslideProbability":null,"level":"info","message":"Sensor data updated:","rain":0,"soilMoisture":null,"timestamp":"2025-10-28T05:30:03.082Z","vibration":0,"waterFlow":0,"waterLevel":null}
{"accelerometer":{"x":0,"y":0,"z":0},"floodProbability":null,"landslideProbability":null,"level":"info","message":"Sensor data updated:","rain":0,"soilMoisture":null,"timestamp":"2025-10-28T05:30:05.095Z","vibration":0,"waterFlow":0,"waterLevel":null}
{"accelerometer":{"x":0,"y":0,"z":0},"floodProbability":null,"landslideProbability":null,"level":"info","message":"Sensor data updated:","rain":0,"soilMoisture":null,"timestamp":"2025-10-28T05:30:07.102Z","vibration":0,"waterFlow":0,"waterLevel":null}
{"accelerometer":{"x":0,"y":0,"z":0},"floodProbability":null,"landslideProbability":null,"level":"info","message":"Sensor data updated:","rain":0,"soilMoisture":null,"timestamp":"2025-10-28T05:30:09.111Z","vibration":0,"waterFlow":0,"waterLevel":null}
{"accelerometer":{"x":0,"y":0,"z":0},"floodProbability":null,"landslideProbability":null,"level":"info","message":"Sensor data updated:","rain":0,"soilMoisture":null,"timestamp":"2025-10-28T05:30:11.126Z","vibration":0,"waterFlow":0,"waterLevel":null}
{"accelerometer":{"x":0,"y":0,"z":0},"floodProbability":null,"landslideProbability":null,"level":"info","message":"Sensor data updated:","rain":0,"soilMoisture":null,"timestamp":"2025-10-28T05:30:13.127Z","vibration":0,"waterFlow":0,"waterLevel":null}
{"accelerometer":{"x":0,"y":0,"z":0},"floodProbability":null,"landslideProbability":null,"level":"info","message":"Sensor data updated:","rain":0,"soilMoisture":null,"timestamp":"2025-10-28T05:30:15.138Z","vibration":0,"waterFlow":0,"waterLevel":null}
{"accelerometer":{"x":0,"y":0,"z":0},"floodProbability":null,"landslideProbability":null,"level":"info","message":"Sensor data updated:","rain":0,"soilMoisture":null,"timestamp":"2025-10-28T05:30:17.141Z","vibration":0,"waterFlow":0,"waterLevel":null}
{"accelerometer":{"x":0,"y":0,"z":0},"floodProbability":null,"landslideProbability":null,"level":"info","message":"Sensor data updated:","rain":0,"soilMoisture":null,"timestamp":"2025-10-28T05:30:19.145Z","vibration":0,"waterFlow":0,"waterLevel":null}
{"accelerometer":{"x":0,"y":0,"z":0},"floodProbability":null,"landslideProbability":null,"level":"info","message":"Sensor data updated:","rain":0,"soilMoisture":null,"timestamp":"2025-10-28T05:30:21.158Z","vibration":0,"waterFlow":0,"waterLevel":null}
{"accelerometer":{"x":0,"y":0,"z":0},"floodProbability":null,"landslideProbability":null,"level":"info","message":"Sensor data updated:","rain":0,"soilMoisture":null,"timestamp":"2025-10-28T05:30:23.167Z","vibration":0,"waterFlow":0,"waterLevel":null}
{"accelerometer":{"x":0,"y":0,"z":0},"floodProbability":null,"landslideProbability":null,"level":"info","message":"Sensor data updated:","rain":0,"soilMoisture":null,"timestamp":"2025-10-28T05:30:25.181Z","vibration":0,"waterFlow":0,"waterLevel":null}
{"accelerometer":{"x":0,"y":0,"z":0},"floodProbability":null,"landslideProbability":null,"level":"info","message":"Sensor data updated:","rain":0,"soilMoisture":null,"timestamp":"2025-10-28T05:30:27.197Z","vibration":0,"waterFlow":0,"waterLevel":null}
{"accelerometer":{"x":0,"y":0,"z":0},"floodProbability":null,"landslideProbability":null,"level":"info","message":"Sensor data updated:","rain":0,"soilMoisture":null,"timestamp":"2025-10-28T05:30:29.198Z","vibration":0,"waterFlow":0,"waterLevel":null}
{"accelerometer":{"x":0,"y":0,"z":0},"floodProbability":null,"landslideProbability":null,"level":"info","message":"Sensor data updated:","rain":0,"soilMoisture":null,"timestamp":"2025-10-28T05:30:31.205Z","vibration":0,"waterFlow":0,"waterLevel":null}
{"accelerometer":{"x":0,"y":0,"z":0},"floodProbability":null,"landslideProbability":null,"level":"info","message":"Sensor data updated:","rain":0,"soilMoisture":null,"timestamp":"2025-10-28T05:30:33.207Z","vibration":0,"waterFlow":0,"waterLevel":null}
{"accelerometer":{"x":0,"y":0,"z":0},"floodProbability":null,"landslideProbability":null,"level":"info","message":"Sensor data updated:","rain":0,"soilMoisture":null,"timestamp":"2025-10-28T05:30:35.211Z","vibration":0,"waterFlow":0,"waterLevel":null}
{"accelerometer":{"x":0,"y":0,"z":0},"floodProbability":null,"landslideProbability":null,"level":"info","message":"Sensor data updated:","rain":0,"soilMoisture":null,"timestamp":"2025-10-28T05:30:37.220Z","vibration":0,"waterFlow":0,"waterLevel":null}
{"accelerometer":{"x":0,"y":0,"z":0},"floodProbability":null,"landslideProbability":null,"level":"info","message":"Sensor data updated:","rain":0,"soilMoisture":null,"timestamp":"2025-10-28T05:30:39.225Z","vibration":0,"waterFlow":0,"waterLevel":null}
{"accelerometer":{"x":0,"y":0,"z":0},"floodProbability":null,"landslideProbability":null,"level":"info","message":"Sensor data updated:","rain":0,"soilMoisture":null,"timestamp":"2025-10-28T05:30:41.229Z","vibration":0,"waterFlow":0,"waterLevel":null}
{"accelerometer":{"x":0,"y":0,"z":0},"floodProbability":null,"landslideProbability":null,"level":"info","message":"Sensor data updated:","rain":0,"soilMoisture":null,"timestamp":"2025-10-28T05:30:43.242Z","vibration":0,"waterFlow":0,"waterLevel":null}
{"accelerometer":{"x":0,"y":0,"z":0},"floodProbability":null,"landslideProbability":null,"level":"info","message":"Sensor data updated:","rain":0,"soilMoisture":null,"timestamp":"2025-10-28T05:30:45.244Z","vibration":0,"waterFlow":0,"waterLevel":null}
{"accelerometer":{"x":0,"y":0,"z":0},"floodProbability":null,"landslideProbability":null,"level":"info","message":"Sensor data updated:","rain":0,"soilMoisture":null,"timestamp":"2025-10-28T05:30:47.245Z","vibration":0,"waterFlow":0,"waterLevel":null}
{"accelerometer":{"x":0,"y":0,"z":0},"floodProbability":null,"landslideProbability":null,"level":"info","message":"Sensor data updated:","rain":0,"soilMoisture":null,"timestamp":"2025-10-28T05:30:49.298Z","vibration":0,"waterFlow":0,"waterLevel":null}
{"accelerometer":{"x":0,"y":0,"z":0},"floodProbability":null,"landslideProbability":null,"level":"info","message":"Sensor data updated:","rain":0,"soilMoisture":null,"timestamp":"2025-10-28T05:30:51.309Z","vibration":0,"waterFlow":0,"waterLevel":null}
{"accelerometer":{"x":0,"y":0,"z":0},"floodProbability":null,"landslideProbability":null,"level":"info","message":"Sensor data updated:","rain":0,"soilMoisture":null,"timestamp":"2025-10-28T05:30:53.347Z","vibration":0,"waterFlow":0,"waterLevel":null}
{"accelerometer":{"x":0,"y":0,"z":0},"floodProbability":null,"landslideProbability":null,"level":"info","message":"Sensor data updated:","rain":0,"soilMoisture":null,"timestamp":"2025-10-28T05:30:55.407Z","vibration":0,"waterFlow":0,"waterLevel":null}
{"accelerometer":{"x":0,"y":0,"z":0},"floodProbability":null,"landslideProbability":null,"level":"info","message":"Sensor data updated:","rain":0,"soilMoisture":null,"timestamp":"2025-10-28T05:30:57.410Z","vibration":0,"waterFlow":0,"waterLevel":null}
{"accelerometer":{"x":0,"y":0,"z":0},"floodProbability":null,"landslideProbability":null,"level":"info","message":"Sensor data updated:","rain":0,"soilMoisture":null,"timestamp":"2025-10-28T05:30:59.421Z","vibration":0,"waterFlow":0,"waterLevel":null}
{"accelerometer":{"x":0,"y":0,"z":0},"floodProbability":null,"landslideProbability":null,"level":"info","message":"Sensor data updated:","rain":0,"soilMoisture":null,"timestamp":"2025-10-28T05:31:01.423Z","vibration":0,"waterFlow":0,"waterLevel":null}
{"accelerometer":{"x":0,"y":0,"z":0},"floodProbability":null,"landslideProbability":null,"level":"info","message":"Sensor data updated:","rain":0,"soilMoisture":null,"timestamp":"2025-10-28T05:31:03.433Z","vibration":0,"waterFlow":0,"waterLevel":null}
{"accelerometer":{"x":0,"y":0,"z":0},"floodProbability":null,"landslideProbability":null,"level":"info","message":"Sensor data updated:","rain":0,"soilMoisture":null,"timestamp":"2025-10-28T05:31:05.448Z","vibration":0,"waterFlow":0,"waterLevel":null}
{"accelerometer":{"x":0,"y":0,"z":0},"floodProbability":null,"landslideProbability":null,"level":"info","message":"Sensor data updated:","rain":0,"soilMoisture":null,"timestamp":"2025-10-28T05:31:07.459Z","vibration":0,"waterFlow":0,"waterLevel":null}
{"accelerometer":{"x":0,"y":0,"z":0},"floodProbability":null,"landslideProbability":null,"level":"info","message":"Sensor data updated:","rain":0,"soilMoisture":null,"timestamp":"2025-10-28T05:31:09.462Z","vibration":0,"waterFlow":0,"waterLevel":null}
{"accelerometer":{"x":0,"y":0,"z":0},"floodProbability":null,"landslideProbability":null,"level":"info","message":"Sensor data updated:","rain":0,"soilMoisture":null,"timestamp":"2025-10-28T05:31:11.466Z","vibration":0,"waterFlow":0,"waterLevel":null}
{"accelerometer":{"x":0,"y":0,"z":0},"floodProbability":null,"landslideProbability":null,"level":"info","message":"Sensor data updated:","rain":0,"soilMoisture":null,"timestamp":"2025-10-28T05:31:13.472Z","vibration":0,"waterFlow":0,"waterLevel":null}
{"accelerometer":{"x":0,"y":0,"z":0},"floodProbability":null,"landslideProbability":null,"level":"info","message":"Sensor data updated:","rain":0,"soilMoisture":null,"timestamp":"2025-10-28T05:31:15.485Z","vibration":0,"waterFlow":0,"waterLevel":null}
{"accelerometer":{"x":0,"y":0,"z":0},"floodProbability":null,"landslideProbability":null,"level":"info","message":"Sensor data updated:","rain":0,"soilMoisture":null,"timestamp":"2025-10-28T05:31:17.486Z","vibration":0,"waterFlow":0,"waterLevel":null}
{"accelerometer":{"x":0,"y":0,"z":0},"floodProbability":null,"landslideProbability":null,"level":"info","message":"Sensor data updated:","rain":0,"soilMoisture":null,"timestamp":"2025-10-28T05:31:19.496Z","vibration":0,"waterFlow":0,"waterLevel":null}
{"accelerometer":{"x":0,"y":0,"z":0},"floodProbability":null,"landslideProbability":null,"level":"info","message":"Sensor data updated:","rain":0,"soilMoisture":null,"timestamp":"2025-10-28T05:31:21.507Z","vibration":0,"waterFlow":0,"waterLevel":null}
{"accelerometer":{"x":0,"y":0,"z":0},"floodProbability":null,"landslideProbability":null,"level":"info","message":"Sensor data updated:","rain":0,"soilMoisture":null,"timestamp":"2025-10-28T05:31:23.521Z","vibration":0,"waterFlow":0,"waterLevel":null}
{"accelerometer":{"x":0,"y":0,"z":0},"floodProbability":null,"landslideProbability":null,"level":"info","message":"Sensor data updated:","rain":0,"soilMoisture":null,"timestamp":"2025-10-28T05:31:25.525Z","vibration":0,"waterFlow":0,"waterLevel":null}
{"accelerometer":{"x":0,"y":0,"z":0},"floodProbability":null,"landslideProbability":null,"level":"info","message":"Sensor data updated:","rain":0,"soilMoisture":null,"timestamp":"2025-10-28T05:31:27.538Z","vibration":0,"waterFlow":0,"waterLevel":null}
{"accelerometer":{"x":0,"y":0,"z":0},"floodProbability":null,"landslideProbability":null,"level":"info","message":"Sensor data updated:","rain":0,"soilMoisture":null,"timestamp":"2025-10-28T05:31:29.548Z","vibration":0,"waterFlow":0,"waterLevel":null}
{"accelerometer":{"x":0,"y":0,"z":0},"floodProbability":null,"landslideProbability":null,"level":"info","message":"Sensor data updated:","rain":0,"soilMoisture":null,"timestamp":"2025-10-28T05:31:31.556Z","vibration":0,"waterFlow":0,"waterLevel":null}
{"accelerometer":{"x":0,"y":0,"z":0},"floodProbability":null,"landslideProbability":null,"level":"info","message":"Sensor data updated:","rain":0,"soilMoisture":null,"timestamp":"2025-10-28T05:31:33.570Z","vibration":0,"waterFlow":0,"waterLevel":null}
{"accelerometer":{"x":0,"y":0,"z":0},"floodProbability":null,"landslideProbability":null,"level":"info","message":"Sensor data updated:","rain":0,"soilMoisture":null,"timestamp":"2025-10-28T05:31:35.577Z","vibration":0,"waterFlow":0,"waterLevel":null}
{"accelerometer":{"x":0,"y":0,"z":0},"floodProbability":null,"landslideProbability":null,"level":"info","message":"Sensor data updated:","rain":0,"soilMoisture":null,"timestamp":"2025-10-28T05:31:37.584Z","vibration":0,"waterFlow":0,"waterLevel":null}
{"accelerometer":{"x":0,"y":0,"z":0},"floodProbability":null,"landslideProbability":null,"level":"info","message":"Sensor data updated:","rain":0,"soilMoisture":null,"timestamp":"2025-10-28T05:31:39.598Z","vibration":0,"waterFlow":0,"waterLevel":null}
{"accelerometer":{"x":0,"y":0,"z":0},"floodProbability":null,"landslideProbability":null,"level":"info","message":"Sensor data updated:","rain":0,"soilMoisture":null,"timestamp":"2025-10-28T05:31:41.610Z","vibration":0,"waterFlow":0,"waterLevel":null}
{"accelerometer":{"x":0,"y":0,"z":0},"floodProbability":null,"landslideProbability":null,"level":"info","message":"Sensor data updated:","rain":0,"soilMoisture":null,"timestamp":"2025-10-28T05:31:43.611Z","vibration":0,"waterFlow":0,"waterLevel":null}
{"accelerometer":{"x":0,"y":0,"z":0},"floodProbability":null,"landslideProbability":null,"level":"info","message":"Sensor data updated:","rain":0,"soilMoisture":null,"timestamp":"2025-10-28T05:31:45.616Z","vibration":0,"waterFlow":0,"waterLevel":null}
{"accelerometer":{"x":0,"y":0,"z":0},"floodProbability":null,"landslideProbability":null,"level":"info","message":"Sensor data updated:","rain":0,"soilMoisture":null,"timestamp":"2025-10-28T05:31:47.619Z","vibration":0,"waterFlow":0,"waterLevel":null}
{"accelerometer":{"x":0,"y":0,"z":0},"floodProbability":null,"landslideProbability":null,"level":"info","message":"Sensor data updated:","rain":0,"soilMoisture":null,"timestamp":"2025-10-28T05:31:49.629Z","vibration":0,"waterFlow":0,"waterLevel":null}
{"accelerometer":{"x":0,"y":0,"z":0},"floodProbability":null,"landslideProbability":null,"level":"info","message":"Sensor data updated:","rain":0,"soilMoisture":null,"timestamp":"2025-10-28T05:31:51.642Z","vibration":0,"waterFlow":0,"waterLevel":null}
{"accelerometer":{"x":0,"y":0,"z":0},"floodProbability":null,"landslideProbability":null,"level":"info","message":"Sensor data updated:","rain":0,"soilMoisture":null,"timestamp":"2025-10-28T05:31:53.648Z","vibration":0,"waterFlow":0,"waterLevel":null}
{"accelerometer":{"x":0,"y":0,"z":0},"floodProbability":null,"landslideProbability":null,"level":"info","message":"Sensor data updated:","rain":0,"soilMoisture":null,"timestamp":"2025-10-28T05:31:55.662Z","vibration":0,"waterFlow":0,"waterLevel":null}
{"accelerometer":{"x":0,"y":0,"z":0},"floodProbability":null,"landslideProbability":null,"level":"info","message":"Sensor data updated:","rain":0,"soilMoisture":null,"timestamp":"2025-10-28T05:31:57.662Z","vibration":0,"waterFlow":0,"waterLevel":null}
{"accelerometer":{"x":0,"y":0,"z":0},"floodProbability":null,"landslideProbability":null,"level":"info","message":"Sensor data updated:","rain":0,"soilMoisture":null,"timestamp":"2025-10-28T05:31:59.678Z","vibration":0,"waterFlow":0,"waterLevel":null}
{"accelerometer":{"x":0,"y":0,"z":0},"floodProbability":null,"landslideProbability":null,"level":"info","message":"Sensor data updated:","rain":0,"soilMoisture":null,"timestamp":"2025-10-28T05:32:01.683Z","vibration":0,"waterFlow":0,"waterLevel":null}
{"accelerometer":{"x":0,"y":0,"z":0},"floodProbability":null,"landslideProbability":null,"level":"info","message":"Sensor data updated:","rain":0,"soilMoisture":null,"timestamp":"2025-10-28T05:32:03.684Z","vibration":0,"waterFlow":0,"waterLevel":null}
{"accelerometer":{"x":0,"y":0,"z":0},"floodProbability":null,"landslideProbability":null,"level":"info","message":"Sensor data updated:","rain":0,"soilMoisture":null,"timestamp":"2025-10-28T05:32:05.696Z","vibration":0,"waterFlow":0,"waterLevel":null}
{"accelerometer":{"x":0,"y":0,"z":0},"floodProbability":null,"landslideProbability":null,"level":"info","message":"Sensor data updated:","rain":0,"soilMoisture":null,"timestamp":"2025-10-28T05:32:07.697Z","vibration":0,"waterFlow":0,"waterLevel":null}
{"accelerometer":{"x":0,"y":0,"z":0},"floodProbability":null,"landslideProbability":null,"level":"info","message":"Sensor data updated:","rain":0,"soilMoisture":null,"timestamp":"2025-10-28T05:32:09.709Z","vibration":0,"waterFlow":0,"waterLevel":null}
{"accelerometer":{"x":0,"y":0,"z":0},"floodProbability":null,"landslideProbability":null,"level":"info","message":"Sensor data updated:","rain":0,"soilMoisture":null,"timestamp":"2025-10-28T05:32:11.711Z","vibration":0,"waterFlow":0,"waterLevel":null}
{"accelerometer":{"x":0,"y":0,"z":0},"floodProbability":null,"landslideProbability":null,"level":"info","message":"Sensor data updated:","rain":0,"soilMoisture":null,"timestamp":"2025-10-28T05:32:13.724Z","vibration":0,"waterFlow":0,"waterLevel":null}
{"accelerometer":{"x":0,"y":0,"z":0},"floodProbability":null,"landslideProbability":null,"level":"info","message":"Sensor data updated:","rain":0,"soilMoisture":null,"timestamp":"2025-10-28T05:32:15.733Z","vibration":0,"waterFlow":0,"waterLevel":null}
{"accelerometer":{"x":0,"y":0,"z":0},"floodProbability":null,"landslideProbability":null,"level":"info","message":"Sensor data updated:","rain":0,"soilMoisture":null,"timestamp":"2025-10-28T05:32:17.736Z","vibration":0,"waterFlow":0,"waterLevel":null}
{"accelerometer":{"x":0,"y":0,"z":0},"floodProbability":null,"landslideProbability":null,"level":"info","message":"Sensor data updated:","rain":0,"soilMoisture":null,"timestamp":"2025-10-28T05:32:19.737Z","vibration":0,"waterFlow":0,"waterLevel":null}
{"accelerometer":{"x":0,"y":0,"z":0},"floodProbability":null,"landslideProbability":null,"level":"info","message":"Sensor data updated:","rain":0,"soilMoisture":null,"timestamp":"2025-10-28T05:32:21.749Z","vibration":0,"waterFlow":0,"waterLevel":null}
{"accelerometer":{"x":0,"y":0,"z":0},"floodProbability":null,"landslideProbability":null,"level":"info","message":"Sensor data updated:","rain":0,"soilMoisture":null,"timestamp":"2025-10-28T05:32:23.761Z","vibration":0,"waterFlow":0,"waterLevel":null}
{"accelerometer":{"x":0,"y":0,"z":0},"floodProbability":null,"landslideProbability":null,"level":"info","message":"Sensor data updated:","rain":0,"soilMoisture":null,"timestamp":"2025-10-28T05:32:25.761Z","vibration":0,"waterFlow":0,"waterLevel":null}
{"accelerometer":{"x":0,"y":0,"z":0},"floodProbability":null,"landslideProbability":null,"level":"info","message":"Sensor data updated:","rain":0,"soilMoisture":null,"timestamp":"2025-10-28T05:32:27.763Z","vibration":0,"waterFlow":0,"waterLevel":null}
{"accelerometer":{"x":0,"y":0,"z":0},"floodProbability":null,"landslideProbability":null,"level":"info","message":"Sensor data updated:","rain":0,"soilMoisture":null,"timestamp":"2025-10-28T05:32:29.772Z","vibration":0,"waterFlow":0,"waterLevel":null}
{"accelerometer":{"x":0,"y":0,"z":0},"floodProbability":null,"landslideProbability":null,"level":"info","message":"Sensor data updated:","rain":0,"soilMoisture":null,"timestamp":"2025-10-28T05:32:31.778Z","vibration":0,"waterFlow":0,"waterLevel":null}
{"accelerometer":{"x":0,"y":0,"z":0},"floodProbability":null,"landslideProbability":null,"level":"info","message":"Sensor data updated:","rain":0,"soilMoisture":null,"timestamp":"2025-10-28T05:32:33.786Z","vibration":0,"waterFlow":0,"waterLevel":null}
{"accelerometer":{"x":0,"y":0,"z":0},"floodProbability":null,"landslideProbability":null,"level":"info","message":"Sensor data updated:","rain":0,"soilMoisture":null,"timestamp":"2025-10-28T05:32:35.793Z","vibration":0,"waterFlow":0,"waterLevel":null}
{"accelerometer":{"x":0,"y":0,"z":0},"floodProbability":null,"landslideProbability":null,"level":"info","message":"Sensor data updated:","rain":0,"soilMoisture":null,"timestamp":"2025-10-28T05:32:37.793Z","vibration":0,"waterFlow":0,"waterLevel":null}
{"accelerometer":{"x":0,"y":0,"z":0},"floodProbability":null,"landslideProbability":null,"level":"info","message":"Sensor data updated:","rain":0,"soilMoisture":null,"timestamp":"2025-10-28T05:32:39.806Z","vibration":0,"waterFlow":0,"waterLevel":null}
{"accelerometer":{"x":0,"y":0,"z":0},"floodProbability":null,"landslideProbability":null,"level":"info","message":"Sensor data updated:","rain":0,"soilMoisture":null,"timestamp":"2025-10-28T05:32:41.810Z","vibration":0,"waterFlow":0,"waterLevel":null}
{"accelerometer":{"x":0,"y":0,"z":0},"floodProbability":null,"landslideProbability":null,"level":"info","message":"Sensor data updated:","rain":0,"soilMoisture":null,"timestamp":"2025-10-28T05:32:43.816Z","vibration":0,"waterFlow":0,"waterLevel":null}
{"accelerometer":{"x":0,"y":0,"z":0},"floodProbability":null,"landslideProbability":null,"level":"info","message":"Sensor data updated:","rain":0,"soilMoisture":null,"timestamp":"2025-10-28T05:32:45.822Z","vibration":0,"waterFlow":0,"waterLevel":null}
{"accelerometer":{"x":0,"y":0,"z":0},"floodProbability":null,"landslideProbability":null,"level":"info","message":"Sensor data updated:","rain":0,"soilMoisture":null,"timestamp":"2025-10-28T05:32:47.822Z","vibration":0,"waterFlow":0,"waterLevel":null}
{"accelerometer":{"x":0,"y":0,"z":0},"floodProbability":null,"landslideProbability":null,"level":"info","message":"Sensor data updated:","rain":0,"soilMoisture":null,"timestamp":"2025-10-28T05:32:49.835Z","vibration":0,"waterFlow":0,"waterLevel":null}
{"accelerometer":{"x":0,"y":0,"z":0},"floodProbability":null,"landslideProbability":null,"level":"info","message":"Sensor data updated:","rain":0,"soilMoisture":null,"timestamp":"2025-10-28T05:32:51.851Z","vibration":0,"waterFlow":0,"waterLevel":null}
{"accelerometer":{"x":0,"y":0,"z":0},"floodProbability":null,"landslideProbability":null,"level":"info","message":"Sensor data updated:","rain":0,"soilMoisture":null,"timestamp":"2025-10-28T05:32:53.863Z","vibration":0,"waterFlow":0,"waterLevel":null}
{"accelerometer":{"x":0,"y":0,"z":0},"floodProbability":null,"landslideProbability":null,"level":"info","message":"Sensor data updated:","rain":0,"soilMoisture":null,"timestamp":"2025-10-28T05:32:55.872Z","vibration":0,"waterFlow":0,"waterLevel":null}
{"accelerometer":{"x":0,"y":0,"z":0},"floodProbability":null,"landslideProbability":null,"level":"info","message":"Sensor data updated:","rain":0,"soilMoisture":null,"timestamp":"2025-10-28T05:32:57.875Z","vibration":0,"waterFlow":0,"waterLevel":null}
{"accelerometer":{"x":0,"y":0,"z":0},"floodProbability":null,"landslideProbability":null,"level":"info","message":"Sensor data updated:","rain":0,"soilMoisture":null,"timestamp":"2025-10-28T05:32:59.882Z","vibration":0,"waterFlow":0,"waterLevel":null}
{"accelerometer":{"x":0,"y":0,"z":0},"floodProbability":null,"landslideProbability":null,"level":"info","message":"Sensor data updated:","rain":0,"soilMoisture":null,"timestamp":"2025-10-28T05:33:01.890Z","vibration":0,"waterFlow":0,"waterLevel":null}
{"accelerometer":{"x":0,"y":0,"z":0},"floodProbability":null,"landslideProbability":null,"level":"info","message":"Sensor data updated:","rain":0,"soilMoisture":null,"timestamp":"2025-10-28T05:33:03.902Z","vibration":0,"waterFlow":0,"waterLevel":null}
{"accelerometer":{"x":0,"y":0,"z":0},"floodProbability":null,"landslideProbability":null,"level":"info","message":"Sensor data updated:","rain":0,"soilMoisture":null,"timestamp":"2025-10-28T05:33:05.918Z","vibration":0,"waterFlow":0,"waterLevel":null}
{"accelerometer":{"x":0,"y":0,"z":0},"floodProbability":null,"landslideProbability":null,"level":"info","message":"Sensor data updated:","rain":0,"soilMoisture":null,"timestamp":"2025-10-28T05:33:07.932Z","vibration":0,"waterFlow":0,"waterLevel":null}
{"accelerometer":{"x":0,"y":0,"z":0},"floodProbability":null,"landslideProbability":null,"level":"info","message":"Sensor data updated:","rain":0,"soilMoisture":null,"timestamp":"2025-10-28T05:33:09.934Z","vibration":0,"waterFlow":0,"waterLevel":null}
{"accelerometer":{"x":0,"y":0,"z":0},"floodProbability":null,"landslideProbability":null,"level":"info","message":"Sensor data updated:","rain":0,"soilMoisture":null,"timestamp":"2025-10-28T05:33:11.941Z","vibration":0,"waterFlow":0,"waterLevel":null}
{"accelerometer":{"x":0,"y":0,"z":0},"floodProbability":null,"landslideProbability":null,"level":"info","message":"Sensor data updated:","rain":0,"soilMoisture":null,"timestamp":"2025-10-28T05:33:13.950Z","vibration":0,"waterFlow":0,"waterLevel":null}
{"accelerometer":{"x":0,"y":0,"z":0},"floodProbability":null,"landslideProbability":null,"level":"info","message":"Sensor data updated:","rain":0,"soilMoisture":null,"timestamp":"2025-10-28T05:33:15.963Z","vibration":0,"waterFlow":0,"waterLevel":null}
{"accelerometer":{"x":0,"y":0,"z":0},"floodProbability":null,"landslideProbability":null,"level":"info","message":"Sensor data updated:","rain":0,"soilMoisture":null,"timestamp":"2025-10-28T05:33:17.964Z","vibration":0,"waterFlow":0,"waterLevel":null}
{"accelerometer":{"x":0,"y":0,"z":0},"floodProbability":null,"landslideProbability":null,"level":"info","message":"Sensor data updated:","rain":0,"soilMoisture":null,"timestamp":"2025-10-28T05:33:19.976Z","vibration":0,"waterFlow":0,"waterLevel":null}
{"accelerometer":{"x":0,"y":0,"z":0},"floodProbability":null,"landslideProbability":null,"level":"info","message":"Sensor data updated:","rain":0,"soilMoisture":null,"timestamp":"2025-10-28T05:33:21.978Z","vibration":0,"waterFlow":0,"waterLevel":null}
{"accelerometer":{"x":0,"y":0,"z":0},"floodProbability":null,"landslideProbability":null,"level":"info","message":"Sensor data updated:","rain":0,"soilMoisture":null,"timestamp":"2025-10-28T05:33:23.990Z","vibration":0,"waterFlow":0,"waterLevel":null}
{"accelerometer":{"x":0,"y":0,"z":0},"floodProbability":null,"landslideProbability":null,"level":"info","message":"Sensor data updated:","rain":0,"soilMoisture":null,"timestamp":"2025-10-28T05:33:25.990Z","vibration":0,"waterFlow":0,"waterLevel":null}
{"accelerometer":{"x":0,"y":0,"z":0},"floodProbability":null,"landslideProbability":null,"level":"info","message":"Sensor data updated:","rain":0,"soilMoisture":null,"timestamp":"2025-10-28T05:33:27.991Z","vibration":0,"waterFlow":0,"waterLevel":null}
{"accelerometer":{"x":0,"y":0,"z":0},"floodProbability":null,"landslideProbability":null,"level":"info","message":"Sensor data updated:","rain":0,"soilMoisture":null,"timestamp":"2025-10-28T05:33:30.003Z","vibration":0,"waterFlow":0,"waterLevel":null}
{"accelerometer":{"x":0,"y":0,"z":0},"floodProbability":null,"landslideProbability":null,"level":"info","message":"Sensor data updated:","rain":0,"soilMoisture":null,"timestamp":"2025-10-28T05:33:32.013Z","vibration":0,"waterFlow":0,"waterLevel":null}
{"accelerometer":{"x":0,"y":0,"z":0},"floodProbability":null,"landslideProbability":null,"level":"info","message":"Sensor data updated:","rain":0,"soilMoisture":null,"timestamp":"2025-10-28T05:33:34.016Z","vibration":0,"waterFlow":0,"waterLevel":null}
{"accelerometer":{"x":0,"y":0,"z":0},"floodProbability":null,"landslideProbability":null,"level":"info","message":"Sensor data updated:","rain":0,"soilMoisture":null,"timestamp":"2025-10-28T05:33:36.027Z","vibration":0,"waterFlow":0,"waterLevel":null}
{"accelerometer":{"x":0,"y":0,"z":0},"floodProbability":null,"landslideProbability":null,"level":"info","message":"Sensor data updated:","rain":0,"soilMoisture":null,"timestamp":"2025-10-28T05:33:38.029Z","vibration":0,"waterFlow":0,"waterLevel":null}
{"accelerometer":{"x":0,"y":0,"z":0},"floodProbability":null,"landslideProbability":null,"level":"info","message":"Sensor data updated:","rain":0,"soilMoisture":null,"timestamp":"2025-10-28T05:33:40.043Z","vibration":0,"waterFlow":0,"waterLevel":null}
{"accelerometer":{"x":0,"y":0,"z":0},"floodProbability":null,"landslideProbability":null,"level":"info","message":"Sensor data updated:","rain":0,"soilMoisture":null,"timestamp":"2025-10-28T05:33:42.057Z","vibration":0,"waterFlow":0,"waterLevel":null}
{"accelerometer":{"x":0,"y":0,"z":0},"floodProbability":null,"landslideProbability":null,"level":"info","message":"Sensor data updated:","rain":0,"soilMoisture":null,"timestamp":"2025-10-28T05:33:44.061Z","vibration":0,"waterFlow":0,"waterLevel":null}
{"accelerometer":{"x":0,"y":0,"z":0},"floodProbability":null,"landslideProbability":null,"level":"info","message":"Sensor data updated:","rain":0,"soilMoisture":null,"timestamp":"2025-10-28T05:33:46.062Z","vibration":0,"waterFlow":0,"waterLevel":null}
{"accelerometer":{"x":0,"y":0,"z":0},"floodProbability":null,"landslideProbability":null,"level":"info","message":"Sensor data updated:","rain":0,"soilMoisture":null,"timestamp":"2025-10-28T05:33:48.075Z","vibration":0,"waterFlow":0,"waterLevel":null}
{"accelerometer":{"x":0,"y":0,"z":0},"floodProbability":null,"landslideProbability":null,"level":"info","message":"Sensor data updated:","rain":0,"soilMoisture":null,"timestamp":"2025-10-28T05:33:50.079Z","vibration":0,"waterFlow":0,"waterLevel":null}
{"accelerometer":{"x":0,"y":0,"z":0},"floodProbability":null,"landslideProbability":null,"level":"info","message":"Sensor data updated:","rain":0,"soilMoisture":null,"timestamp":"2025-10-28T05:33:52.087Z","vibration":0,"waterFlow":0,"waterLevel":null}
{"accelerometer":{"x":0,"y":0,"z":0},"floodProbability":null,"landslideProbability":null,"level":"info","message":"Sensor data updated:","rain":0,"soilMoisture":null,"timestamp":"2025-10-28T05:33:54.094Z","vibration":0,"waterFlow":0,"waterLevel":null}
{"accelerometer":{"x":0,"y":0,"z":0},"floodProbability":null,"landslideProbability":null,"level":"info","message":"Sensor data updated:","rain":0,"soilMoisture":null,"timestamp":"2025-10-28T05:33:56.100Z","vibration":0,"waterFlow":0,"waterLevel":null}
{"accelerometer":{"x":0,"y":0,"z":0},"floodProbability":null,"landslideProbability":null,"level":"info","message":"Sensor data updated:","rain":0,"soilMoisture":null,"timestamp":"2025-10-28T05:33:58.112Z","vibration":0,"waterFlow":0,"waterLevel":null}
{"accelerometer":{"x":0,"y":0,"z":0},"floodProbability":null,"landslideProbability":null,"level":"info","message":"Sensor data updated:","rain":0,"soilMoisture":null,"timestamp":"2025-10-28T05:34:00.115Z","vibration":0,"waterFlow":0,"waterLevel":null}
{"accelerometer":{"x":0,"y":0,"z":0},"floodProbability":null,"landslideProbability":null,"level":"info","message":"Sensor data updated:","rain":0,"soilMoisture":null,"timestamp":"2025-10-28T05:34:02.122Z","vibration":0,"waterFlow":0,"waterLevel":null}
{"accelerometer":{"x":0,"y":0,"z":0},"floodProbability":null,"landslideProbability":null,"level":"info","message":"Sensor data updated:","rain":0,"soilMoisture":null,"timestamp":"2025-10-28T05:34:04.130Z","vibration":0,"waterFlow":0,"waterLevel":null}
{"accelerometer":{"x":0,"y":0,"z":0},"floodProbability":null,"landslideProbability":null,"level":"info","message":"Sensor data updated:","rain":0,"soilMoisture":null,"timestamp":"2025-10-28T05:34:06.131Z","vibration":0,"waterFlow":0,"waterLevel":null}
{"accelerometer":{"x":0,"y":0,"z":0},"floodProbability":null,"landslideProbability":null,"level":"info","message":"Sensor data updated:","rain":0,"soilMoisture":null,"timestamp":"2025-10-28T05:34:08.132Z","vibration":0,"waterFlow":0,"waterLevel":null}
{"accelerometer":{"x":0,"y":0,"z":0},"floodProbability":null,"landslideProbability":null,"level":"info","message":"Sensor data updated:","rain":0,"soilMoisture":null,"timestamp":"2025-10-28T05:34:10.141Z","vibration":0,"waterFlow":0,"waterLevel":null}
{"accelerometer":{"x":0,"y":0,"z":0},"floodProbability":null,"landslideProbability":null,"level":"info","message":"Sensor data updated:","rain":0,"soilMoisture":null,"timestamp":"2025-10-28T05:34:12.153Z","vibration":0,"waterFlow":0,"waterLevel":null}
{"accelerometer":{"x":0,"y":0,"z":0},"floodProbability":null,"landslideProbability":null,"level":"info","message":"Sensor data updated:","rain":0,"soilMoisture":null,"timestamp":"2025-10-28T05:34:14.154Z","vibration":0,"waterFlow":0,"waterLevel":null}
{"accelerometer":{"x":0,"y":0,"z":0},"floodProbability":null,"landslideProbability":null,"level":"info","message":"Sensor data updated:","rain":0,"soilMoisture":null,"timestamp":"2025-10-28T05:34:16.167Z","vibration":0,"waterFlow":0,"waterLevel":null}
{"accelerometer":{"x":0,"y":0,"z":0},"floodProbability":null,"landslideProbability":null,"level":"info","message":"Sensor data updated:","rain":0,"soilMoisture":null,"timestamp":"2025-10-28T05:34:18.178Z","vibration":0,"waterFlow":0,"waterLevel":null}
{"accelerometer":{"x":0,"y":0,"z":0},"floodProbability":null,"landslideProbability":null,"level":"info","message":"Sensor data updated:","rain":0,"soilMoisture":null,"timestamp":"2025-10-28T05:34:20.193Z","vibration":0,"waterFlow":0,"waterLevel":null}
{"accelerometer":{"x":0,"y":0,"z":0},"floodProbability":null,"landslideProbability":null,"level":"info","message":"Sensor data updated:","rain":0,"soilMoisture":null,"timestamp":"2025-10-28T05:34:22.200Z","vibration":0,"waterFlow":0,"waterLevel":null}
{"accelerometer":{"x":0,"y":0,"z":0},"floodProbability":null,"landslideProbability":null,"level":"info","message":"Sensor data updated:","rain":0,"soilMoisture":null,"timestamp":"2025-10-28T05:34:24.207Z","vibration":0,"waterFlow":0,"waterLevel":null}
{"accelerometer":{"x":0,"y":0,"z":0},"floodProbability":null,"landslideProbability":null,"level":"info","message":"Sensor data updated:","rain":0,"soilMoisture":null,"timestamp":"2025-10-28T05:34:26.223Z","vibration":0,"waterFlow":0,"waterLevel":null}
{"accelerometer":{"x":0,"y":0,"z":0},"floodProbability":null,"landslideProbability":null,"level":"info","message":"Sensor data updated:","rain":0,"soilMoisture":null,"timestamp":"2025-10-28T05:34:28.222Z","vibration":0,"waterFlow":0,"waterLevel":null}
{"accelerometer":{"x":0,"y":0,"z":0},"floodProbability":null,"landslideProbability":null,"level":"info","message":"Sensor data updated:","rain":0,"soilMoisture":null,"timestamp":"2025-10-28T05:34:30.229Z","vibration":0,"waterFlow":0,"waterLevel":null}
{"accelerometer":{"x":0,"y":0,"z":0},"floodProbability":null,"landslideProbability":null,"level":"info","message":"Sensor data updated:","rain":0,"soilMoisture":null,"timestamp":"2025-10-28T05:34:32.236Z","vibration":0,"waterFlow":0,"waterLevel":null}
{"accelerometer":{"x":0,"y":0,"z":0},"floodProbability":null,"landslideProbability":null,"level":"info","message":"Sensor data updated:","rain":0,"soilMoisture":null,"timestamp":"2025-10-28T05:34:34.242Z","vibration":0,"waterFlow":0,"waterLevel":null}
{"accelerometer":{"x":0,"y":0,"z":0},"floodProbability":null,"landslideProbability":null,"level":"info","message":"Sensor data updated:","rain":0,"soilMoisture":null,"timestamp":"2025-10-28T05:34:36.257Z","vibration":0,"waterFlow":0,"waterLevel":null}
{"accelerometer":{"x":0,"y":0,"z":0},"floodProbability":null,"landslideProbability":null,"level":"info","message":"Sensor data updated:","rain":0,"soilMoisture":null,"timestamp":"2025-10-28T05:34:38.267Z","vibration":0,"waterFlow":0,"waterLevel":null}
{"accelerometer":{"x":0,"y":0,"z":0},"floodProbability":null,"landslideProbability":null,"level":"info","message":"Sensor data updated:","rain":0,"soilMoisture":null,"timestamp":"2025-10-28T05:34:40.271Z","vibration":0,"waterFlow":0,"waterLevel":null}
{"accelerometer":{"x":0,"y":0,"z":0},"floodProbability":null,"landslideProbability":null,"level":"info","message":"Sensor data updated:","rain":0,"soilMoisture":null,"timestamp":"2025-10-28T05:34:42.284Z","vibration":0,"waterFlow":0,"waterLevel":null}
{"accelerometer":{"x":0,"y":0,"z":0},"floodProbability":null,"landslideProbability":null,"level":"info","message":"Sensor data updated:","rain":0,"soilMoisture":null,"timestamp":"2025-10-28T05:34:44.295Z","vibration":0,"waterFlow":0,"waterLevel":null}
{"accelerometer":{"x":0,"y":0,"z":0},"floodProbability":null,"landslideProbability":null,"level":"info","message":"Sensor data updated:","rain":0,"soilMoisture":null,"timestamp":"2025-10-28T05:34:46.304Z","vibration":0,"waterFlow":0,"waterLevel":null}
{"accelerometer":{"x":0,"y":0,"z":0},"floodProbability":null,"landslideProbability":null,"level":"info","message":"Sensor data updated:","rain":0,"soilMoisture":null,"timestamp":"2025-10-28T05:34:48.311Z","vibration":0,"waterFlow":0,"waterLevel":null}
{"accelerometer":{"x":0,"y":0,"z":0},"floodProbability":null,"landslideProbability":null,"level":"info","message":"Sensor data updated:","rain":0,"soilMoisture":null,"timestamp":"2025-10-28T05:34:50.322Z","vibration":0,"waterFlow":0,"waterLevel":null}
{"accelerometer":{"x":0,"y":0,"z":0},"floodProbability":null,"landslideProbability":null,"level":"info","message":"Sensor data updated:","rain":0,"soilMoisture":null,"timestamp":"2025-10-28T05:34:52.335Z","vibration":0,"waterFlow":0,"waterLevel":null}
{"accelerometer":{"x":0,"y":0,"z":0},"floodProbability":null,"landslideProbability":null,"level":"info","message":"Sensor data updated:","rain":0,"soilMoisture":null,"timestamp":"2025-10-28T05:34:54.342Z","vibration":0,"waterFlow":0,"waterLevel":null}
{"accelerometer":{"x":0,"y":0,"z":0},"floodProbability":null,"landslideProbability":null,"level":"info","message":"Sensor data updated:","rain":0,"soilMoisture":null,"timestamp":"2025-10-28T05:34:56.352Z","vibration":0,"waterFlow":0,"waterLevel":null}
{"accelerometer":{"x":0,"y":0,"z":0},"floodProbability":null,"landslideProbability":null,"level":"info","message":"Sensor data updated:","rain":0,"soilMoisture":null,"timestamp":"2025-10-28T05:34:58.368Z","vibration":0,"waterFlow":0,"waterLevel":null}
{"accelerometer":{"x":0,"y":0,"z":0},"floodProbability":null,"landslideProbability":null,"level":"info","message":"Sensor data updated:","rain":0,"soilMoisture":null,"timestamp":"2025-10-28T05:35:00.375Z","vibration":0,"waterFlow":0,"waterLevel":null}
{"accelerometer":{"x":0,"y":0,"z":0},"floodProbability":null,"landslideProbability":null,"level":"info","message":"Sensor data updated:","rain":0,"soilMoisture":null,"timestamp":"2025-10-28T05:35:02.380Z","vibration":0,"waterFlow":0,"waterLevel":null}
{"accelerometer":{"x":0,"y":0,"z":0},"floodProbability":null,"landslideProbability":null,"level":"info","message":"Sensor data updated:","rain":0,"soilMoisture":null,"timestamp":"2025-10-28T05:35:04.393Z","vibration":0,"waterFlow":0,"waterLevel":null}
{"accelerometer":{"x":0,"y":0,"z":0},"floodProbability":null,"landslideProbability":null,"level":"info","message":"Sensor data updated:","rain":0,"soilMoisture":null,"timestamp":"2025-10-28T05:35:06.399Z","vibration":0,"waterFlow":0,"waterLevel":null}
{"accelerometer":{"x":0,"y":0,"z":0},"floodProbability":null,"landslideProbability":null,"level":"info","message":"Sensor data updated:","rain":0,"soilMoisture":null,"timestamp":"2025-10-28T05:35:08.401Z","vibration":0,"waterFlow":0,"waterLevel":null}
{"accelerometer":{"x":0,"y":0,"z":0},"floodProbability":null,"landslideProbability":null,"level":"info","message":"Sensor data updated:","rain":0,"soilMoisture":null,"timestamp":"2025-10-28T05:35:10.402Z","vibration":0,"waterFlow":0,"waterLevel":null}
{"accelerometer":{"x":0,"y":0,"z":0},"floodProbability":null,"landslideProbability":null,"level":"info","message":"Sensor data updated:","rain":0,"soilMoisture":null,"timestamp":"2025-10-28T05:35:12.410Z","vibration":0,"waterFlow":0,"waterLevel":null}
{"accelerometer":{"x":0,"y":0,"z":0},"floodProbability":null,"landslideProbability":null,"level":"info","message":"Sensor data updated:","rain":0,"soilMoisture":null,"timestamp":"2025-10-28T05:35:14.422Z","vibration":0,"waterFlow":0,"waterLevel":null}
{"accelerometer":{"x":0,"y":0,"z":0},"floodProbability":null,"landslideProbability":null,"level":"info","message":"Sensor data updated:","rain":0,"soilMoisture":null,"timestamp":"2025-10-28T05:35:16.426Z","vibration":0,"waterFlow":0,"waterLevel":null}
{"accelerometer":{"x":0,"y":0,"z":0},"floodProbability":null,"landslideProbability":null,"level":"info","message":"Sensor data updated:","rain":0,"soilMoisture":null,"timestamp":"2025-10-28T05:35:18.431Z","vibration":0,"waterFlow":0,"waterLevel":null}
{"accelerometer":{"x":0,"y":0,"z":0},"floodProbability":null,"landslideProbability":null,"level":"info","message":"Sensor data updated:","rain":0,"soilMoisture":null,"timestamp":"2025-10-28T05:35:20.440Z","vibration":0,"waterFlow":0,"waterLevel":null}
{"accelerometer":{"x":0,"y":0,"z":0},"floodProbability":null,"landslideProbability":null,"level":"info","message":"Sensor data updated:","rain":0,"soilMoisture":null,"timestamp":"2025-10-28T05:35:22.445Z","vibration":0,"waterFlow":0,"waterLevel":null}
{"accelerometer":{"x":0,"y":0,"z":0},"floodProbability":null,"landslideProbability":null,"level":"info","message":"Sensor data updated:","rain":0,"soilMoisture":null,"timestamp":"2025-10-28T05:35:24.448Z","vibration":0,"waterFlow":0,"waterLevel":null}
{"accelerometer":{"x":0,"y":0,"z":0},"floodProbability":null,"landslideProbability":null,"level":"info","message":"Sensor data updated:","rain":0,"soilMoisture":null,"timestamp":"2025-10-28T05:35:26.453Z","vibration":0,"waterFlow":0,"waterLevel":null}
{"accelerometer":{"x":0,"y":0,"z":0},"floodProbability":null,"landslideProbability":null,"level":"info","message":"Sensor data updated:","rain":0,"soilMoisture":null,"timestamp":"2025-10-28T05:35:28.458Z","vibration":0,"waterFlow":0,"waterLevel":null}
{"accelerometer":{"x":0,"y":0,"z":0},"floodProbability":null,"landslideProbability":null,"level":"info","message":"Sensor data updated:","rain":0,"soilMoisture":null,"timestamp":"2025-10-28T05:35:30.461Z","vibration":0,"waterFlow":0,"waterLevel":null}
{"accelerometer":{"x":0,"y":0,"z":0},"floodProbability":null,"landslideProbability":null,"level":"info","message":"Sensor data updated:","rain":0,"soilMoisture":null,"timestamp":"2025-10-28T05:35:32.475Z","vibration":0,"waterFlow":0,"waterLevel":null}
{"accelerometer":{"x":0,"y":0,"z":0},"floodProbability":null,"landslideProbability":null,"level":"info","message":"Sensor data updated:","rain":0,"soilMoisture":null,"timestamp":"2025-10-28T05:35:34.476Z","vibration":0,"waterFlow":0,"waterLevel":null}
{"accelerometer":{"x":0,"y":0,"z":0},"floodProbability":null,"landslideProbability":null,"level":"info","message":"Sensor data updated:","rain":0,"soilMoisture":null,"timestamp":"2025-10-28T05:35:36.483Z","vibration":0,"waterFlow":0,"waterLevel":null}
{"accelerometer":{"x":0,"y":0,"z":0},"floodProbability":null,"landslideProbability":null,"level":"info","message":"Sensor data updated:","rain":0,"soilMoisture":null,"timestamp":"2025-10-28T05:35:38.489Z","vibration":0,"waterFlow":0,"waterLevel":null}
{"accelerometer":{"x":0,"y":0,"z":0},"floodProbability":null,"landslideProbability":null,"level":"info","message":"Sensor data updated:","rain":0,"soilMoisture":null,"timestamp":"2025-10-28T05:35:40.502Z","vibration":0,"waterFlow":0,"waterLevel":null}
{"accelerometer":{"x":0,"y":0,"z":0},"floodProbability":null,"landslideProbability":null,"level":"info","message":"Sensor data updated:","rain":0,"soilMoisture":null,"timestamp":"2025-10-28T05:35:42.504Z","vibration":0,"waterFlow":0,"waterLevel":null}
{"accelerometer":{"x":0,"y":0,"z":0},"floodProbability":null,"landslideProbability":null,"level":"info","message":"Sensor data updated:","rain":0,"soilMoisture":null,"timestamp":"2025-10-28T05:35:44.514Z","vibration":0,"waterFlow":0,"waterLevel":null}
{"accelerometer":{"x":0,"y":0,"z":0},"floodProbability":null,"landslideProbability":null,"level":"info","message":"Sensor data updated:","rain":0,"soilMoisture":null,"timestamp":"2025-10-28T05:35:46.519Z","vibration":0,"waterFlow":0,"waterLevel":null}
{"accelerometer":{"x":0,"y":0,"z":0},"floodProbability":null,"landslideProbability":null,"level":"info","message":"Sensor data updated:","rain":0,"soilMoisture":null,"timestamp":"2025-10-28T05:35:48.533Z","vibration":0,"waterFlow":0,"waterLevel":null}
{"accelerometer":{"x":0,"y":0,"z":0},"floodProbability":null,"landslideProbability":null,"level":"info","message":"Sensor data updated:","rain":0,"soilMoisture":null,"timestamp":"2025-10-28T05:35:50.538Z","vibration":0,"waterFlow":0,"waterLevel":null}
{"accelerometer":{"x":0,"y":0,"z":0},"floodProbability":null,"landslideProbability":null,"level":"info","message":"Sensor data updated:","rain":0,"soilMoisture":null,"timestamp":"2025-10-28T05:35:52.551Z","vibration":0,"waterFlow":0,"waterLevel":null}
{"accelerometer":{"x":0,"y":0,"z":0},"floodProbability":null,"landslideProbability":null,"level":"info","message":"Sensor data updated:","rain":0,"soilMoisture":null,"timestamp":"2025-10-28T05:35:54.564Z","vibration":0,"waterFlow":0,"waterLevel":null}
{"accelerometer":{"x":0,"y":0,"z":0},"floodProbability":null,"landslideProbability":null,"level":"info","message":"Sensor data updated:","rain":0,"soilMoisture":null,"timestamp":"2025-10-28T05:35:56.579Z","vibration":0,"waterFlow":0,"waterLevel":null}
{"accelerometer":{"x":0,"y":0,"z":0},"floodProbability":null,"landslideProbability":null,"level":"info","message":"Sensor data updated:","rain":0,"soilMoisture":null,"timestamp":"2025-10-28T05:35:58.590Z","vibration":0,"waterFlow":0,"waterLevel":null}
{"accelerometer":{"x":0,"y":0,"z":0},"floodProbability":null,"landslideProbability":null,"level":"info","message":"Sensor data updated:","rain":0,"soilMoisture":null,"timestamp":"2025-10-28T05:36:00.592Z","vibration":0,"waterFlow":0,"waterLevel":null}
{"accelerometer":{"x":0,"y":0,"z":0},"floodProbability":null,"landslideProbability":null,"level":"info","message":"Sensor data updated:","rain":0,"soilMoisture":null,"timestamp":"2025-10-28T05:36:02.598Z","vibration":0,"waterFlow":0,"waterLevel":null}
{"accelerometer":{"x":0,"y":0,"z":0},"floodProbability":null,"landslideProbability":null,"level":"info","message":"Sensor data updated:","rain":0,"soilMoisture":null,"timestamp":"2025-10-28T05:36:04.602Z","vibration":0,"waterFlow":0,"waterLevel":null}
{"accelerometer":{"x":0,"y":0,"z":0},"floodProbability":null,"landslideProbability":null,"level":"info","message":"Sensor data updated:","rain":0,"soilMoisture":null,"timestamp":"2025-10-28T05:36:06.604Z","vibration":0,"waterFlow":0,"waterLevel":null}
{"accelerometer":{"x":0,"y":0,"z":0},"floodProbability":null,"landslideProbability":null,"level":"info","message":"Sensor data updated:","rain":0,"soilMoisture":null,"timestamp":"2025-10-28T05:36:08.611Z","vibration":0,"waterFlow":0,"waterLevel":null}
{"accelerometer":{"x":0,"y":0,"z":0},"floodProbability":null,"landslideProbability":null,"level":"info","message":"Sensor data updated:","rain":0,"soilMoisture":null,"timestamp":"2025-10-28T05:36:10.617Z","vibration":0,"waterFlow":0,"waterLevel":null}
{"accelerometer":{"x":0,"y":0,"z":0},"floodProbability":null,"landslideProbability":null,"level":"info","message":"Sensor data updated:","rain":0,"soilMoisture":null,"timestamp":"2025-10-28T05:36:12.626Z","vibration":0,"waterFlow":0,"waterLevel":null}
{"accelerometer":{"x":0,"y":0,"z":0},"floodProbability":null,"landslideProbability":null,"level":"info","message":"Sensor data updated:","rain":0,"soilMoisture":null,"timestamp":"2025-10-28T05:36:14.632Z","vibration":0,"waterFlow":0,"waterLevel":null}
{"accelerometer":{"x":0,"y":0,"z":0},"floodProbability":null,"landslideProbability":null,"level":"info","message":"Sensor data updated:","rain":0,"soilMoisture":null,"timestamp":"2025-10-28T05:36:16.639Z","vibration":0,"waterFlow":0,"waterLevel":null}
{"accelerometer":{"x":0,"y":0,"z":0},"floodProbability":null,"landslideProbability":null,"level":"info","message":"Sensor data updated:","rain":0,"soilMoisture":null,"timestamp":"2025-10-28T05:36:18.650Z","vibration":0,"waterFlow":0,"waterLevel":null}
{"accelerometer":{"x":0,"y":0,"z":0},"floodProbability":null,"landslideProbability":null,"level":"info","message":"Sensor data updated:","rain":0,"soilMoisture":null,"timestamp":"2025-10-28T05:36:20.664Z","vibration":0,"waterFlow":0,"waterLevel":null}
{"accelerometer":{"x":0,"y":0,"z":0},"floodProbability":null,"landslideProbability":null,"level":"info","message":"Sensor data updated:","rain":0,"soilMoisture":null,"timestamp":"2025-10-28T05:36:22.671Z","vibration":0,"waterFlow":0,"waterLevel":null}
{"accelerometer":{"x":0,"y":0,"z":0},"floodProbability":null,"landslideProbability":null,"level":"info","message":"Sensor data updated:","rain":0,"soilMoisture":null,"timestamp":"2025-10-28T05:36:24.678Z","vibration":0,"waterFlow":0,"waterLevel":null}
{"accelerometer":{"x":0,"y":0,"z":0},"floodProbability":null,"landslideProbability":null,"level":"info","message":"Sensor data updated:","rain":0,"soilMoisture":null,"timestamp":"2025-10-28T05:36:26.693Z","vibration":0,"waterFlow":0,"waterLevel":null}
{"accelerometer":{"x":0,"y":0,"z":0},"floodProbability":null,"landslideProbability":null,"level":"info","message":"Sensor data updated:","rain":0,"soilMoisture":null,"timestamp":"2025-10-28T05:36:28.697Z","vibration":0,"waterFlow":0,"waterLevel":null}
{"level":"info","message":"Client disconnected:","timestamp":"2025-10-28T05:36:29.625Z"}
{"level":"info","message":"Client disconnected:","timestamp":"2025-10-28T05:36:29.628Z"}
{"accelerometer":{"x":0,"y":0,"z":0},"floodProbability":null,"landslideProbability":null,"level":"info","message":"Sensor data updated:","rain":0,"soilMoisture":null,"timestamp":"2025-10-28T05:36:30.697Z","vibration":0,"waterFlow":0,"waterLevel":null}
{"accelerometer":{"x":0,"y":0,"z":0},"floodProbability":null,"landslideProbability":null,"level":"info","message":"Sensor data updated:","rain":0,"soilMoisture":null,"timestamp":"2025-10-28T05:36:32.704Z","vibration":0,"waterFlow":0,"waterLevel":null}
{"accelerometer":{"x":0,"y":0,"z":0},"floodProbability":null,"landslideProbability":null,"level":"info","message":"Sensor data updated:","rain":0,"soilMoisture":null,"timestamp":"2025-10-28T05:36:34.711Z","vibration":0,"waterFlow":0,"waterLevel":null}
{"accelerometer":{"x":0,"y":0,"z":0},"floodProbability":null,"landslideProbability":null,"level":"info","message":"Sensor data updated:","rain":0,"soilMoisture":null,"timestamp":"2025-10-28T05:36:36.719Z","vibration":0,"waterFlow":0,"waterLevel":null}
{"accelerometer":{"x":0,"y":0,"z":0},"floodProbability":null,"landslideProbability":null,"level":"info","message":"Sensor data updated:","rain":0,"soilMoisture":null,"timestamp":"2025-10-28T05:36:38.726Z","vibration":0,"waterFlow":0,"waterLevel":null}
{"accelerometer":{"x":0,"y":0,"z":0},"floodProbability":null,"landslideProbability":null,"level":"info","message":"Sensor data updated:","rain":0,"soilMoisture":null,"timestamp":"2025-10-28T05:36:40.734Z","vibration":0,"waterFlow":0,"waterLevel":null}
{"accelerometer":{"x":0,"y":0,"z":0},"floodProbability":null,"landslideProbability":null,"level":"info","message":"Sensor data updated:","rain":0,"soilMoisture":null,"timestamp":"2025-10-28T05:36:42.743Z","vibration":0,"waterFlow":0,"waterLevel":null}
{"accelerometer":{"x":0,"y":0,"z":0},"floodProbability":null,"landslideProbability":null,"level":"info","message":"Sensor data updated:","rain":0,"soilMoisture":null,"timestamp":"2025-10-28T05:36:44.751Z","vibration":0,"waterFlow":0,"waterLevel":null}
{"accelerometer":{"x":0,"y":0,"z":0},"floodProbability":null,"landslideProbability":null,"level":"info","message":"Sensor data updated:","rain":0,"soilMoisture":null,"timestamp":"2025-10-28T05:36:46.754Z","vibration":0,"waterFlow":0,"waterLevel":null}
{"accelerometer":{"x":0,"y":0,"z":0},"floodProbability":null,"landslideProbability":null,"level":"info","message":"Sensor data updated:","rain":0,"soilMoisture":null,"timestamp":"2025-10-28T05:36:48.769Z","vibration":0,"waterFlow":0,"waterLevel":null}
{"accelerometer":{"x":0,"y":0,"z":0},"floodProbability":null,"landslideProbability":null,"level":"info","message":"Sensor data updated:","rain":0,"soilMoisture":null,"timestamp":"2025-10-28T05:36:50.777Z","vibration":0,"waterFlow":0,"waterLevel":null}
{"accelerometer":{"x":0,"y":0,"z":0},"floodProbability":null,"landslideProbability":null,"level":"info","message":"Sensor data updated:","rain":0,"soilMoisture":null,"timestamp":"2025-10-28T05:36:52.794Z","vibration":0,"waterFlow":0,"waterLevel":null}
{"accelerometer":{"x":0,"y":0,"z":0},"floodProbability":null,"landslideProbability":null,"level":"info","message":"Sensor data updated:","rain":0,"soilMoisture":null,"timestamp":"2025-10-28T05:36:54.806Z","vibration":0,"waterFlow":0,"waterLevel":null}
{"accelerometer":{"x":0,"y":0,"z":0},"floodProbability":null,"landslideProbability":null,"level":"info","message":"Sensor data updated:","rain":0,"soilMoisture":null,"timestamp":"2025-10-28T05:36:56.812Z","vibration":0,"waterFlow":0,"waterLevel":null}
{"accelerometer":{"x":0,"y":0,"z":0},"floodProbability":null,"landslideProbability":null,"level":"info","message":"Sensor data updated:","rain":0,"soilMoisture":null,"timestamp":"2025-10-28T05:36:58.823Z","vibration":0,"waterFlow":0,"waterLevel":null}
{"accelerometer":{"x":0,"y":0,"z":0},"floodProbability":null,"landslideProbability":null,"level":"info","message":"Sensor data updated:","rain":0,"soilMoisture":null,"timestamp":"2025-10-28T05:37:00.831Z","vibration":0,"waterFlow":0,"waterLevel":null}
{"accelerometer":{"x":0,"y":0,"z":0},"floodProbability":null,"landslideProbability":null,"level":"info","message":"Sensor data updated:","rain":0,"soilMoisture":null,"timestamp":"2025-10-28T05:37:02.843Z","vibration":0,"waterFlow":0,"waterLevel":null}
{"accelerometer":{"x":0,"y":0,"z":0},"floodProbability":null,"landslideProbability":null,"level":"info","message":"Sensor data updated:","rain":0,"soilMoisture":null,"timestamp":"2025-10-28T05:37:04.849Z","vibration":0,"waterFlow":0,"waterLevel":null}
{"accelerometer":{"x":0,"y":0,"z":0},"floodProbability":null,"landslideProbability":null,"level":"info","message":"Sensor data updated:","rain":0,"soilMoisture":null,"timestamp":"2025-10-28T05:37:06.865Z","vibration":0,"waterFlow":0,"waterLevel":null}
{"accelerometer":{"x":0,"y":0,"z":0},"floodProbability":null,"landslideProbability":null,"level":"info","message":"Sensor data updated:","rain":0,"soilMoisture":null,"timestamp":"2025-10-28T05:37:08.868Z","vibration":0,"waterFlow":0,"waterLevel":null}
{"accelerometer":{"x":0,"y":0,"z":0},"floodProbability":null,"landslideProbability":null,"level":"info","message":"Sensor data updated:","rain":0,"soilMoisture":null,"timestamp":"2025-10-28T05:37:10.879Z","vibration":0,"waterFlow":0,"waterLevel":null}
{"accelerometer":{"x":0,"y":0,"z":0},"floodProbability":null,"landslideProbability":null,"level":"info","message":"Sensor data updated:","rain":0,"soilMoisture":null,"timestamp":"2025-10-28T05:37:12.890Z","vibration":0,"waterFlow":0,"waterLevel":null}
{"accelerometer":{"x":0,"y":0,"z":0},"floodProbability":null,"landslideProbability":null,"level":"info","message":"Sensor data updated:","rain":0,"soilMoisture":null,"timestamp":"2025-10-28T05:37:14.895Z","vibration":0,"waterFlow":0,"waterLevel":null}
{"accelerometer":{"x":0,"y":0,"z":0},"floodProbability":null,"landslideProbability":null,"level":"info","message":"Sensor data updated:","rain":0,"soilMoisture":null,"timestamp":"2025-10-28T05:37:16.900Z","vibration":0,"waterFlow":0,"waterLevel":null}
{"accelerometer":{"x":0,"y":0,"z":0},"floodProbability":null,"landslideProbability":null,"level":"info","message":"Sensor data updated:","rain":0,"soilMoisture":null,"timestamp":"2025-10-28T05:37:18.912Z","vibration":0,"waterFlow":0,"waterLevel":null}
{"accelerometer":{"x":0,"y":0,"z":0},"floodProbability":null,"landslideProbability":null,"level":"info","message":"Sensor data updated:","rain":0,"soilMoisture":null,"timestamp":"2025-10-28T05:37:20.915Z","vibration":0,"waterFlow":0,"waterLevel":null}
{"accelerometer":{"x":0,"y":0,"z":0},"floodProbability":null,"landslideProbability":null,"level":"info","message":"Sensor data updated:","rain":0,"soilMoisture":null,"timestamp":"2025-10-28T05:37:22.924Z","vibration":0,"waterFlow":0,"waterLevel":null}
{"accelerometer":{"x":0,"y":0,"z":0},"floodProbability":null,"landslideProbability":null,"level":"info","message":"Sensor data updated:","rain":0,"soilMoisture":null,"timestamp":"2025-10-28T05:37:24.925Z","vibration":0,"waterFlow":0,"waterLevel":null}
{"accelerometer":{"x":0,"y":0,"z":0},"floodProbability":null,"landslideProbability":null,"level":"info","message":"Sensor data updated:","rain":0,"soilMoisture":null,"timestamp":"2025-10-28T05:37:26.932Z","vibration":0,"waterFlow":0,"waterLevel":null}
{"accelerometer":{"x":0,"y":0,"z":0},"floodProbability":null,"landslideProbability":null,"level":"info","message":"Sensor data updated:","rain":0,"soilMoisture":null,"timestamp":"2025-10-28T05:37:28.945Z","vibration":0,"waterFlow":0,"waterLevel":null}
{"accelerometer":{"x":0,"y":0,"z":0},"floodProbability":null,"landslideProbability":null,"level":"info","message":"Sensor data updated:","rain":0,"soilMoisture":null,"timestamp":"2025-10-28T05:37:30.946Z","vibration":0,"waterFlow":0,"waterLevel":null}
{"accelerometer":{"x":0,"y":0,"z":0},"floodProbability":null,"landslideProbability":null,"level":"info","message":"Sensor data updated:","rain":0,"soilMoisture":null,"timestamp":"2025-10-28T05:37:32.948Z","vibration":0,"waterFlow":0,"waterLevel":null}
{"accelerometer":{"x":0,"y":0,"z":0},"floodProbability":null,"landslideProbability":null,"level":"info","message":"Sensor data updated:","rain":0,"soilMoisture":null,"timestamp":"2025-10-28T05:37:34.964Z","vibration":0,"waterFlow":0,"waterLevel":null}
{"accelerometer":{"x":0,"y":0,"z":0},"floodProbability":null,"landslideProbability":null,"level":"info","message":"Sensor data updated:","rain":0,"soilMoisture":null,"timestamp":"2025-10-28T05:37:36.965Z","vibration":0,"waterFlow":0,"waterLevel":null}
{"accelerometer":{"x":0,"y":0,"z":0},"floodProbability":null,"landslideProbability":null,"level":"info","message":"Sensor data updated:","rain":0,"soilMoisture":null,"timestamp":"2025-10-28T05:37:38.975Z","vibration":0,"waterFlow":0,"waterLevel":null}
{"accelerometer":{"x":0,"y":0,"z":0},"floodProbability":null,"landslideProbability":null,"level":"info","message":"Sensor data updated:","rain":0,"soilMoisture":null,"timestamp":"2025-10-28T05:37:40.980Z","vibration":0,"waterFlow":0,"waterLevel":null}
{"accelerometer":{"x":0,"y":0,"z":0},"floodProbability":null,"landslideProbability":null,"level":"info","message":"Sensor data updated:","rain":0,"soilMoisture":null,"timestamp":"2025-10-28T05:37:42.992Z","vibration":0,"waterFlow":0,"waterLevel":null}
{"accelerometer":{"x":0,"y":0,"z":0},"floodProbability":null,"landslideProbability":null,"level":"info","message":"Sensor data updated:","rain":0,"soilMoisture":null,"timestamp":"2025-10-28T05:37:44.999Z","vibration":0,"waterFlow":0,"waterLevel":null}
{"accelerometer":{"x":0,"y":0,"z":0},"floodProbability":null,"landslideProbability":null,"level":"info","message":"Sensor data updated:","rain":0,"soilMoisture":null,"timestamp":"2025-10-28T05:37:47.007Z","vibration":0,"waterFlow":0,"waterLevel":null}
{"accelerometer":{"x":0,"y":0,"z":0},"floodProbability":null,"landslideProbability":null,"level":"info","message":"Sensor data updated:","rain":0,"soilMoisture":null,"timestamp":"2025-10-28T05:37:49.013Z","vibration":0,"waterFlow":0,"waterLevel":null}
{"accelerometer":{"x":0,"y":0,"z":0},"floodProbability":null,"landslideProbability":null,"level":"info","message":"Sensor data updated:","rain":0,"soilMoisture":null,"timestamp":"2025-10-28T05:37:51.025Z","vibration":0,"waterFlow":0,"waterLevel":null}
{"accelerometer":{"x":0,"y":0,"z":0},"floodProbability":null,"landslideProbability":null,"level":"info","message":"Sensor data updated:","rain":0,"soilMoisture":null,"timestamp":"2025-10-28T05:37:53.040Z","vibration":0,"waterFlow":0,"waterLevel":null}
{"accelerometer":{"x":0,"y":0,"z":0},"floodProbability":null,"landslideProbability":null,"level":"info","message":"Sensor data updated:","rain":0,"soilMoisture":null,"timestamp":"2025-10-28T05:37:55.048Z","vibration":0,"waterFlow":0,"waterLevel":null}
{"accelerometer":{"x":0,"y":0,"z":0},"floodProbability":null,"landslideProbability":null,"level":"info","message":"Sensor data updated:","rain":0,"soilMoisture":null,"timestamp":"2025-10-28T05:37:57.057Z","vibration":0,"waterFlow":0,"waterLevel":null}
{"accelerometer":{"x":0,"y":0,"z":0},"floodProbability":null,"landslideProbability":null,"level":"info","message":"Sensor data updated:","rain":0,"soilMoisture":null,"timestamp":"2025-10-28T05:37:59.071Z","vibration":0,"waterFlow":0,"waterLevel":null}
{"accelerometer":{"x":0,"y":0,"z":0},"floodProbability":null,"landslideProbability":null,"level":"info","message":"Sensor data updated:","rain":0,"soilMoisture":null,"timestamp":"2025-10-28T05:38:01.085Z","vibration":0,"waterFlow":0,"waterLevel":null}
{"accelerometer":{"x":0,"y":0,"z":0},"floodProbability":null,"landslideProbability":null,"level":"info","message":"Sensor data updated:","rain":0,"soilMoisture":null,"timestamp":"2025-10-28T05:38:03.088Z","vibration":0,"waterFlow":0,"waterLevel":null}
{"accelerometer":{"x":0,"y":0,"z":0},"floodProbability":null,"landslideProbability":null,"level":"info","message":"Sensor data updated:","rain":0,"soilMoisture":null,"timestamp":"2025-10-28T05:38:05.092Z","vibration":0,"waterFlow":0,"waterLevel":null}
{"accelerometer":{"x":0,"y":0,"z":0},"floodProbability":null,"landslideProbability":null,"level":"info","message":"Sensor data updated:","rain":0,"soilMoisture":null,"timestamp":"2025-10-28T05:38:07.092Z","vibration":0,"waterFlow":0,"waterLevel":null}
{"accelerometer":{"x":0,"y":0,"z":0},"floodProbability":null,"landslideProbability":null,"level":"info","message":"Sensor data updated:","rain":0,"soilMoisture":null,"timestamp":"2025-10-28T05:38:09.094Z","vibration":0,"waterFlow":0,"waterLevel":null}
{"accelerometer":{"x":0,"y":0,"z":0},"floodProbability":null,"landslideProbability":null,"level":"info","message":"Sensor data updated:","rain":0,"soilMoisture":null,"timestamp":"2025-10-28T05:38:11.101Z","vibration":0,"waterFlow":0,"waterLevel":null}
{"accelerometer":{"x":0,"y":0,"z":0},"floodProbability":null,"landslideProbability":null,"level":"info","message":"Sensor data updated:","rain":0,"soilMoisture":null,"timestamp":"2025-10-28T05:38:13.112Z","vibration":0,"waterFlow":0,"waterLevel":null}
{"accelerometer":{"x":0,"y":0,"z":0},"floodProbability":null,"landslideProbability":null,"level":"info","message":"Sensor data updated:","rain":0,"soilMoisture":null,"timestamp":"2025-10-28T05:38:15.127Z","vibration":0,"waterFlow":0,"waterLevel":null}
{"accelerometer":{"x":0,"y":0,"z":0},"floodProbability":null,"landslideProbability":null,"level":"info","message":"Sensor data updated:","rain":0,"soilMoisture":null,"timestamp":"2025-10-28T05:38:17.135Z","vibration":0,"waterFlow":0,"waterLevel":null}
{"accelerometer":{"x":0,"y":0,"z":0},"floodProbability":null,"landslideProbability":null,"level":"info","message":"Sensor data updated:","rain":0,"soilMoisture":null,"timestamp":"2025-10-28T05:38:19.141Z","vibration":0,"waterFlow":0,"waterLevel":null}
{"accelerometer":{"x":0,"y":0,"z":0},"floodProbability":null,"landslideProbability":null,"level":"info","message":"Sensor data updated:","rain":0,"soilMoisture":null,"timestamp":"2025-10-28T05:38:21.157Z","vibration":0,"waterFlow":0,"waterLevel":null}
{"accelerometer":{"x":0,"y":0,"z":0},"floodProbability":null,"landslideProbability":null,"level":"info","message":"Sensor data updated:","rain":0,"soilMoisture":null,"timestamp":"2025-10-28T05:38:23.170Z","vibration":0,"waterFlow":0,"waterLevel":null}
{"accelerometer":{"x":0,"y":0,"z":0},"floodProbability":null,"landslideProbability":null,"level":"info","message":"Sensor data updated:","rain":0,"soilMoisture":null,"timestamp":"2025-10-28T05:38:25.181Z","vibration":0,"waterFlow":0,"waterLevel":null}
{"accelerometer":{"x":0,"y":0,"z":0},"floodProbability":null,"landslideProbability":null,"level":"info","message":"Sensor data updated:","rain":0,"soilMoisture":null,"timestamp":"2025-10-28T05:38:27.188Z","vibration":0,"waterFlow":0,"waterLevel":null}
{"accelerometer":{"x":0,"y":0,"z":0},"floodProbability":null,"landslideProbability":null,"level":"info","message":"Sensor data updated:","rain":0,"soilMoisture":null,"timestamp":"2025-10-28T05:38:29.197Z","vibration":0,"waterFlow":0,"waterLevel":null}
{"accelerometer":{"x":0,"y":0,"z":0},"floodProbability":null,"landslideProbability":null,"level":"info","message":"Sensor data updated:","rain":0,"soilMoisture":null,"timestamp":"2025-10-28T05:38:31.206Z","vibration":0,"waterFlow":0,"waterLevel":null}
{"accelerometer":{"x":0,"y":0,"z":0},"floodProbability":null,"landslideProbability":null,"level":"info","message":"Sensor data updated:","rain":0,"soilMoisture":null,"timestamp":"2025-10-28T05:38:33.213Z","vibration":0,"waterFlow":0,"waterLevel":null}
{"accelerometer":{"x":0,"y":0,"z":0},"floodProbability":null,"landslideProbability":null,"level":"info","message":"Sensor data updated:","rain":0,"soilMoisture":null,"timestamp":"2025-10-28T05:38:35.220Z","vibration":0,"waterFlow":0,"waterLevel":null}
{"accelerometer":{"x":0,"y":0,"z":0},"floodProbability":null,"landslideProbability":null,"level":"info","message":"Sensor data updated:","rain":0,"soilMoisture":null,"timestamp":"2025-10-28T05:38:37.225Z","vibration":0,"waterFlow":0,"waterLevel":null}
{"accelerometer":{"x":0,"y":0,"z":0},"floodProbability":null,"landslideProbability":null,"level":"info","message":"Sensor data updated:","rain":0,"soilMoisture":null,"timestamp":"2025-10-28T05:38:39.229Z","vibration":0,"waterFlow":0,"waterLevel":null}
{"accelerometer":{"x":0,"y":0,"z":0},"floodProbability":null,"landslideProbability":null,"level":"info","message":"Sensor data updated:","rain":0,"soilMoisture":null,"timestamp":"2025-10-28T05:38:41.241Z","vibration":0,"waterFlow":0,"waterLevel":null}
{"accelerometer":{"x":0,"y":0,"z":0},"floodProbability":null,"landslideProbability":null,"level":"info","message":"Sensor data updated:","rain":0,"soilMoisture":null,"timestamp":"2025-10-28T05:38:43.249Z","vibration":0,"waterFlow":0,"waterLevel":null}
{"accelerometer":{"x":0,"y":0,"z":0},"floodProbability":null,"landslideProbability":null,"level":"info","message":"Sensor data updated:","rain":0,"soilMoisture":null,"timestamp":"2025-10-28T05:38:45.265Z","vibration":0,"waterFlow":0,"waterLevel":null}
{"accelerometer":{"x":0,"y":0,"z":0},"floodProbability":null,"landslideProbability":null,"level":"info","message":"Sensor data updated:","rain":0,"soilMoisture":null,"timestamp":"2025-10-28T05:38:47.277Z","vibration":0,"waterFlow":0,"waterLevel":null}
{"accelerometer":{"x":0,"y":0,"z":0},"floodProbability":null,"landslideProbability":null,"level":"info","message":"Sensor data updated:","rain":0,"soilMoisture":null,"timestamp":"2025-10-28T05:38:49.288Z","vibration":0,"waterFlow":0,"waterLevel":null}
{"accelerometer":{"x":0,"y":0,"z":0},"floodProbability":null,"landslideProbability":null,"level":"info","message":"Sensor data updated:","rain":0,"soilMoisture":null,"timestamp":"2025-10-28T05:38:51.293Z","vibration":0,"waterFlow":0,"waterLevel":null}
{"accelerometer":{"x":0,"y":0,"z":0},"floodProbability":null,"landslideProbability":null,"level":"info","message":"Sensor data updated:","rain":0,"soilMoisture":null,"timestamp":"2025-10-28T05:38:53.305Z","vibration":0,"waterFlow":0,"waterLevel":null}
{"accelerometer":{"x":0,"y":0,"z":0},"floodProbability":null,"landslideProbability":null,"level":"info","message":"Sensor data updated:","rain":0,"soilMoisture":null,"timestamp":"2025-10-28T05:38:55.316Z","vibration":0,"waterFlow":0,"waterLevel":null}
{"accelerometer":{"x":0,"y":0,"z":0},"floodProbability":null,"landslideProbability":null,"level":"info","message":"Sensor data updated:","rain":0,"soilMoisture":null,"timestamp":"2025-10-28T05:38:57.331Z","vibration":0,"waterFlow":0,"waterLevel":null}
{"accelerometer":{"x":0,"y":0,"z":0},"floodProbability":null,"landslideProbability":null,"level":"info","message":"Sensor data updated:","rain":0,"soilMoisture":null,"timestamp":"2025-10-28T05:38:59.342Z","vibration":0,"waterFlow":0,"waterLevel":null}
{"accelerometer":{"x":0,"y":0,"z":0},"floodProbability":null,"landslideProbability":null,"level":"info","message":"Sensor data updated:","rain":0,"soilMoisture":null,"timestamp":"2025-10-28T05:39:01.346Z","vibration":0,"waterFlow":0,"waterLevel":null}
{"accelerometer":{"x":0,"y":0,"z":0},"floodProbability":null,"landslideProbability":null,"level":"info","message":"Sensor data updated:","rain":0,"soilMoisture":null,"timestamp":"2025-10-28T05:39:03.355Z","vibration":0,"waterFlow":0,"waterLevel":null}
{"accelerometer":{"x":0,"y":0,"z":0},"floodProbability":null,"landslideProbability":null,"level":"info","message":"Sensor data updated:","rain":0,"soilMoisture":null,"timestamp":"2025-10-28T05:39:05.369Z","vibration":0,"waterFlow":0,"waterLevel":null}
{"accelerometer":{"x":0,"y":0,"z":0},"floodProbability":null,"landslideProbability":null,"level":"info","message":"Sensor data updated:","rain":0,"soilMoisture":null,"timestamp":"2025-10-28T05:39:07.378Z","vibration":0,"waterFlow":0,"waterLevel":null}
{"accelerometer":{"x":0,"y":0,"z":0},"floodProbability":null,"landslideProbability":null,"level":"info","message":"Sensor data updated:","rain":0,"soilMoisture":null,"timestamp":"2025-10-28T05:39:09.386Z","vibration":0,"waterFlow":0,"waterLevel":null}
{"accelerometer":{"x":0,"y":0,"z":0},"floodProbability":null,"landslideProbability":null,"level":"info","message":"Sensor data updated:","rain":0,"soilMoisture":null,"timestamp":"2025-10-28T05:39:11.395Z","vibration":0,"waterFlow":0,"waterLevel":null}
{"accelerometer":{"x":0,"y":0,"z":0},"floodProbability":null,"landslideProbability":null,"level":"info","message":"Sensor data updated:","rain":0,"soilMoisture":null,"timestamp":"2025-10-28T05:39:13.402Z","vibration":0,"waterFlow":0,"waterLevel":null}
{"accelerometer":{"x":0,"y":0,"z":0},"floodProbability":null,"landslideProbability":null,"level":"info","message":"Sensor data updated:","rain":0,"soilMoisture":null,"timestamp":"2025-10-28T05:39:15.412Z","vibration":0,"waterFlow":0,"waterLevel":null}
{"accelerometer":{"x":0,"y":0,"z":0},"floodProbability":null,"landslideProbability":null,"level":"info","message":"Sensor data updated:","rain":0,"soilMoisture":null,"timestamp":"2025-10-28T05:39:17.454Z","vibration":0,"waterFlow":0,"waterLevel":null}
{"accelerometer":{"x":0,"y":0,"z":0},"floodProbability":null,"landslideProbability":null,"level":"info","message":"Sensor data updated:","rain":0,"soilMoisture":null,"timestamp":"2025-10-28T05:39:19.460Z","vibration":0,"waterFlow":0,"waterLevel":null}
{"accelerometer":{"x":0,"y":0,"z":0},"floodProbability":null,"landslideProbability":null,"level":"info","message":"Sensor data updated:","rain":0,"soilMoisture":null,"timestamp":"2025-10-28T05:39:21.472Z","vibration":0,"waterFlow":0,"waterLevel":null}
{"accelerometer":{"x":0,"y":0,"z":0},"floodProbability":null,"landslideProbability":null,"level":"info","message":"Sensor data updated:","rain":0,"soilMoisture":null,"timestamp":"2025-10-28T05:39:23.483Z","vibration":0,"waterFlow":0,"waterLevel":null}
{"accelerometer":{"x":0,"y":0,"z":0},"floodProbability":null,"landslideProbability":null,"level":"info","message":"Sensor data updated:","rain":0,"soilMoisture":null,"timestamp":"2025-10-28T05:39:25.495Z","vibration":0,"waterFlow":0,"waterLevel":null}
{"accelerometer":{"x":0,"y":0,"z":0},"floodProbability":null,"landslideProbability":null,"level":"info","message":"Sensor data updated:","rain":0,"soilMoisture":null,"timestamp":"2025-10-28T05:39:27.501Z","vibration":0,"waterFlow":0,"waterLevel":null}
{"accelerometer":{"x":0,"y":0,"z":0},"floodProbability":null,"landslideProbability":null,"level":"info","message":"Sensor data updated:","rain":0,"soilMoisture":null,"timestamp":"2025-10-28T05:39:29.514Z","vibration":0,"waterFlow":0,"waterLevel":null}
{"accelerometer":{"x":0,"y":0,"z":0},"floodProbability":null,"landslideProbability":null,"level":"info","message":"Sensor data updated:","rain":0,"soilMoisture":null,"timestamp":"2025-10-28T05:39:31.517Z","vibration":0,"waterFlow":0,"waterLevel":null}
{"accelerometer":{"x":0,"y":0,"z":0},"floodProbability":null,"landslideProbability":null,"level":"info","message":"Sensor data updated:","rain":0,"soilMoisture":null,"timestamp":"2025-10-28T05:39:33.527Z","vibration":0,"waterFlow":0,"waterLevel":null}
{"accelerometer":{"x":0,"y":0,"z":0},"floodProbability":null,"landslideProbability":null,"level":"info","message":"Sensor data updated:","rain":0,"soilMoisture":null,"timestamp":"2025-10-28T05:39:35.532Z","vibration":0,"waterFlow":0,"waterLevel":null}
{"accelerometer":{"x":0,"y":0,"z":0},"floodProbability":null,"landslideProbability":null,"level":"info","message":"Sensor data updated:","rain":0,"soilMoisture":null,"timestamp":"2025-10-28T05:39:37.544Z","vibration":0,"waterFlow":0,"waterLevel":null}
{"accelerometer":{"x":0,"y":0,"z":0},"floodProbability":null,"landslideProbability":null,"level":"info","message":"Sensor data updated:","rain":0,"soilMoisture":null,"timestamp":"2025-10-28T05:39:39.546Z","vibration":0,"waterFlow":0,"waterLevel":null}
{"accelerometer":{"x":0,"y":0,"z":0},"floodProbability":null,"landslideProbability":null,"level":"info","message":"Sensor data updated:","rain":0,"soilMoisture":null,"timestamp":"2025-10-28T05:39:41.558Z","vibration":0,"waterFlow":0,"waterLevel":null}
{"accelerometer":{"x":0,"y":0,"z":0},"floodProbability":null,"landslideProbability":null,"level":"info","message":"Sensor data updated:","rain":0,"soilMoisture":null,"timestamp":"2025-10-28T05:39:43.573Z","vibration":0,"waterFlow":0,"waterLevel":null}
{"accelerometer":{"x":0,"y":0,"z":0},"floodProbability":null,"landslideProbability":null,"level":"info","message":"Sensor data updated:","rain":0,"soilMoisture":null,"timestamp":"2025-10-28T05:39:45.573Z","vibration":0,"waterFlow":0,"waterLevel":null}
{"accelerometer":{"x":0,"y":0,"z":0},"floodProbability":null,"landslideProbability":null,"level":"info","message":"Sensor data updated:","rain":0,"soilMoisture":null,"timestamp":"2025-10-28T05:39:47.575Z","vibration":0,"waterFlow":0,"waterLevel":null}
{"accelerometer":{"x":0,"y":0,"z":0},"floodProbability":null,"landslideProbability":null,"level":"info","message":"Sensor data updated:","rain":0,"soilMoisture":null,"timestamp":"2025-10-28T05:39:49.590Z","vibration":0,"waterFlow":0,"waterLevel":null}
{"accelerometer":{"x":0,"y":0,"z":0},"floodProbability":null,"landslideProbability":null,"level":"info","message":"Sensor data updated:","rain":0,"soilMoisture":null,"timestamp":"2025-10-28T05:39:51.604Z","vibration":0,"waterFlow":0,"waterLevel":null}
{"accelerometer":{"x":0,"y":0,"z":0},"floodProbability":null,"landslideProbability":null,"level":"info","message":"Sensor data updated:","rain":0,"soilMoisture":null,"timestamp":"2025-10-28T05:39:53.616Z","vibration":0,"waterFlow":0,"waterLevel":null}
{"accelerometer":{"x":0,"y":0,"z":0},"floodProbability":null,"landslideProbability":null,"level":"info","message":"Sensor data updated:","rain":0,"soilMoisture":null,"timestamp":"2025-10-28T05:39:55.626Z","vibration":0,"waterFlow":0,"waterLevel":null}
{"accelerometer":{"x":0,"y":0,"z":0},"floodProbability":null,"landslideProbability":null,"level":"info","message":"Sensor data updated:","rain":0,"soilMoisture":null,"timestamp":"2025-10-28T05:39:57.635Z","vibration":0,"waterFlow":0,"waterLevel":null}
{"accelerometer":{"x":0,"y":0,"z":0},"floodProbability":null,"landslideProbability":null,"level":"info","message":"Sensor data updated:","rain":0,"soilMoisture":null,"timestamp":"2025-10-28T05:39:59.639Z","vibration":0,"waterFlow":0,"waterLevel":null}
{"accelerometer":{"x":0,"y":0,"z":0},"floodProbability":null,"landslideProbability":null,"level":"info","message":"Sensor data updated:","rain":0,"soilMoisture":null,"timestamp":"2025-10-28T05:40:01.643Z","vibration":0,"waterFlow":0,"waterLevel":null}
{"accelerometer":{"x":0,"y":0,"z":0},"floodProbability":null,"landslideProbability":null,"level":"info","message":"Sensor data updated:","rain":0,"soilMoisture":null,"timestamp":"2025-10-28T05:40:03.644Z","vibration":0,"waterFlow":0,"waterLevel":null}
{"accelerometer":{"x":0,"y":0,"z":0},"floodProbability":null,"landslideProbability":null,"level":"info","message":"Sensor data updated:","rain":0,"soilMoisture":null,"timestamp":"2025-10-28T05:40:05.654Z","vibration":0,"waterFlow":0,"waterLevel":null}
{"accelerometer":{"x":0,"y":0,"z":0},"floodProbability":null,"landslideProbability":null,"level":"info","message":"Sensor data updated:","rain":0,"soilMoisture":null,"timestamp":"2025-10-28T05:40:07.656Z","vibration":0,"waterFlow":0,"waterLevel":null}
{"accelerometer":{"x":0,"y":0,"z":0},"floodProbability":null,"landslideProbability":null,"level":"info","message":"Sensor data updated:","rain":0,"soilMoisture":null,"timestamp":"2025-10-28T05:40:09.656Z","vibration":0,"waterFlow":0,"waterLevel":null}
{"accelerometer":{"x":0,"y":0,"z":0},"floodProbability":null,"landslideProbability":null,"level":"info","message":"Sensor data updated:","rain":0,"soilMoisture":null,"timestamp":"2025-10-28T05:40:11.658Z","vibration":0,"waterFlow":0,"waterLevel":null}
{"accelerometer":{"x":0,"y":0,"z":0},"floodProbability":null,"landslideProbability":null,"level":"info","message":"Sensor data updated:","rain":0,"soilMoisture":null,"timestamp":"2025-10-28T05:40:13.659Z","vibration":0,"waterFlow":0,"waterLevel":null}
{"accelerometer":{"x":0,"y":0,"z":0},"floodProbability":null,"landslideProbability":null,"level":"info","message":"Sensor data updated:","rain":0,"soilMoisture":null,"timestamp":"2025-10-28T05:40:15.664Z","vibration":0,"waterFlow":0,"waterLevel":null}
{"accelerometer":{"x":0,"y":0,"z":0},"floodProbability":null,"landslideProbability":null,"level":"info","message":"Sensor data updated:","rain":0,"soilMoisture":null,"timestamp":"2025-10-28T05:40:17.694Z","vibration":0,"waterFlow":0,"waterLevel":null}
{"accelerometer":{"x":0,"y":0,"z":0},"floodProbability":null,"landslideProbability":null,"level":"info","message":"Sensor data updated:","rain":0,"soilMoisture":null,"timestamp":"2025-10-28T05:40:19.698Z","vibration":0,"waterFlow":0,"waterLevel":null}
{"accelerometer":{"x":0,"y":0,"z":0},"floodProbability":null,"landslideProbability":null,"level":"info","message":"Sensor data updated:","rain":0,"soilMoisture":null,"timestamp":"2025-10-28T05:40:21.700Z","vibration":0,"waterFlow":0,"waterLevel":null}
{"accelerometer":{"x":0,"y":0,"z":0},"floodProbability":null,"landslideProbability":null,"level":"info","message":"Sensor data updated:","rain":0,"soilMoisture":null,"timestamp":"2025-10-28T05:40:23.713Z","vibration":0,"waterFlow":0,"waterLevel":null}
{"accelerometer":{"x":0,"y":0,"z":0},"floodProbability":null,"landslideProbability":null,"level":"info","message":"Sensor data updated:","rain":0,"soilMoisture":null,"timestamp":"2025-10-28T05:40:25.720Z","vibration":0,"waterFlow":0,"waterLevel":null}
{"accelerometer":{"x":0,"y":0,"z":0},"floodProbability":null,"landslideProbability":null,"level":"info","message":"Sensor data updated:","rain":0,"soilMoisture":null,"timestamp":"2025-10-28T05:40:27.730Z","vibration":0,"waterFlow":0,"waterLevel":null}
{"accelerometer":{"x":0,"y":0,"z":0},"floodProbability":null,"landslideProbability":null,"level":"info","message":"Sensor data updated:","rain":0,"soilMoisture":null,"timestamp":"2025-10-28T05:40:29.731Z","vibration":0,"waterFlow":0,"waterLevel":null}
{"accelerometer":{"x":0,"y":0,"z":0},"floodProbability":null,"landslideProbability":null,"level":"info","message":"Sensor data updated:","rain":0,"soilMoisture":null,"timestamp":"2025-10-28T05:40:31.746Z","vibration":0,"waterFlow":0,"waterLevel":null}
{"accelerometer":{"x":0,"y":0,"z":0},"floodProbability":null,"landslideProbability":null,"level":"info","message":"Sensor data updated:","rain":0,"soilMoisture":null,"timestamp":"2025-10-28T05:40:33.749Z","vibration":0,"waterFlow":0,"waterLevel":null}
{"accelerometer":{"x":0,"y":0,"z":0},"floodProbability":null,"landslideProbability":null,"level":"info","message":"Sensor data updated:","rain":0,"soilMoisture":null,"timestamp":"2025-10-28T05:40:35.772Z","vibration":0,"waterFlow":0,"waterLevel":null}
{"accelerometer":{"x":0,"y":0,"z":0},"floodProbability":null,"landslideProbability":null,"level":"info","message":"Sensor data updated:","rain":0,"soilMoisture":null,"timestamp":"2025-10-28T05:40:37.778Z","vibration":0,"waterFlow":0,"waterLevel":null}
{"accelerometer":{"x":0,"y":0,"z":0},"floodProbability":null,"landslideProbability":null,"level":"info","message":"Sensor data updated:","rain":0,"soilMoisture":null,"timestamp":"2025-10-28T05:40:39.792Z","vibration":0,"waterFlow":0,"waterLevel":null}
{"accelerometer":{"x":0,"y":0,"z":0},"floodProbability":null,"landslideProbability":null,"level":"info","message":"Sensor data updated:","rain":0,"soilMoisture":null,"timestamp":"2025-10-28T05:40:41.794Z","vibration":0,"waterFlow":0,"waterLevel":null}
{"accelerometer":{"x":0,"y":0,"z":0},"floodProbability":null,"landslideProbability":null,"level":"info","message":"Sensor data updated:","rain":0,"soilMoisture":null,"timestamp":"2025-10-28T05:40:43.799Z","vibration":0,"waterFlow":0,"waterLevel":null}
{"accelerometer":{"x":0,"y":0,"z":0},"floodProbability":null,"landslideProbability":null,"level":"info","message":"Sensor data updated:","rain":0,"soilMoisture":null,"timestamp":"2025-10-28T05:40:45.814Z","vibration":0,"waterFlow":0,"waterLevel":null}
{"accelerometer":{"x":0,"y":0,"z":0},"floodProbability":null,"landslideProbability":null,"level":"info","message":"Sensor data updated:","rain":0,"soilMoisture":null,"timestamp":"2025-10-28T05:40:47.819Z","vibration":0,"waterFlow":0,"waterLevel":null}
{"accelerometer":{"x":0,"y":0,"z":0},"floodProbability":null,"landslideProbability":null,"level":"info","message":"Sensor data updated:","rain":0,"soilMoisture":null,"timestamp":"2025-10-28T05:40:49.825Z","vibration":0,"waterFlow":0,"waterLevel":null}
{"accelerometer":{"x":0,"y":0,"z":0},"floodProbability":null,"landslideProbability":null,"level":"info","message":"Sensor data updated:","rain":0,"soilMoisture":null,"timestamp":"2025-10-28T05:40:51.838Z","vibration":0,"waterFlow":0,"waterLevel":null}
{"accelerometer":{"x":0,"y":0,"z":0},"floodProbability":null,"landslideProbability":null,"level":"info","message":"Sensor data updated:","rain":0,"soilMoisture":null,"timestamp":"2025-10-28T05:40:53.842Z","vibration":0,"waterFlow":0,"waterLevel":null}
{"accelerometer":{"x":0,"y":0,"z":0},"floodProbability":null,"landslideProbability":null,"level":"info","message":"Sensor data updated:","rain":0,"soilMoisture":null,"timestamp":"2025-10-28T05:40:55.847Z","vibration":0,"waterFlow":0,"waterLevel":null}
{"accelerometer":{"x":0,"y":0,"z":0},"floodProbability":null,"landslideProbability":null,"level":"info","message":"Sensor data updated:","rain":0,"soilMoisture":null,"timestamp":"2025-10-28T05:40:57.854Z","vibration":0,"waterFlow":0,"waterLevel":null}
{"accelerometer":{"x":0,"y":0,"z":0},"floodProbability":null,"landslideProbability":null,"level":"info","message":"Sensor data updated:","rain":0,"soilMoisture":null,"timestamp":"2025-10-28T05:40:59.867Z","vibration":0,"waterFlow":0,"waterLevel":null}
{"accelerometer":{"x":0,"y":0,"z":0},"floodProbability":null,"landslideProbability":null,"level":"info","message":"Sensor data updated:","rain":0,"soilMoisture":null,"timestamp":"2025-10-28T05:41:01.880Z","vibration":0,"waterFlow":0,"waterLevel":null}
{"accelerometer":{"x":0,"y":0,"z":0},"floodProbability":null,"landslideProbability":null,"level":"info","message":"Sensor data updated:","rain":0,"soilMoisture":null,"timestamp":"2025-10-28T05:41:03.888Z","vibration":0,"waterFlow":0,"waterLevel":null}
{"accelerometer":{"x":0,"y":0,"z":0},"floodProbability":null,"landslideProbability":null,"level":"info","message":"Sensor data updated:","rain":0,"soilMoisture":null,"timestamp":"2025-10-28T05:41:05.900Z","vibration":0,"waterFlow":0,"waterLevel":null}
{"accelerometer":{"x":0,"y":0,"z":0},"floodProbability":null,"landslideProbability":null,"level":"info","message":"Sensor data updated:","rain":0,"soilMoisture":null,"timestamp":"2025-10-28T05:41:07.904Z","vibration":0,"waterFlow":0,"waterLevel":null}
{"accelerometer":{"x":0,"y":0,"z":0},"floodProbability":null,"landslideProbability":null,"level":"info","message":"Sensor data updated:","rain":0,"soilMoisture":null,"timestamp":"2025-10-28T05:41:09.909Z","vibration":0,"waterFlow":0,"waterLevel":null}
{"accelerometer":{"x":0,"y":0,"z":0},"floodProbability":null,"landslideProbability":null,"level":"info","message":"Sensor data updated:","rain":0,"soilMoisture":null,"timestamp":"2025-10-28T05:41:11.915Z","vibration":0,"waterFlow":0,"waterLevel":null}
{"accelerometer":{"x":0,"y":0,"z":0},"floodProbability":null,"landslideProbability":null,"level":"info","message":"Sensor data updated:","rain":0,"soilMoisture":null,"timestamp":"2025-10-28T05:41:13.925Z","vibration":0,"waterFlow":0,"waterLevel":null}
{"accelerometer":{"x":0,"y":0,"z":0},"floodProbability":null,"landslideProbability":null,"level":"info","message":"Sensor data updated:","rain":0,"soilMoisture":null,"timestamp":"2025-10-28T05:41:15.926Z","vibration":0,"waterFlow":0,"waterLevel":null}
{"accelerometer":{"x":0,"y":0,"z":0},"floodProbability":null,"landslideProbability":null,"level":"info","message":"Sensor data updated:","rain":0,"soilMoisture":null,"timestamp":"2025-10-28T05:41:17.941Z","vibration":0,"waterFlow":0,"waterLevel":null}
{"accelerometer":{"x":0,"y":0,"z":0},"floodProbability":null,"landslideProbability":null,"level":"info","message":"Sensor data updated:","rain":0,"soilMoisture":null,"timestamp":"2025-10-28T05:41:19.941Z","vibration":0,"waterFlow":0,"waterLevel":null}
{"accelerometer":{"x":0,"y":0,"z":0},"floodProbability":null,"landslideProbability":null,"level":"info","message":"Sensor data updated:","rain":0,"soilMoisture":null,"timestamp":"2025-10-28T05:41:21.951Z","vibration":0,"waterFlow":0,"waterLevel":null}
{"accelerometer":{"x":0,"y":0,"z":0},"floodProbability":null,"landslideProbability":null,"level":"info","message":"Sensor data updated:","rain":0,"soilMoisture":null,"timestamp":"2025-10-28T05:41:23.964Z","vibration":0,"waterFlow":0,"waterLevel":null}
{"accelerometer":{"x":0,"y":0,"z":0},"floodProbability":null,"landslideProbability":null,"level":"info","message":"Sensor data updated:","rain":0,"soilMoisture":null,"timestamp":"2025-10-28T05:41:25.979Z","vibration":0,"waterFlow":0,"waterLevel":null}
{"accelerometer":{"x":0,"y":0,"z":0},"floodProbability":null,"landslideProbability":null,"level":"info","message":"Sensor data updated:","rain":0,"soilMoisture":null,"timestamp":"2025-10-28T05:41:27.992Z","vibration":0,"waterFlow":0,"waterLevel":null}
{"accelerometer":{"x":0,"y":0,"z":0},"floodProbability":null,"landslideProbability":null,"level":"info","message":"Sensor data updated:","rain":0,"soilMoisture":null,"timestamp":"2025-10-28T05:41:29.994Z","vibration":0,"waterFlow":0,"waterLevel":null}
{"accelerometer":{"x":0,"y":0,"z":0},"floodProbability":null,"landslideProbability":null,"level":"info","message":"Sensor data updated:","rain":0,"soilMoisture":null,"timestamp":"2025-10-28T05:41:32.008Z","vibration":0,"waterFlow":0,"waterLevel":null}
{"accelerometer":{"x":0,"y":0,"z":0},"floodProbability":null,"landslideProbability":null,"level":"info","message":"Sensor data updated:","rain":0,"soilMoisture":null,"timestamp":"2025-10-28T05:41:34.021Z","vibration":0,"waterFlow":0,"waterLevel":null}
{"accelerometer":{"x":0,"y":0,"z":0},"floodProbability":null,"landslideProbability":null,"level":"info","message":"Sensor data updated:","rain":0,"soilMoisture":null,"timestamp":"2025-10-28T05:41:36.021Z","vibration":0,"waterFlow":0,"waterLevel":null}
{"accelerometer":{"x":0,"y":0,"z":0},"floodProbability":null,"landslideProbability":null,"level":"info","message":"Sensor data updated:","rain":0,"soilMoisture":null,"timestamp":"2025-10-28T05:41:38.022Z","vibration":0,"waterFlow":0,"waterLevel":null}
{"accelerometer":{"x":0,"y":0,"z":0},"floodProbability":null,"landslideProbability":null,"level":"info","message":"Sensor data updated:","rain":0,"soilMoisture":null,"timestamp":"2025-10-28T05:41:40.022Z","vibration":0,"waterFlow":0,"waterLevel":null}
{"accelerometer":{"x":0,"y":0,"z":0},"floodProbability":null,"landslideProbability":null,"level":"info","message":"Sensor data updated:","rain":0,"soilMoisture":null,"timestamp":"2025-10-28T05:41:42.031Z","vibration":0,"waterFlow":0,"waterLevel":null}
{"accelerometer":{"x":0,"y":0,"z":0},"floodProbability":null,"landslideProbability":null,"level":"info","message":"Sensor data updated:","rain":0,"soilMoisture":null,"timestamp":"2025-10-28T05:41:44.034Z","vibration":0,"waterFlow":0,"waterLevel":null}
{"accelerometer":{"x":0,"y":0,"z":0},"floodProbability":null,"landslideProbability":null,"level":"info","message":"Sensor data updated:","rain":0,"soilMoisture":null,"timestamp":"2025-10-28T05:41:46.035Z","vibration":0,"waterFlow":0,"waterLevel":null}
{"accelerometer":{"x":0,"y":0,"z":0},"floodProbability":null,"landslideProbability":null,"level":"info","message":"Sensor data updated:","rain":0,"soilMoisture":null,"timestamp":"2025-10-28T05:41:48.046Z","vibration":0,"waterFlow":0,"waterLevel":null}
{"accelerometer":{"x":0,"y":0,"z":0},"floodProbability":null,"landslideProbability":null,"level":"info","message":"Sensor data updated:","rain":0,"soilMoisture":null,"timestamp":"2025-10-28T05:41:50.046Z","vibration":0,"waterFlow":0,"waterLevel":null}
{"accelerometer":{"x":0,"y":0,"z":0},"floodProbability":null,"landslideProbability":null,"level":"info","message":"Sensor data updated:","rain":0,"soilMoisture":null,"timestamp":"2025-10-28T05:41:52.052Z","vibration":0,"waterFlow":0,"waterLevel":null}
{"accelerometer":{"x":0,"y":0,"z":0},"floodProbability":null,"landslideProbability":null,"level":"info","message":"Sensor data updated:","rain":0,"soilMoisture":null,"timestamp":"2025-10-28T05:41:54.060Z","vibration":0,"waterFlow":0,"waterLevel":null}
{"accelerometer":{"x":0,"y":0,"z":0},"floodProbability":null,"landslideProbability":null,"level":"info","message":"Sensor data updated:","rain":0,"soilMoisture":null,"timestamp":"2025-10-28T05:41:56.063Z","vibration":0,"waterFlow":0,"waterLevel":null}
{"accelerometer":{"x":0,"y":0,"z":0},"floodProbability":null,"landslideProbability":null,"level":"info","message":"Sensor data updated:","rain":0,"soilMoisture":null,"timestamp":"2025-10-28T05:41:58.077Z","vibration":0,"waterFlow":0,"waterLevel":null}
{"accelerometer":{"x":0,"y":0,"z":0},"floodProbability":null,"landslideProbability":null,"level":"info","message":"Sensor data updated:","rain":0,"soilMoisture":null,"timestamp":"2025-10-28T05:42:00.092Z","vibration":0,"waterFlow":0,"waterLevel":null}
{"accelerometer":{"x":0,"y":0,"z":0},"floodProbability":null,"landslideProbability":null,"level":"info","message":"Sensor data updated:","rain":0,"soilMoisture":null,"timestamp":"2025-10-28T05:42:02.090Z","vibration":0,"waterFlow":0,"waterLevel":null}
{"accelerometer":{"x":0,"y":0,"z":0},"floodProbability":null,"landslideProbability":null,"level":"info","message":"Sensor data updated:","rain":0,"soilMoisture":null,"timestamp":"2025-10-28T05:42:04.094Z","vibration":0,"waterFlow":0,"waterLevel":null}
{"accelerometer":{"x":0,"y":0,"z":0},"floodProbability":null,"landslideProbability":null,"level":"info","message":"Sensor data updated:","rain":0,"soilMoisture":null,"timestamp":"2025-10-28T05:42:06.101Z","vibration":0,"waterFlow":0,"waterLevel":null}
{"accelerometer":{"x":0,"y":0,"z":0},"floodProbability":null,"landslideProbability":null,"level":"info","message":"Sensor data updated:","rain":0,"soilMoisture":null,"timestamp":"2025-10-28T05:42:08.108Z","vibration":0,"waterFlow":0,"waterLevel":null}
{"accelerometer":{"x":0,"y":0,"z":0},"floodProbability":null,"landslideProbability":null,"level":"info","message":"Sensor data updated:","rain":0,"soilMoisture":null,"timestamp":"2025-10-28T05:42:10.113Z","vibration":0,"waterFlow":0,"waterLevel":null}
{"accelerometer":{"x":0,"y":0,"z":0},"floodProbability":null,"landslideProbability":null,"level":"info","message":"Sensor data updated:","rain":0,"soilMoisture":null,"timestamp":"2025-10-28T05:42:12.126Z","vibration":0,"waterFlow":0,"waterLevel":null}
{"accelerometer":{"x":0,"y":0,"z":0},"floodProbability":null,"landslideProbability":null,"level":"info","message":"Sensor data updated:","rain":0,"soilMoisture":null,"timestamp":"2025-10-28T05:42:14.131Z","vibration":0,"waterFlow":0,"waterLevel":null}
{"accelerometer":{"x":0,"y":0,"z":0},"floodProbability":null,"landslideProbability":null,"level":"info","message":"Sensor data updated:","rain":0,"soilMoisture":null,"timestamp":"2025-10-28T05:42:16.141Z","vibration":0,"waterFlow":0,"waterLevel":null}
{"accelerometer":{"x":0,"y":0,"z":0},"floodProbability":null,"landslideProbability":null,"level":"info","message":"Sensor data updated:","rain":0,"soilMoisture":null,"timestamp":"2025-10-28T05:42:18.142Z","vibration":0,"waterFlow":0,"waterLevel":null}
{"accelerometer":{"x":0,"y":0,"z":0},"floodProbability":null,"landslideProbability":null,"level":"info","message":"Sensor data updated:","rain":0,"soilMoisture":null,"timestamp":"2025-10-28T05:42:20.153Z","vibration":0,"waterFlow":0,"waterLevel":null}
{"accelerometer":{"x":0,"y":0,"z":0},"floodProbability":null,"landslideProbability":null,"level":"info","message":"Sensor data updated:","rain":0,"soilMoisture":null,"timestamp":"2025-10-28T05:42:22.169Z","vibration":0,"waterFlow":0,"waterLevel":null}
{"accelerometer":{"x":0,"y":0,"z":0},"floodProbability":null,"landslideProbability":null,"level":"info","message":"Sensor data updated:","rain":0,"soilMoisture":null,"timestamp":"2025-10-28T05:42:24.181Z","vibration":0,"waterFlow":0,"waterLevel":null}
{"accelerometer":{"x":0,"y":0,"z":0},"floodProbability":null,"landslideProbability":null,"level":"info","message":"Sensor data updated:","rain":0,"soilMoisture":null,"timestamp":"2025-10-28T05:42:26.182Z","vibration":0,"waterFlow":0,"waterLevel":null}
{"accelerometer":{"x":0,"y":0,"z":0},"floodProbability":null,"landslideProbability":null,"level":"info","message":"Sensor data updated:","rain":0,"soilMoisture":null,"timestamp":"2025-10-28T05:42:28.189Z","vibration":0,"waterFlow":0,"waterLevel":null}
{"accelerometer":{"x":0,"y":0,"z":0},"floodProbability":null,"landslideProbability":null,"level":"info","message":"Sensor data updated:","rain":0,"soilMoisture":null,"timestamp":"2025-10-28T05:42:30.196Z","vibration":0,"waterFlow":0,"waterLevel":null}
{"accelerometer":{"x":0,"y":0,"z":0},"floodProbability":null,"landslideProbability":null,"level":"info","message":"Sensor data updated:","rain":0,"soilMoisture":null,"timestamp":"2025-10-28T05:42:32.202Z","vibration":0,"waterFlow":0,"waterLevel":null}
{"accelerometer":{"x":0,"y":0,"z":0},"floodProbability":null,"landslideProbability":null,"level":"info","message":"Sensor data updated:","rain":0,"soilMoisture":null,"timestamp":"2025-10-28T05:42:34.204Z","vibration":0,"waterFlow":0,"waterLevel":null}
{"accelerometer":{"x":0,"y":0,"z":0},"floodProbability":null,"landslideProbability":null,"level":"info","message":"Sensor data updated:","rain":0,"soilMoisture":null,"timestamp":"2025-10-28T05:42:36.215Z","vibration":0,"waterFlow":0,"waterLevel":null}
{"accelerometer":{"x":0,"y":0,"z":0},"floodProbability":null,"landslideProbability":null,"level":"info","message":"Sensor data updated:","rain":0,"soilMoisture":null,"timestamp":"2025-10-28T05:42:38.216Z","vibration":0,"waterFlow":0,"waterLevel":null}
{"accelerometer":{"x":0,"y":0,"z":0},"floodProbability":null,"landslideProbability":null,"level":"info","message":"Sensor data updated:","rain":0,"soilMoisture":null,"timestamp":"2025-10-28T05:42:40.230Z","vibration":0,"waterFlow":0,"waterLevel":null}
{"accelerometer":{"x":0,"y":0,"z":0},"floodProbability":null,"landslideProbability":null,"level":"info","message":"Sensor data updated:","rain":0,"soilMoisture":null,"timestamp":"2025-10-28T05:42:42.231Z","vibration":0,"waterFlow":0,"waterLevel":null}
{"accelerometer":{"x":0,"y":0,"z":0},"floodProbability":null,"landslideProbability":null,"level":"info","message":"Sensor data updated:","rain":0,"soilMoisture":null,"timestamp":"2025-10-28T05:42:44.243Z","vibration":0,"waterFlow":0,"waterLevel":null}
{"accelerometer":{"x":0,"y":0,"z":0},"floodProbability":null,"landslideProbability":null,"level":"info","message":"Sensor data updated:","rain":0,"soilMoisture":null,"timestamp":"2025-10-28T05:42:46.258Z","vibration":0,"waterFlow":0,"waterLevel":null}
{"accelerometer":{"x":0,"y":0,"z":0},"floodProbability":null,"landslideProbability":null,"level":"info","message":"Sensor data updated:","rain":0,"soilMoisture":null,"timestamp":"2025-10-28T05:42:48.268Z","vibration":0,"waterFlow":0,"waterLevel":null}
{"accelerometer":{"x":0,"y":0,"z":0},"floodProbability":null,"landslideProbability":null,"level":"info","message":"Sensor data updated:","rain":0,"soilMoisture":null,"timestamp":"2025-10-28T05:42:50.282Z","vibration":0,"waterFlow":0,"waterLevel":null}
{"accelerometer":{"x":0,"y":0,"z":0},"floodProbability":null,"landslideProbability":null,"level":"info","message":"Sensor data updated:","rain":0,"soilMoisture":null,"timestamp":"2025-10-28T05:42:52.290Z","vibration":0,"waterFlow":0,"waterLevel":null}
{"accelerometer":{"x":0,"y":0,"z":0},"floodProbability":null,"landslideProbability":null,"level":"info","message":"Sensor data updated:","rain":0,"soilMoisture":null,"timestamp":"2025-10-28T05:42:54.294Z","vibration":0,"waterFlow":0,"waterLevel":null}
{"accelerometer":{"x":0,"y":0,"z":0},"floodProbability":null,"landslideProbability":null,"level":"info","message":"Sensor data updated:","rain":0,"soilMoisture":null,"timestamp":"2025-10-28T05:42:56.305Z","vibration":0,"waterFlow":0,"waterLevel":null}
{"accelerometer":{"x":0,"y":0,"z":0},"floodProbability":null,"landslideProbability":null,"level":"info","message":"Sensor data updated:","rain":0,"soilMoisture":null,"timestamp":"2025-10-28T05:42:58.306Z","vibration":0,"waterFlow":0,"waterLevel":null}
{"accelerometer":{"x":0,"y":0,"z":0},"floodProbability":null,"landslideProbability":null,"level":"info","message":"Sensor data updated:","rain":0,"soilMoisture":null,"timestamp":"2025-10-28T05:43:00.318Z","vibration":0,"waterFlow":0,"waterLevel":null}
{"accelerometer":{"x":0,"y":0,"z":0},"floodProbability":null,"landslideProbability":null,"level":"info","message":"Sensor data updated:","rain":0,"soilMoisture":null,"timestamp":"2025-10-28T05:43:02.318Z","vibration":0,"waterFlow":0,"waterLevel":null}
{"accelerometer":{"x":0,"y":0,"z":0},"floodProbability":null,"landslideProbability":null,"level":"info","message":"Sensor data updated:","rain":0,"soilMoisture":null,"timestamp":"2025-10-28T05:43:04.320Z","vibration":0,"waterFlow":0,"waterLevel":null}
{"accelerometer":{"x":0,"y":0,"z":0},"floodProbability":null,"landslideProbability":null,"level":"info","message":"Sensor data updated:","rain":0,"soilMoisture":null,"timestamp":"2025-10-28T05:43:06.329Z","vibration":0,"waterFlow":0,"waterLevel":null}
{"accelerometer":{"x":0,"y":0,"z":0},"floodProbability":null,"landslideProbability":null,"level":"info","message":"Sensor data updated:","rain":0,"soilMoisture":null,"timestamp":"2025-10-28T05:43:08.339Z","vibration":0,"waterFlow":0,"waterLevel":null}
{"accelerometer":{"x":0,"y":0,"z":0},"floodProbability":null,"landslideProbability":null,"level":"info","message":"Sensor data updated:","rain":0,"soilMoisture":null,"timestamp":"2025-10-28T05:43:10.347Z","vibration":0,"waterFlow":0,"waterLevel":null}
{"accelerometer":{"x":0,"y":0,"z":0},"floodProbability":null,"landslideProbability":null,"level":"info","message":"Sensor data updated:","rain":0,"soilMoisture":null,"timestamp":"2025-10-28T05:43:12.353Z","vibration":0,"waterFlow":0,"waterLevel":null}
{"accelerometer":{"x":0,"y":0,"z":0},"floodProbability":null,"landslideProbability":null,"level":"info","message":"Sensor data updated:","rain":0,"soilMoisture":null,"timestamp":"2025-10-28T05:43:14.368Z","vibration":0,"waterFlow":0,"waterLevel":null}
{"accelerometer":{"x":0,"y":0,"z":0},"floodProbability":null,"landslideProbability":null,"level":"info","message":"Sensor data updated:","rain":0,"soilMoisture":null,"timestamp":"2025-10-28T05:43:16.381Z","vibration":0,"waterFlow":0,"waterLevel":null}
{"accelerometer":{"x":0,"y":0,"z":0},"floodProbability":null,"landslideProbability":null,"level":"info","message":"Sensor data updated:","rain":0,"soilMoisture":null,"timestamp":"2025-10-28T05:43:18.384Z","vibration":0,"waterFlow":0,"waterLevel":null}
{"accelerometer":{"x":0,"y":0,"z":0},"floodProbability":null,"landslideProbability":null,"level":"info","message":"Sensor data updated:","rain":0,"soilMoisture":null,"timestamp":"2025-10-28T05:43:20.386Z","vibration":0,"waterFlow":0,"waterLevel":null}
{"accelerometer":{"x":0,"y":0,"z":0},"floodProbability":null,"landslideProbability":null,"level":"info","message":"Sensor data updated:","rain":0,"soilMoisture":null,"timestamp":"2025-10-28T05:43:22.394Z","vibration":0,"waterFlow":0,"waterLevel":null}
{"accelerometer":{"x":0,"y":0,"z":0},"floodProbability":null,"landslideProbability":null,"level":"info","message":"Sensor data updated:","rain":0,"soilMoisture":null,"timestamp":"2025-10-28T05:43:24.396Z","vibration":0,"waterFlow":0,"waterLevel":null}
{"accelerometer":{"x":0,"y":0,"z":0},"floodProbability":null,"landslideProbability":null,"level":"info","message":"Sensor data updated:","rain":0,"soilMoisture":null,"timestamp":"2025-10-28T05:43:26.403Z","vibration":0,"waterFlow":0,"waterLevel":null}
{"accelerometer":{"x":0,"y":0,"z":0},"floodProbability":null,"landslideProbability":null,"level":"info","message":"Sensor data updated:","rain":0,"soilMoisture":null,"timestamp":"2025-10-28T05:43:28.416Z","vibration":0,"waterFlow":0,"waterLevel":null}
{"accelerometer":{"x":0,"y":0,"z":0},"floodProbability":null,"landslideProbability":null,"level":"info","message":"Sensor data updated:","rain":0,"soilMoisture":null,"timestamp":"2025-10-28T05:43:30.416Z","vibration":0,"waterFlow":0,"waterLevel":null}
{"accelerometer":{"x":0,"y":0,"z":0},"floodProbability":null,"landslideProbability":null,"level":"info","message":"Sensor data updated:","rain":0,"soilMoisture":null,"timestamp":"2025-10-28T05:43:32.421Z","vibration":0,"waterFlow":0,"waterLevel":null}
{"accelerometer":{"x":0,"y":0,"z":0},"floodProbability":null,"landslideProbability":null,"level":"info","message":"Sensor data updated:","rain":0,"soilMoisture":null,"timestamp":"2025-10-28T05:43:34.435Z","vibration":0,"waterFlow":0,"waterLevel":null}
{"accelerometer":{"x":0,"y":0,"z":0},"floodProbability":null,"landslideProbability":null,"level":"info","message":"Sensor data updated:","rain":0,"soilMoisture":null,"timestamp":"2025-10-28T05:43:36.445Z","vibration":0,"waterFlow":0,"waterLevel":null}
{"accelerometer":{"x":0,"y":0,"z":0},"floodProbability":null,"landslideProbability":null,"level":"info","message":"Sensor data updated:","rain":0,"soilMoisture":null,"timestamp":"2025-10-28T05:43:38.455Z","vibration":0,"waterFlow":0,"waterLevel":null}
{"accelerometer":{"x":0,"y":0,"z":0},"floodProbability":null,"landslideProbability":null,"level":"info","message":"Sensor data updated:","rain":0,"soilMoisture":null,"timestamp":"2025-10-28T05:43:40.462Z","vibration":0,"waterFlow":0,"waterLevel":null}
{"accelerometer":{"x":0,"y":0,"z":0},"floodProbability":null,"landslideProbability":null,"level":"info","message":"Sensor data updated:","rain":0,"soilMoisture":null,"timestamp":"2025-10-28T05:43:42.463Z","vibration":0,"waterFlow":0,"waterLevel":null}
{"accelerometer":{"x":0,"y":0,"z":0},"floodProbability":null,"landslideProbability":null,"level":"info","message":"Sensor data updated:","rain":0,"soilMoisture":null,"timestamp":"2025-10-28T05:43:44.478Z","vibration":0,"waterFlow":0,"waterLevel":null}
{"accelerometer":{"x":0,"y":0,"z":0},"floodProbability":null,"landslideProbability":null,"level":"info","message":"Sensor data updated:","rain":0,"soilMoisture":null,"timestamp":"2025-10-28T05:43:46.490Z","vibration":0,"waterFlow":0,"waterLevel":null}
{"accelerometer":{"x":0,"y":0,"z":0},"floodProbability":null,"landslideProbability":null,"level":"info","message":"Sensor data updated:","rain":0,"soilMoisture":null,"timestamp":"2025-10-28T05:43:48.509Z","vibration":0,"waterFlow":0,"waterLevel":null}
{"accelerometer":{"x":0,"y":0,"z":0},"floodProbability":null,"landslideProbability":null,"level":"info","message":"Sensor data updated:","rain":0,"soilMoisture":null,"timestamp":"2025-10-28T05:43:50.520Z","vibration":0,"waterFlow":0,"waterLevel":null}
{"accelerometer":{"x":0,"y":0,"z":0},"floodProbability":null,"landslideProbability":null,"level":"info","message":"Sensor data updated:","rain":0,"soilMoisture":null,"timestamp":"2025-10-28T05:43:52.534Z","vibration":0,"waterFlow":0,"waterLevel":null}
{"accelerometer":{"x":0,"y":0,"z":0},"floodProbability":null,"landslideProbability":null,"level":"info","message":"Sensor data updated:","rain":0,"soilMoisture":null,"timestamp":"2025-10-28T05:43:54.547Z","vibration":0,"waterFlow":0,"waterLevel":null}
{"accelerometer":{"x":0,"y":0,"z":0},"floodProbability":null,"landslideProbability":null,"level":"info","message":"Sensor data updated:","rain":0,"soilMoisture":null,"timestamp":"2025-10-28T05:43:56.555Z","vibration":0,"waterFlow":0,"waterLevel":null}
{"accelerometer":{"x":0,"y":0,"z":0},"floodProbability":null,"landslideProbability":null,"level":"info","message":"Sensor data updated:","rain":0,"soilMoisture":null,"timestamp":"2025-10-28T05:43:58.555Z","vibration":0,"waterFlow":0,"waterLevel":null}
{"accelerometer":{"x":0,"y":0,"z":0},"floodProbability":null,"landslideProbability":null,"level":"info","message":"Sensor data updated:","rain":0,"soilMoisture":null,"timestamp":"2025-10-28T05:44:00.564Z","vibration":0,"waterFlow":0,"waterLevel":null}
{"accelerometer":{"x":0,"y":0,"z":0},"floodProbability":null,"landslideProbability":null,"level":"info","message":"Sensor data updated:","rain":0,"soilMoisture":null,"timestamp":"2025-10-28T05:44:02.578Z","vibration":0,"waterFlow":0,"waterLevel":null}
{"accelerometer":{"x":0,"y":0,"z":0},"floodProbability":null,"landslideProbability":null,"level":"info","message":"Sensor data updated:","rain":0,"soilMoisture":null,"timestamp":"2025-10-28T05:44:04.579Z","vibration":0,"waterFlow":0,"waterLevel":null}
{"accelerometer":{"x":0,"y":0,"z":0},"floodProbability":null,"landslideProbability":null,"level":"info","message":"Sensor data updated:","rain":0,"soilMoisture":null,"timestamp":"2025-10-28T05:44:06.589Z","vibration":0,"waterFlow":0,"waterLevel":null}
{"accelerometer":{"x":0,"y":0,"z":0},"floodProbability":null,"landslideProbability":null,"level":"info","message":"Sensor data updated:","rain":0,"soilMoisture":null,"timestamp":"2025-10-28T05:44:08.594Z","vibration":0,"waterFlow":0,"waterLevel":null}
{"accelerometer":{"x":0,"y":0,"z":0},"floodProbability":null,"landslideProbability":null,"level":"info","message":"Sensor data updated:","rain":0,"soilMoisture":null,"timestamp":"2025-10-28T05:44:10.604Z","vibration":0,"waterFlow":0,"waterLevel":null}
{"accelerometer":{"x":0,"y":0,"z":0},"floodProbability":null,"landslideProbability":null,"level":"info","message":"Sensor data updated:","rain":0,"soilMoisture":null,"timestamp":"2025-10-28T05:44:12.612Z","vibration":0,"waterFlow":0,"waterLevel":null}
{"accelerometer":{"x":0,"y":0,"z":0},"floodProbability":null,"landslideProbability":null,"level":"info","message":"Sensor data updated:","rain":0,"soilMoisture":null,"timestamp":"2025-10-28T05:44:14.627Z","vibration":0,"waterFlow":0,"waterLevel":null}
{"accelerometer":{"x":0,"y":0,"z":0},"floodProbability":null,"landslideProbability":null,"level":"info","message":"Sensor data updated:","rain":0,"soilMoisture":null,"timestamp":"2025-10-28T05:44:16.629Z","vibration":0,"waterFlow":0,"waterLevel":null}
{"accelerometer":{"x":0,"y":0,"z":0},"floodProbability":null,"landslideProbability":null,"level":"info","message":"Sensor data updated:","rain":0,"soilMoisture":null,"timestamp":"2025-10-28T05:44:18.632Z","vibration":0,"waterFlow":0,"waterLevel":null}
{"accelerometer":{"x":0,"y":0,"z":0},"floodProbability":null,"landslideProbability":null,"level":"info","message":"Sensor data updated:","rain":0,"soilMoisture":null,"timestamp":"2025-10-28T05:44:20.632Z","vibration":0,"waterFlow":0,"waterLevel":null}
{"accelerometer":{"x":0,"y":0,"z":0},"floodProbability":null,"landslideProbability":null,"level":"info","message":"Sensor data updated:","rain":0,"soilMoisture":null,"timestamp":"2025-10-28T05:44:22.646Z","vibration":0,"waterFlow":0,"waterLevel":null}
{"accelerometer":{"x":0,"y":0,"z":0},"floodProbability":null,"landslideProbability":null,"level":"info","message":"Sensor data updated:","rain":0,"soilMoisture":null,"timestamp":"2025-10-28T05:44:24.661Z","vibration":0,"waterFlow":0,"waterLevel":null}
{"accelerometer":{"x":0,"y":0,"z":0},"floodProbability":null,"landslideProbability":null,"level":"info","message":"Sensor data updated:","rain":0,"soilMoisture":null,"timestamp":"2025-10-28T05:44:26.661Z","vibration":0,"waterFlow":0,"waterLevel":null}
{"accelerometer":{"x":0,"y":0,"z":0},"floodProbability":null,"landslideProbability":null,"level":"info","message":"Sensor data updated:","rain":0,"soilMoisture":null,"timestamp":"2025-10-28T05:44:28.663Z","vibration":0,"waterFlow":0,"waterLevel":null}
{"accelerometer":{"x":0,"y":0,"z":0},"floodProbability":null,"landslideProbability":null,"level":"info","message":"Sensor data updated:","rain":0,"soilMoisture":null,"timestamp":"2025-10-28T05:44:30.665Z","vibration":0,"waterFlow":0,"waterLevel":null}
{"accelerometer":{"x":0,"y":0,"z":0},"floodProbability":null,"landslideProbability":null,"level":"info","message":"Sensor data updated:","rain":0,"soilMoisture":null,"timestamp":"2025-10-28T05:44:32.670Z","vibration":0,"waterFlow":0,"waterLevel":null}
{"accelerometer":{"x":0,"y":0,"z":0},"floodProbability":null,"landslideProbability":null,"level":"info","message":"Sensor data updated:","rain":0,"soilMoisture":null,"timestamp":"2025-10-28T05:44:34.674Z","vibration":0,"waterFlow":0,"waterLevel":null}
{"accelerometer":{"x":0,"y":0,"z":0},"floodProbability":null,"landslideProbability":null,"level":"info","message":"Sensor data updated:","rain":0,"soilMoisture":null,"timestamp":"2025-10-28T05:44:36.686Z","vibration":0,"waterFlow":0,"waterLevel":null}
{"accelerometer":{"x":0,"y":0,"z":0},"floodProbability":null,"landslideProbability":null,"level":"info","message":"Sensor data updated:","rain":0,"soilMoisture":null,"timestamp":"2025-10-28T05:44:38.701Z","vibration":0,"waterFlow":0,"waterLevel":null}
{"accelerometer":{"x":0,"y":0,"z":0},"floodProbability":null,"landslideProbability":null,"level":"info","message":"Sensor data updated:","rain":0,"soilMoisture":null,"timestamp":"2025-10-28T05:44:40.713Z","vibration":0,"waterFlow":0,"waterLevel":null}
{"accelerometer":{"x":0,"y":0,"z":0},"floodProbability":null,"landslideProbability":null,"level":"info","message":"Sensor data updated:","rain":0,"soilMoisture":null,"timestamp":"2025-10-28T05:44:42.715Z","vibration":0,"waterFlow":0,"waterLevel":null}
{"accelerometer":{"x":0,"y":0,"z":0},"floodProbability":null,"landslideProbability":null,"level":"info","message":"Sensor data updated:","rain":0,"soilMoisture":null,"timestamp":"2025-10-28T05:44:44.716Z","vibration":0,"waterFlow":0,"waterLevel":null}
{"accelerometer":{"x":0,"y":0,"z":0},"floodProbability":null,"landslideProbability":null,"level":"info","message":"Sensor data updated:","rain":0,"soilMoisture":null,"timestamp":"2025-10-28T05:44:46.731Z","vibration":0,"waterFlow":0,"waterLevel":null}
{"accelerometer":{"x":0,"y":0,"z":0},"floodProbability":null,"landslideProbability":null,"level":"info","message":"Sensor data updated:","rain":0,"soilMoisture":null,"timestamp":"2025-10-28T05:44:48.746Z","vibration":0,"waterFlow":0,"waterLevel":null}
{"accelerometer":{"x":0,"y":0,"z":0},"floodProbability":null,"landslideProbability":null,"level":"info","message":"Sensor data updated:","rain":0,"soilMoisture":null,"timestamp":"2025-10-28T05:44:50.749Z","vibration":0,"waterFlow":0,"waterLevel":null}
{"accelerometer":{"x":0,"y":0,"z":0},"floodProbability":null,"landslideProbability":null,"level":"info","message":"Sensor data updated:","rain":0,"soilMoisture":null,"timestamp":"2025-10-28T05:44:52.749Z","vibration":0,"waterFlow":0,"waterLevel":null}
{"accelerometer":{"x":0,"y":0,"z":0},"floodProbability":null,"landslideProbability":null,"level":"info","message":"Sensor data updated:","rain":0,"soilMoisture":null,"timestamp":"2025-10-28T05:44:54.755Z","vibration":0,"waterFlow":0,"waterLevel":null}
{"accelerometer":{"x":0,"y":0,"z":0},"floodProbability":null,"landslideProbability":null,"level":"info","message":"Sensor data updated:","rain":0,"soilMoisture":null,"timestamp":"2025-10-28T05:44:56.760Z","vibration":0,"waterFlow":0,"waterLevel":null}
{"accelerometer":{"x":0,"y":0,"z":0},"floodProbability":null,"landslideProbability":null,"level":"info","message":"Sensor data updated:","rain":0,"soilMoisture":null,"timestamp":"2025-10-28T05:44:58.766Z","vibration":0,"waterFlow":0,"waterLevel":null}
{"accelerometer":{"x":0,"y":0,"z":0},"floodProbability":null,"landslideProbability":null,"level":"info","message":"Sensor data updated:","rain":0,"soilMoisture":null,"timestamp":"2025-10-28T05:45:00.776Z","vibration":0,"waterFlow":0,"waterLevel":null}
{"accelerometer":{"x":0,"y":0,"z":0},"floodProbability":null,"landslideProbability":null,"level":"info","message":"Sensor data updated:","rain":0,"soilMoisture":null,"timestamp":"2025-10-28T05:45:02.779Z","vibration":0,"waterFlow":0,"waterLevel":null}
{"accelerometer":{"x":0,"y":0,"z":0},"floodProbability":null,"landslideProbability":null,"level":"info","message":"Sensor data updated:","rain":0,"soilMoisture":null,"timestamp":"2025-10-28T05:45:04.786Z","vibration":0,"waterFlow":0,"waterLevel":null}
{"accelerometer":{"x":0,"y":0,"z":0},"floodProbability":null,"landslideProbability":null,"level":"info","message":"Sensor data updated:","rain":0,"soilMoisture":null,"timestamp":"2025-10-28T05:45:06.800Z","vibration":0,"waterFlow":0,"waterLevel":null}
{"level":"info","message":"Server running on port 3001","timestamp":"2025-10-28T05:45:10.131Z"}
{"level":"info","message":"Serial port COM7 connected","timestamp":"2025-10-28T05:45:10.141Z"}
{"level":"error","message":"Serial port error: Opening COM7: File not found","stack":"Error: Opening COM7: File not found","timestamp":"2025-10-28T05:45:10.148Z"}
{"level":"info","message":"Simulator mode activated","timestamp":"2025-10-28T05:45:10.149Z"}
{"accelerometer":{"x":0,"y":0,"z":0},"floodProbability":0,"landslideProbability":0,"level":"info","message":"Sensor data updated:","rain":0,"soilMoisture":null,"timestamp":"2025-10-28T05:45:12.150Z","vibration":0,"waterFlow":0,"waterLevel":null}
{"accelerometer":{"x":0,"y":0,"z":0},"floodProbability":null,"landslideProbability":null,"level":"info","message":"Sensor data updated:","rain":0,"soilMoisture":null,"timestamp":"2025-10-28T05:45:14.161Z","vibration":0,"waterFlow":0,"waterLevel":null}
{"accelerometer":{"x":0,"y":0,"z":0},"floodProbability":null,"landslideProbability":null,"level":"info","message":"Sensor data updated:","rain":0,"soilMoisture":null,"timestamp":"2025-10-28T05:45:16.172Z","vibration":0,"waterFlow":0,"waterLevel":null}
{"accelerometer":{"x":0,"y":0,"z":0},"floodProbability":null,"landslideProbability":null,"level":"info","message":"Sensor data updated:","rain":0,"soilMoisture":null,"timestamp":"2025-10-28T05:45:18.172Z","vibration":0,"waterFlow":0,"waterLevel":null}
